analyte,value,unit,ref_range_description,ocr_confidence,extraction_confidence,evidence_availability,rule_conflict,analyte_validity,unit_validity,ref_range_validity,target_safety_class,source_dataset
albumin,3.92,g/dL,Normal Range,0.967,0.94,1.0,0.0,1.0,1.0,1.0,0,UCI_CKD_HCV_Synthetic_Doc
potassium,4.46,mmol/L,Normal Range,0.873,0.859,1.0,0.0,1.0,1.0,1.0,0,UCI_CKD_HCV_Synthetic_Doc
bilirubin,0.53,mg/dL,Normal Range,0.948,0.858,1.0,0.0,1.0,1.0,1.0,0,UCI_CKD_HCV_Synthetic_Doc
bilirubin,0.68,mg/dL,Normal Range,0.975,0.882,1.0,0.0,1.0,1.0,1.0,0,UCI_CKD_HCV_Synthetic_Doc
rbc,4.46,millions/uL,Normal Range,0.929,0.915,1.0,0.0,1.0,1.0,1.0,0,UCI_CKD_HCV_Synthetic_Doc
creatinine,0.63,mg/dL,Normal Range,0.929,0.91,1.0,0.0,1.0,1.0,1.0,0,UCI_CKD_HCV_Synthetic_Doc
rbc,4.93,millions/uL,Normal Range,0.907,0.997,1.0,0.0,1.0,1.0,1.0,0,UCI_CKD_HCV_Synthetic_Doc
sodium,135.93,mmol/L,Normal Range,0.857,0.941,1.0,0.0,1.0,1.0,1.0,0,UCI_CKD_HCV_Synthetic_Doc
alt,21.48,U/L,Normal Range,0.991,0.934,1.0,0.0,1.0,1.0,1.0,0,UCI_CKD_HCV_Synthetic_Doc
potassium,4.19,mmol/L,Normal Range,0.896,0.865,1.0,0.0,1.0,1.0,1.0,0,UCI_CKD_HCV_Synthetic_Doc
hemoglobin,15.06,g/dL,Normal Range,0.941,0.975,1.0,0.0,1.0,1.0,1.0,0,UCI_CKD_HCV_Synthetic_Doc
glucose,67.47,mg/dL,Normal Range,0.986,0.889,1.0,0.0,1.0,1.0,1.0,0,UCI_CKD_HCV_Synthetic_Doc
bilirubin,0.67,mg/dL,Normal Range,0.881,0.935,1.0,0.0,1.0,1.0,1.0,0,UCI_CKD_HCV_Synthetic_Doc
urea,52.86,mg/dL,Normal Range,0.966,0.991,1.0,0.0,1.0,1.0,1.0,0,UCI_CKD_HCV_Synthetic_Doc
hemoglobin,14.98,g/dL,Normal Range,0.863,0.879,1.0,0.0,1.0,1.0,1.0,0,UCI_CKD_HCV_Synthetic_Doc
sodium,139.69,mmol/L,Normal Range,0.994,0.977,1.0,0.0,1.0,1.0,1.0,0,UCI_CKD_HCV_Synthetic_Doc
urea,65.11,mg/dL,Normal Range,0.995,0.941,1.0,0.0,1.0,1.0,1.0,0,UCI_CKD_HCV_Synthetic_Doc
sodium,143.28,mmol/L,Normal Range,0.894,0.875,1.0,0.0,1.0,1.0,1.0,0,UCI_CKD_HCV_Synthetic_Doc
sodium,141.33,mmol/L,Normal Range,0.959,0.966,1.0,0.0,1.0,1.0,1.0,0,UCI_CKD_HCV_Synthetic_Doc
alt,35.65,U/L,Normal Range,0.989,0.948,1.0,0.0,1.0,1.0,1.0,0,UCI_CKD_HCV_Synthetic_Doc
rbc,5.0,millions/uL,Normal Range,0.9,0.86,1.0,0.0,1.0,1.0,1.0,0,UCI_CKD_HCV_Synthetic_Doc
albumin,4.69,g/dL,Normal Range,0.95,0.95,1.0,0.0,1.0,1.0,1.0,0,UCI_CKD_HCV_Synthetic_Doc
rbc,5.3,millions/uL,Normal Range,0.921,0.868,1.0,0.0,1.0,1.0,1.0,0,UCI_CKD_HCV_Synthetic_Doc
glucose,102.41,mg/dL,Normal Range,0.964,0.934,1.0,0.0,1.0,1.0,1.0,0,UCI_CKD_HCV_Synthetic_Doc
albumin,4.12,g/dL,Normal Range,0.88,0.984,1.0,0.0,1.0,1.0,1.0,0,UCI_CKD_HCV_Synthetic_Doc
creatinine,0.61,mg/dL,Normal Range,0.897,0.926,1.0,0.0,1.0,1.0,1.0,0,UCI_CKD_HCV_Synthetic_Doc
alt,18.59,U/L,Normal Range,0.963,0.884,1.0,0.0,1.0,1.0,1.0,0,UCI_CKD_HCV_Synthetic_Doc
albumin,3.45,g/dL,Normal Range,0.893,0.874,1.0,0.0,1.0,1.0,1.0,0,UCI_CKD_HCV_Synthetic_Doc
urea,8.0,mg/dL,Normal Range,0.866,0.918,1.0,0.0,1.0,1.0,1.0,0,UCI_CKD_HCV_Synthetic_Doc
rbc,5.34,millions/uL,Normal Range,0.878,0.984,1.0,0.0,1.0,1.0,1.0,0,UCI_CKD_HCV_Synthetic_Doc
wbc,5951.91,/uL,Normal Range,0.903,0.986,1.0,0.0,1.0,1.0,1.0,0,UCI_CKD_HCV_Synthetic_Doc
creatinine,0.86,mg/dL,Normal Range,0.884,0.914,1.0,0.0,1.0,1.0,1.0,0,UCI_CKD_HCV_Synthetic_Doc
hemoglobin,10.8,g/dL,Normal Range,0.875,0.93,1.0,0.0,1.0,1.0,1.0,0,UCI_CKD_HCV_Synthetic_Doc
alt,12.77,U/L,Normal Range,0.954,0.89,1.0,0.0,1.0,1.0,1.0,0,UCI_CKD_HCV_Synthetic_Doc
bilirubin,0.75,mg/dL,Normal Range,0.928,0.955,1.0,0.0,1.0,1.0,1.0,0,UCI_CKD_HCV_Synthetic_Doc
creatinine,1.16,mg/dL,Normal Range,0.86,0.888,1.0,0.0,1.0,1.0,1.0,0,UCI_CKD_HCV_Synthetic_Doc
rbc,4.79,millions/uL,Normal Range,0.895,0.893,1.0,0.0,1.0,1.0,1.0,0,UCI_CKD_HCV_Synthetic_Doc
creatinine,0.33,mg/dL,Normal Range,0.89,0.996,1.0,0.0,1.0,1.0,1.0,0,UCI_CKD_HCV_Synthetic_Doc
rbc,4.68,millions/uL,Normal Range,0.872,0.923,1.0,0.0,1.0,1.0,1.0,0,UCI_CKD_HCV_Synthetic_Doc
ast,32.22,U/L,Normal Range,0.886,0.951,1.0,0.0,1.0,1.0,1.0,0,UCI_CKD_HCV_Synthetic_Doc
wbc,4856.25,/uL,Normal Range,0.97,0.921,1.0,0.0,1.0,1.0,1.0,0,UCI_CKD_HCV_Synthetic_Doc
urea,19.98,mg/dL,Normal Range,0.945,0.93,1.0,0.0,1.0,1.0,1.0,0,UCI_CKD_HCV_Synthetic_Doc
creatinine,1.01,mg/dL,Normal Range,0.954,0.979,1.0,0.0,1.0,1.0,1.0,0,UCI_CKD_HCV_Synthetic_Doc
rbc,4.08,millions/uL,Normal Range,0.952,0.852,1.0,0.0,1.0,1.0,1.0,0,UCI_CKD_HCV_Synthetic_Doc
glucose,81.6,mg/dL,Normal Range,0.864,0.991,1.0,0.0,1.0,1.0,1.0,0,UCI_CKD_HCV_Synthetic_Doc
bilirubin,1.13,mg/dL,Normal Range,0.908,0.991,1.0,0.0,1.0,1.0,1.0,0,UCI_CKD_HCV_Synthetic_Doc
creatinine,1.47,mg/dL,Normal Range,0.881,0.931,1.0,0.0,1.0,1.0,1.0,0,UCI_CKD_HCV_Synthetic_Doc
potassium,4.64,mmol/L,Normal Range,0.889,0.949,1.0,0.0,1.0,1.0,1.0,0,UCI_CKD_HCV_Synthetic_Doc
potassium,4.21,mmol/L,Normal Range,0.889,0.999,1.0,0.0,1.0,1.0,1.0,0,UCI_CKD_HCV_Synthetic_Doc
rbc,5.03,millions/uL,Normal Range,0.934,0.982,1.0,0.0,1.0,1.0,1.0,0,UCI_CKD_HCV_Synthetic_Doc
albumin,3.58,g/dL,Normal Range,0.959,0.985,1.0,0.0,1.0,1.0,1.0,0,UCI_CKD_HCV_Synthetic_Doc
bilirubin,0.4,mg/dL,Normal Range,0.911,0.983,1.0,0.0,1.0,1.0,1.0,0,UCI_CKD_HCV_Synthetic_Doc
hemoglobin,13.95,g/dL,Normal Range,0.851,0.865,1.0,0.0,1.0,1.0,1.0,0,UCI_CKD_HCV_Synthetic_Doc
glucose,116.19,mg/dL,Normal Range,0.996,0.893,1.0,0.0,1.0,1.0,1.0,0,UCI_CKD_HCV_Synthetic_Doc
urea,2.0,mg/dL,Normal Range,0.999,0.876,1.0,0.0,1.0,1.0,1.0,0,UCI_CKD_HCV_Synthetic_Doc
hemoglobin,11.89,g/dL,Normal Range,0.886,0.899,1.0,0.0,1.0,1.0,1.0,0,UCI_CKD_HCV_Synthetic_Doc
hemoglobin,16.19,g/dL,Normal Range,0.958,0.896,1.0,0.0,1.0,1.0,1.0,0,UCI_CKD_HCV_Synthetic_Doc
rbc,4.36,millions/uL,Normal Range,0.926,0.945,1.0,0.0,1.0,1.0,1.0,0,UCI_CKD_HCV_Synthetic_Doc
ast,40.3,U/L,Normal Range,0.945,0.969,1.0,0.0,1.0,1.0,1.0,0,UCI_CKD_HCV_Synthetic_Doc
creatinine,0.9,mg/dL,Normal Range,0.937,0.924,1.0,0.0,1.0,1.0,1.0,0,UCI_CKD_HCV_Synthetic_Doc
alt,24.94,U/L,Normal Range,0.936,0.965,1.0,0.0,1.0,1.0,1.0,0,UCI_CKD_HCV_Synthetic_Doc
creatinine,0.37,mg/dL,Normal Range,0.999,0.92,1.0,0.0,1.0,1.0,1.0,0,UCI_CKD_HCV_Synthetic_Doc
alt,28.93,U/L,Normal Range,0.993,0.9,1.0,0.0,1.0,1.0,1.0,0,UCI_CKD_HCV_Synthetic_Doc
alt,31.08,U/L,Normal Range,0.936,0.997,1.0,0.0,1.0,1.0,1.0,0,UCI_CKD_HCV_Synthetic_Doc
hemoglobin,11.81,g/dL,Normal Range,0.978,0.898,1.0,0.0,1.0,1.0,1.0,0,UCI_CKD_HCV_Synthetic_Doc
urea,7.28,mg/dL,Normal Range,0.934,0.99,1.0,0.0,1.0,1.0,1.0,0,UCI_CKD_HCV_Synthetic_Doc
potassium,4.52,mmol/L,Normal Range,0.904,0.888,1.0,0.0,1.0,1.0,1.0,0,UCI_CKD_HCV_Synthetic_Doc
potassium,3.66,mmol/L,Normal Range,0.982,0.961,1.0,0.0,1.0,1.0,1.0,0,UCI_CKD_HCV_Synthetic_Doc
creatinine,1.17,mg/dL,Normal Range,0.933,0.894,1.0,0.0,1.0,1.0,1.0,0,UCI_CKD_HCV_Synthetic_Doc
potassium,3.84,mmol/L,Normal Range,0.972,0.98,1.0,0.0,1.0,1.0,1.0,0,UCI_CKD_HCV_Synthetic_Doc
rbc,5.11,millions/uL,Normal Range,0.97,0.947,1.0,0.0,1.0,1.0,1.0,0,UCI_CKD_HCV_Synthetic_Doc
rbc,7.11,millions/uL,Normal Range,0.983,0.854,1.0,0.0,1.0,1.0,1.0,0,UCI_CKD_HCV_Synthetic_Doc
urea,32.48,mg/dL,Normal Range,0.855,0.92,1.0,0.0,1.0,1.0,1.0,0,UCI_CKD_HCV_Synthetic_Doc
ast,16.02,U/L,Normal Range,0.939,0.855,1.0,0.0,1.0,1.0,1.0,0,UCI_CKD_HCV_Synthetic_Doc
hemoglobin,9.52,g/dL,Normal Range,0.974,0.891,1.0,0.0,1.0,1.0,1.0,0,UCI_CKD_HCV_Synthetic_Doc
rbc,5.06,millions/uL,Normal Range,0.943,0.863,1.0,0.0,1.0,1.0,1.0,0,UCI_CKD_HCV_Synthetic_Doc
hemoglobin,16.83,g/dL,Normal Range,0.871,0.87,1.0,0.0,1.0,1.0,1.0,0,UCI_CKD_HCV_Synthetic_Doc
urea,18.91,mg/dL,Normal Range,0.927,0.898,1.0,0.0,1.0,1.0,1.0,0,UCI_CKD_HCV_Synthetic_Doc
creatinine,0.48,mg/dL,Normal Range,0.962,0.888,1.0,0.0,1.0,1.0,1.0,0,UCI_CKD_HCV_Synthetic_Doc
potassium,3.2,mmol/L,Normal Range,0.994,0.975,1.0,0.0,1.0,1.0,1.0,0,UCI_CKD_HCV_Synthetic_Doc
sodium,137.53,mmol/L,Normal Range,0.987,0.916,1.0,0.0,1.0,1.0,1.0,0,UCI_CKD_HCV_Synthetic_Doc
ast,30.2,U/L,Normal Range,0.957,0.949,1.0,0.0,1.0,1.0,1.0,0,UCI_CKD_HCV_Synthetic_Doc
alt,28.25,U/L,Normal Range,0.949,0.915,1.0,0.0,1.0,1.0,1.0,0,UCI_CKD_HCV_Synthetic_Doc
albumin,5.32,g/dL,Normal Range,0.857,0.935,1.0,0.0,1.0,1.0,1.0,0,UCI_CKD_HCV_Synthetic_Doc
glucose,89.07,mg/dL,Normal Range,0.865,0.924,1.0,0.0,1.0,1.0,1.0,0,UCI_CKD_HCV_Synthetic_Doc
albumin,5.14,g/dL,Normal Range,0.902,0.92,1.0,0.0,1.0,1.0,1.0,0,UCI_CKD_HCV_Synthetic_Doc
alt,44.59,U/L,Normal Range,0.945,0.857,1.0,0.0,1.0,1.0,1.0,0,UCI_CKD_HCV_Synthetic_Doc
potassium,3.48,mmol/L,Normal Range,0.944,0.925,1.0,0.0,1.0,1.0,1.0,0,UCI_CKD_HCV_Synthetic_Doc
creatinine,1.77,mg/dL,Normal Range,0.942,0.992,1.0,0.0,1.0,1.0,1.0,0,UCI_CKD_HCV_Synthetic_Doc
urea,36.21,mg/dL,Normal Range,0.854,0.938,1.0,0.0,1.0,1.0,1.0,0,UCI_CKD_HCV_Synthetic_Doc
wbc,8715.68,/uL,Normal Range,0.936,0.869,1.0,0.0,1.0,1.0,1.0,0,UCI_CKD_HCV_Synthetic_Doc
glucose,120.81,mg/dL,Normal Range,0.973,0.944,1.0,0.0,1.0,1.0,1.0,0,UCI_CKD_HCV_Synthetic_Doc
creatinine,1.11,mg/dL,Normal Range,0.861,0.898,1.0,0.0,1.0,1.0,1.0,0,UCI_CKD_HCV_Synthetic_Doc
potassium,3.89,mmol/L,Normal Range,0.952,0.901,1.0,0.0,1.0,1.0,1.0,0,UCI_CKD_HCV_Synthetic_Doc
glucose,79.44,mg/dL,Normal Range,0.955,0.944,1.0,0.0,1.0,1.0,1.0,0,UCI_CKD_HCV_Synthetic_Doc
bilirubin,0.69,mg/dL,Normal Range,0.96,0.971,1.0,0.0,1.0,1.0,1.0,0,UCI_CKD_HCV_Synthetic_Doc
sodium,130.13,mmol/L,Normal Range,0.935,0.936,1.0,0.0,1.0,1.0,1.0,0,UCI_CKD_HCV_Synthetic_Doc
glucose,129.74,mg/dL,Normal Range,0.912,0.906,1.0,0.0,1.0,1.0,1.0,0,UCI_CKD_HCV_Synthetic_Doc
albumin,4.72,g/dL,Normal Range,0.934,0.886,1.0,0.0,1.0,1.0,1.0,0,UCI_CKD_HCV_Synthetic_Doc
albumin,4.31,g/dL,Normal Range,0.963,0.963,1.0,0.0,1.0,1.0,1.0,0,UCI_CKD_HCV_Synthetic_Doc
sodium,141.53,mmol/L,Normal Range,0.924,0.908,1.0,0.0,1.0,1.0,1.0,0,UCI_CKD_HCV_Synthetic_Doc
wbc,2991.68,/uL,Normal Range,0.865,0.858,1.0,0.0,1.0,1.0,1.0,0,UCI_CKD_HCV_Synthetic_Doc
sodium,137.35,mmol/L,Normal Range,0.994,0.952,1.0,0.0,1.0,1.0,1.0,0,UCI_CKD_HCV_Synthetic_Doc
hemoglobin,15.47,g/dL,Normal Range,0.936,0.945,1.0,0.0,1.0,1.0,1.0,0,UCI_CKD_HCV_Synthetic_Doc
alt,27.42,U/L,Normal Range,0.933,0.882,1.0,0.0,1.0,1.0,1.0,0,UCI_CKD_HCV_Synthetic_Doc
alt,15.34,U/L,Normal Range,0.969,0.968,1.0,0.0,1.0,1.0,1.0,0,UCI_CKD_HCV_Synthetic_Doc
alt,16.61,U/L,Normal Range,0.932,0.916,1.0,0.0,1.0,1.0,1.0,0,UCI_CKD_HCV_Synthetic_Doc
albumin,4.2,g/dL,Normal Range,0.932,0.956,1.0,0.0,1.0,1.0,1.0,0,UCI_CKD_HCV_Synthetic_Doc
rbc,5.33,millions/uL,Normal Range,0.98,0.976,1.0,0.0,1.0,1.0,1.0,0,UCI_CKD_HCV_Synthetic_Doc
bilirubin,0.95,mg/dL,Normal Range,0.861,0.973,1.0,0.0,1.0,1.0,1.0,0,UCI_CKD_HCV_Synthetic_Doc
potassium,4.22,mmol/L,Normal Range,0.885,0.937,1.0,0.0,1.0,1.0,1.0,0,UCI_CKD_HCV_Synthetic_Doc
creatinine,0.53,mg/dL,Normal Range,0.982,0.886,1.0,0.0,1.0,1.0,1.0,0,UCI_CKD_HCV_Synthetic_Doc
albumin,3.84,g/dL,Normal Range,0.967,0.934,1.0,0.0,1.0,1.0,1.0,0,UCI_CKD_HCV_Synthetic_Doc
wbc,7073.11,/uL,Normal Range,0.887,0.9,1.0,0.0,1.0,1.0,1.0,0,UCI_CKD_HCV_Synthetic_Doc
glucose,80.64,mg/dL,Normal Range,0.936,0.961,1.0,0.0,1.0,1.0,1.0,0,UCI_CKD_HCV_Synthetic_Doc
bilirubin,0.35,mg/dL,Normal Range,0.868,0.947,1.0,0.0,1.0,1.0,1.0,0,UCI_CKD_HCV_Synthetic_Doc
creatinine,0.56,mg/dL,Normal Range,0.91,0.922,1.0,0.0,1.0,1.0,1.0,0,UCI_CKD_HCV_Synthetic_Doc
sodium,142.05,mmol/L,Normal Range,0.98,0.884,1.0,0.0,1.0,1.0,1.0,0,UCI_CKD_HCV_Synthetic_Doc
ast,1.45,U/L,Normal Range,0.857,0.989,1.0,0.0,1.0,1.0,1.0,0,UCI_CKD_HCV_Synthetic_Doc
rbc,5.16,millions/uL,Normal Range,0.861,0.933,1.0,0.0,1.0,1.0,1.0,0,UCI_CKD_HCV_Synthetic_Doc
hemoglobin,12.1,g/dL,Normal Range,0.999,0.955,1.0,0.0,1.0,1.0,1.0,0,UCI_CKD_HCV_Synthetic_Doc
glucose,70.82,mg/dL,Normal Range,0.985,0.857,1.0,0.0,1.0,1.0,1.0,0,UCI_CKD_HCV_Synthetic_Doc
rbc,4.27,millions/uL,Normal Range,0.9,0.875,1.0,0.0,1.0,1.0,1.0,0,UCI_CKD_HCV_Synthetic_Doc
hemoglobin,13.03,g/dL,Normal Range,0.92,0.903,1.0,0.0,1.0,1.0,1.0,0,UCI_CKD_HCV_Synthetic_Doc
urea,18.03,mg/dL,Normal Range,0.889,0.918,1.0,0.0,1.0,1.0,1.0,0,UCI_CKD_HCV_Synthetic_Doc
creatinine,0.46,mg/dL,Normal Range,0.892,0.912,1.0,0.0,1.0,1.0,1.0,0,UCI_CKD_HCV_Synthetic_Doc
rbc,4.41,millions/uL,Normal Range,0.861,0.991,1.0,0.0,1.0,1.0,1.0,0,UCI_CKD_HCV_Synthetic_Doc
glucose,84.91,mg/dL,Normal Range,0.959,0.942,1.0,0.0,1.0,1.0,1.0,0,UCI_CKD_HCV_Synthetic_Doc
urea,11.52,mg/dL,Normal Range,0.912,0.967,1.0,0.0,1.0,1.0,1.0,0,UCI_CKD_HCV_Synthetic_Doc
urea,32.84,mg/dL,Normal Range,0.998,0.873,1.0,0.0,1.0,1.0,1.0,0,UCI_CKD_HCV_Synthetic_Doc
alt,17.61,U/L,Normal Range,0.974,0.935,1.0,0.0,1.0,1.0,1.0,0,UCI_CKD_HCV_Synthetic_Doc
creatinine,1.57,mg/dL,Normal Range,0.92,0.912,1.0,0.0,1.0,1.0,1.0,0,UCI_CKD_HCV_Synthetic_Doc
creatinine,1.14,mg/dL,Normal Range,0.962,0.987,1.0,0.0,1.0,1.0,1.0,0,UCI_CKD_HCV_Synthetic_Doc
albumin,5.16,g/dL,Normal Range,0.965,0.992,1.0,0.0,1.0,1.0,1.0,0,UCI_CKD_HCV_Synthetic_Doc
potassium,3.52,mmol/L,Normal Range,0.881,0.888,1.0,0.0,1.0,1.0,1.0,0,UCI_CKD_HCV_Synthetic_Doc
hemoglobin,12.23,g/dL,Normal Range,0.884,0.951,1.0,0.0,1.0,1.0,1.0,0,UCI_CKD_HCV_Synthetic_Doc
urea,17.58,mg/dL,Normal Range,0.951,0.928,1.0,0.0,1.0,1.0,1.0,0,UCI_CKD_HCV_Synthetic_Doc
ast,23.75,U/L,Normal Range,0.975,0.896,1.0,0.0,1.0,1.0,1.0,0,UCI_CKD_HCV_Synthetic_Doc
creatinine,1.82,mg/dL,Normal Range,0.981,0.911,1.0,0.0,1.0,1.0,1.0,0,UCI_CKD_HCV_Synthetic_Doc
albumin,5.08,g/dL,Normal Range,0.963,0.943,1.0,0.0,1.0,1.0,1.0,0,UCI_CKD_HCV_Synthetic_Doc
urea,33.05,mg/dL,Normal Range,0.941,0.945,1.0,0.0,1.0,1.0,1.0,0,UCI_CKD_HCV_Synthetic_Doc
wbc,7599.15,/uL,Normal Range,0.864,0.959,1.0,0.0,1.0,1.0,1.0,0,UCI_CKD_HCV_Synthetic_Doc
sodium,145.01,mmol/L,Normal Range,0.909,0.943,1.0,0.0,1.0,1.0,1.0,0,UCI_CKD_HCV_Synthetic_Doc
glucose,96.85,mg/dL,Normal Range,0.955,0.969,1.0,0.0,1.0,1.0,1.0,0,UCI_CKD_HCV_Synthetic_Doc
potassium,4.19,mmol/L,Normal Range,0.889,0.919,1.0,0.0,1.0,1.0,1.0,0,UCI_CKD_HCV_Synthetic_Doc
urea,41.95,mg/dL,Normal Range,0.943,0.902,1.0,0.0,1.0,1.0,1.0,0,UCI_CKD_HCV_Synthetic_Doc
wbc,3861.4,/uL,Normal Range,0.931,0.919,1.0,0.0,1.0,1.0,1.0,0,UCI_CKD_HCV_Synthetic_Doc
wbc,9329.21,/uL,Normal Range,0.871,0.946,1.0,0.0,1.0,1.0,1.0,0,UCI_CKD_HCV_Synthetic_Doc
bilirubin,0.57,mg/dL,Normal Range,0.981,0.927,1.0,0.0,1.0,1.0,1.0,0,UCI_CKD_HCV_Synthetic_Doc
urea,55.11,mg/dL,Normal Range,0.94,0.884,1.0,0.0,1.0,1.0,1.0,0,UCI_CKD_HCV_Synthetic_Doc
alt,18.64,U/L,Normal Range,0.877,0.863,1.0,0.0,1.0,1.0,1.0,0,UCI_CKD_HCV_Synthetic_Doc
creatinine,0.68,mg/dL,Normal Range,0.93,0.903,1.0,0.0,1.0,1.0,1.0,0,UCI_CKD_HCV_Synthetic_Doc
urea,24.38,mg/dL,Normal Range,0.898,0.864,1.0,0.0,1.0,1.0,1.0,0,UCI_CKD_HCV_Synthetic_Doc
sodium,135.73,mmol/L,Normal Range,0.953,0.927,1.0,0.0,1.0,1.0,1.0,0,UCI_CKD_HCV_Synthetic_Doc
wbc,9202.71,/uL,Normal Range,0.962,0.878,1.0,0.0,1.0,1.0,1.0,0,UCI_CKD_HCV_Synthetic_Doc
bilirubin,0.61,mg/dL,Normal Range,0.923,0.943,1.0,0.0,1.0,1.0,1.0,0,UCI_CKD_HCV_Synthetic_Doc
albumin,5.09,g/dL,Normal Range,0.859,0.872,1.0,0.0,1.0,1.0,1.0,0,UCI_CKD_HCV_Synthetic_Doc
glucose,101.31,mg/dL,Normal Range,0.957,0.984,1.0,0.0,1.0,1.0,1.0,0,UCI_CKD_HCV_Synthetic_Doc
wbc,5555.46,/uL,Normal Range,0.917,0.93,1.0,0.0,1.0,1.0,1.0,0,UCI_CKD_HCV_Synthetic_Doc
sodium,139.32,mmol/L,Normal Range,0.961,0.877,1.0,0.0,1.0,1.0,1.0,0,UCI_CKD_HCV_Synthetic_Doc
albumin,3.67,g/dL,Normal Range,0.899,0.868,1.0,0.0,1.0,1.0,1.0,0,UCI_CKD_HCV_Synthetic_Doc
creatinine,0.74,mg/dL,Normal Range,0.901,0.921,1.0,0.0,1.0,1.0,1.0,0,UCI_CKD_HCV_Synthetic_Doc
potassium,4.2,mmol/L,Normal Range,0.863,0.931,1.0,0.0,1.0,1.0,1.0,0,UCI_CKD_HCV_Synthetic_Doc
urea,52.2,mg/dL,Normal Range,0.934,0.938,1.0,0.0,1.0,1.0,1.0,0,UCI_CKD_HCV_Synthetic_Doc
rbc,4.57,millions/uL,Normal Range,0.904,0.947,1.0,0.0,1.0,1.0,1.0,0,UCI_CKD_HCV_Synthetic_Doc
urea,19.97,mg/dL,Normal Range,0.887,0.925,1.0,0.0,1.0,1.0,1.0,0,UCI_CKD_HCV_Synthetic_Doc
ast,8.42,U/L,Normal Range,0.865,0.873,1.0,0.0,1.0,1.0,1.0,0,UCI_CKD_HCV_Synthetic_Doc
albumin,4.48,g/dL,Normal Range,0.923,0.978,1.0,0.0,1.0,1.0,1.0,0,UCI_CKD_HCV_Synthetic_Doc
bilirubin,0.1,mg/dL,Normal Range,0.997,0.867,1.0,0.0,1.0,1.0,1.0,0,UCI_CKD_HCV_Synthetic_Doc
urea,40.27,mg/dL,Normal Range,0.936,0.988,1.0,0.0,1.0,1.0,1.0,0,UCI_CKD_HCV_Synthetic_Doc
ast,27.88,U/L,Normal Range,0.958,0.973,1.0,0.0,1.0,1.0,1.0,0,UCI_CKD_HCV_Synthetic_Doc
urea,36.77,mg/dL,Normal Range,0.934,0.936,1.0,0.0,1.0,1.0,1.0,0,UCI_CKD_HCV_Synthetic_Doc
glucose,84.23,mg/dL,Normal Range,0.995,0.957,1.0,0.0,1.0,1.0,1.0,0,UCI_CKD_HCV_Synthetic_Doc
hemoglobin,14.49,g/dL,Normal Range,0.926,0.886,1.0,0.0,1.0,1.0,1.0,0,UCI_CKD_HCV_Synthetic_Doc
creatinine,0.39,mg/dL,Normal Range,0.937,0.873,1.0,0.0,1.0,1.0,1.0,0,UCI_CKD_HCV_Synthetic_Doc
hemoglobin,15.1,g/dL,Normal Range,0.898,0.939,1.0,0.0,1.0,1.0,1.0,0,UCI_CKD_HCV_Synthetic_Doc
ast,15.95,U/L,Normal Range,0.86,0.998,1.0,0.0,1.0,1.0,1.0,0,UCI_CKD_HCV_Synthetic_Doc
bilirubin,0.68,mg/dL,Normal Range,0.971,0.888,1.0,0.0,1.0,1.0,1.0,0,UCI_CKD_HCV_Synthetic_Doc
alt,53.68,U/L,Normal Range,0.969,0.866,1.0,0.0,1.0,1.0,1.0,0,UCI_CKD_HCV_Synthetic_Doc
alt,17.75,U/L,Normal Range,0.975,0.995,1.0,0.0,1.0,1.0,1.0,0,UCI_CKD_HCV_Synthetic_Doc
alt,27.04,U/L,Normal Range,0.877,0.86,1.0,0.0,1.0,1.0,1.0,0,UCI_CKD_HCV_Synthetic_Doc
bilirubin,0.83,mg/dL,Normal Range,0.958,0.857,1.0,0.0,1.0,1.0,1.0,0,UCI_CKD_HCV_Synthetic_Doc
bilirubin,0.96,mg/dL,Normal Range,0.97,0.974,1.0,0.0,1.0,1.0,1.0,0,UCI_CKD_HCV_Synthetic_Doc
alt,33.36,U/L,Normal Range,0.972,0.95,1.0,0.0,1.0,1.0,1.0,0,UCI_CKD_HCV_Synthetic_Doc
potassium,4.06,mmol/L,Normal Range,0.938,0.952,1.0,0.0,1.0,1.0,1.0,0,UCI_CKD_HCV_Synthetic_Doc
bilirubin,0.98,mg/dL,Normal Range,0.916,0.907,1.0,0.0,1.0,1.0,1.0,0,UCI_CKD_HCV_Synthetic_Doc
glucose,112.7,mg/dL,Normal Range,0.916,0.937,1.0,0.0,1.0,1.0,1.0,0,UCI_CKD_HCV_Synthetic_Doc
creatinine,1.88,mg/dL,Normal Range,0.985,0.908,1.0,0.0,1.0,1.0,1.0,0,UCI_CKD_HCV_Synthetic_Doc
alt,27.83,U/L,Normal Range,0.868,0.991,1.0,0.0,1.0,1.0,1.0,0,UCI_CKD_HCV_Synthetic_Doc
albumin,4.59,g/dL,Normal Range,0.96,0.954,1.0,0.0,1.0,1.0,1.0,0,UCI_CKD_HCV_Synthetic_Doc
hemoglobin,14.52,g/dL,Normal Range,0.93,0.984,1.0,0.0,1.0,1.0,1.0,0,UCI_CKD_HCV_Synthetic_Doc
hemoglobin,15.99,g/dL,Normal Range,1.0,0.963,1.0,0.0,1.0,1.0,1.0,0,UCI_CKD_HCV_Synthetic_Doc
alt,19.04,U/L,Normal Range,0.881,0.957,1.0,0.0,1.0,1.0,1.0,0,UCI_CKD_HCV_Synthetic_Doc
alt,29.65,U/L,Normal Range,0.982,0.901,1.0,0.0,1.0,1.0,1.0,0,UCI_CKD_HCV_Synthetic_Doc
ast,0.0,U/L,Normal Range,0.919,0.941,1.0,0.0,1.0,1.0,1.0,0,UCI_CKD_HCV_Synthetic_Doc
bilirubin,1.0,mg/dL,Normal Range,0.872,0.884,1.0,0.0,1.0,1.0,1.0,0,UCI_CKD_HCV_Synthetic_Doc
rbc,5.6,millions/uL,Normal Range,0.957,0.94,1.0,0.0,1.0,1.0,1.0,0,UCI_CKD_HCV_Synthetic_Doc
hemoglobin,17.5,g/dL,Normal Range,0.877,0.986,1.0,0.0,1.0,1.0,1.0,0,UCI_CKD_HCV_Synthetic_Doc
ast,22.3,U/L,Normal Range,0.893,0.942,1.0,0.0,1.0,1.0,1.0,0,UCI_CKD_HCV_Synthetic_Doc
potassium,3.47,mmol/L,Normal Range,0.938,0.926,1.0,0.0,1.0,1.0,1.0,0,UCI_CKD_HCV_Synthetic_Doc
sodium,142.47,mmol/L,Normal Range,0.939,0.865,1.0,0.0,1.0,1.0,1.0,0,UCI_CKD_HCV_Synthetic_Doc
hemoglobin,11.63,g/dL,Normal Range,0.969,0.853,1.0,0.0,1.0,1.0,1.0,0,UCI_CKD_HCV_Synthetic_Doc
potassium,3.9,mmol/L,Normal Range,0.86,0.862,1.0,0.0,1.0,1.0,1.0,0,UCI_CKD_HCV_Synthetic_Doc
bilirubin,1.19,mg/dL,Normal Range,0.976,0.987,1.0,0.0,1.0,1.0,1.0,0,UCI_CKD_HCV_Synthetic_Doc
creatinine,2.02,mg/dL,Normal Range,0.91,0.858,1.0,0.0,1.0,1.0,1.0,0,UCI_CKD_HCV_Synthetic_Doc
sodium,141.1,mmol/L,Normal Range,0.881,0.968,1.0,0.0,1.0,1.0,1.0,0,UCI_CKD_HCV_Synthetic_Doc
potassium,3.69,mmol/L,Normal Range,0.931,0.988,1.0,0.0,1.0,1.0,1.0,0,UCI_CKD_HCV_Synthetic_Doc
urea,5.18,mg/dL,Normal Range,0.92,0.922,1.0,0.0,1.0,1.0,1.0,0,UCI_CKD_HCV_Synthetic_Doc
wbc,4494.47,/uL,Normal Range,0.918,0.871,1.0,0.0,1.0,1.0,1.0,0,UCI_CKD_HCV_Synthetic_Doc
bilirubin,0.72,mg/dL,Normal Range,0.937,0.875,1.0,0.0,1.0,1.0,1.0,0,UCI_CKD_HCV_Synthetic_Doc
alt,22.23,U/L,Normal Range,0.937,0.945,1.0,0.0,1.0,1.0,1.0,0,UCI_CKD_HCV_Synthetic_Doc
rbc,5.22,millions/uL,Normal Range,0.882,0.927,1.0,0.0,1.0,1.0,1.0,0,UCI_CKD_HCV_Synthetic_Doc
creatinine,0.68,mg/dL,Normal Range,1.0,0.925,1.0,0.0,1.0,1.0,1.0,0,UCI_CKD_HCV_Synthetic_Doc
creatinine,0.93,mg/dL,Normal Range,0.896,0.91,1.0,0.0,1.0,1.0,1.0,0,UCI_CKD_HCV_Synthetic_Doc
glucose,99.95,mg/dL,Normal Range,0.881,0.879,1.0,0.0,1.0,1.0,1.0,0,UCI_CKD_HCV_Synthetic_Doc
bilirubin,0.76,mg/dL,Normal Range,0.938,0.894,1.0,0.0,1.0,1.0,1.0,0,UCI_CKD_HCV_Synthetic_Doc
glucose,129.71,mg/dL,Normal Range,0.916,0.91,1.0,0.0,1.0,1.0,1.0,0,UCI_CKD_HCV_Synthetic_Doc
ast,0.0,U/L,Normal Range,0.965,0.865,1.0,0.0,1.0,1.0,1.0,0,UCI_CKD_HCV_Synthetic_Doc
bilirubin,0.38,mg/dL,Normal Range,0.947,0.911,1.0,0.0,1.0,1.0,1.0,0,UCI_CKD_HCV_Synthetic_Doc
albumin,3.81,g/dL,Normal Range,0.997,0.976,1.0,0.0,1.0,1.0,1.0,0,UCI_CKD_HCV_Synthetic_Doc
albumin,4.16,g/dL,Normal Range,0.883,0.885,1.0,0.0,1.0,1.0,1.0,0,UCI_CKD_HCV_Synthetic_Doc
wbc,7559.97,/uL,Normal Range,0.926,0.939,1.0,0.0,1.0,1.0,1.0,0,UCI_CKD_HCV_Synthetic_Doc
sodium,136.9,mmol/L,Normal Range,0.948,0.886,1.0,0.0,1.0,1.0,1.0,0,UCI_CKD_HCV_Synthetic_Doc
urea,37.34,mg/dL,Normal Range,0.971,0.998,1.0,0.0,1.0,1.0,1.0,0,UCI_CKD_HCV_Synthetic_Doc
bilirubin,0.29,mg/dL,Normal Range,0.863,0.945,1.0,0.0,1.0,1.0,1.0,0,UCI_CKD_HCV_Synthetic_Doc
creatinine,0.64,mg/dL,Normal Range,0.881,0.854,1.0,0.0,1.0,1.0,1.0,0,UCI_CKD_HCV_Synthetic_Doc
glucose,53.26,mg/dL,Normal Range,0.984,0.973,1.0,0.0,1.0,1.0,1.0,0,UCI_CKD_HCV_Synthetic_Doc
hemoglobin,17.03,g/dL,Normal Range,0.9,0.974,1.0,0.0,1.0,1.0,1.0,0,UCI_CKD_HCV_Synthetic_Doc
glucose,56.08,mg/dL,Normal Range,0.944,0.911,1.0,0.0,1.0,1.0,1.0,0,UCI_CKD_HCV_Synthetic_Doc
sodium,141.42,mmol/L,Normal Range,0.915,0.894,1.0,0.0,1.0,1.0,1.0,0,UCI_CKD_HCV_Synthetic_Doc
hemoglobin,13.83,g/dL,Normal Range,0.998,0.921,1.0,0.0,1.0,1.0,1.0,0,UCI_CKD_HCV_Synthetic_Doc
creatinine,0.61,mg/dL,Normal Range,0.923,0.927,1.0,0.0,1.0,1.0,1.0,0,UCI_CKD_HCV_Synthetic_Doc
sodium,147.62,mmol/L,Normal Range,0.889,0.871,1.0,0.0,1.0,1.0,1.0,0,UCI_CKD_HCV_Synthetic_Doc
wbc,8844.51,/uL,Normal Range,0.913,0.87,1.0,0.0,1.0,1.0,1.0,0,UCI_CKD_HCV_Synthetic_Doc
urea,5.56,mg/dL,Normal Range,0.933,0.948,1.0,0.0,1.0,1.0,1.0,0,UCI_CKD_HCV_Synthetic_Doc
potassium,4.48,mmol/L,Normal Range,0.958,0.866,1.0,0.0,1.0,1.0,1.0,0,UCI_CKD_HCV_Synthetic_Doc
ast,31.58,U/L,Normal Range,0.94,0.95,1.0,0.0,1.0,1.0,1.0,0,UCI_CKD_HCV_Synthetic_Doc
albumin,4.69,g/dL,Normal Range,0.936,0.976,1.0,0.0,1.0,1.0,1.0,0,UCI_CKD_HCV_Synthetic_Doc
alt,29.6,U/L,Normal Range,0.857,0.875,1.0,0.0,1.0,1.0,1.0,0,UCI_CKD_HCV_Synthetic_Doc
wbc,2760.56,/uL,Normal Range,0.878,0.864,1.0,0.0,1.0,1.0,1.0,0,UCI_CKD_HCV_Synthetic_Doc
glucose,79.71,mg/dL,Normal Range,0.893,0.903,1.0,0.0,1.0,1.0,1.0,0,UCI_CKD_HCV_Synthetic_Doc
creatinine,0.44,mg/dL,Normal Range,0.958,0.942,1.0,0.0,1.0,1.0,1.0,0,UCI_CKD_HCV_Synthetic_Doc
ast,57.14,U/L,Normal Range,0.991,0.96,1.0,0.0,1.0,1.0,1.0,0,UCI_CKD_HCV_Synthetic_Doc
creatinine,0.88,mg/dL,Normal Range,0.89,0.931,1.0,0.0,1.0,1.0,1.0,0,UCI_CKD_HCV_Synthetic_Doc
glucose,80.61,mg/dL,Normal Range,0.924,0.94,1.0,0.0,1.0,1.0,1.0,0,UCI_CKD_HCV_Synthetic_Doc
urea,31.83,mg/dL,Normal Range,0.943,0.921,1.0,0.0,1.0,1.0,1.0,0,UCI_CKD_HCV_Synthetic_Doc
sodium,139.72,mmol/L,Normal Range,0.924,0.953,1.0,0.0,1.0,1.0,1.0,0,UCI_CKD_HCV_Synthetic_Doc
potassium,4.03,mmol/L,Normal Range,0.919,0.861,1.0,0.0,1.0,1.0,1.0,0,UCI_CKD_HCV_Synthetic_Doc
urea,39.49,mg/dL,Normal Range,0.891,0.939,1.0,0.0,1.0,1.0,1.0,0,UCI_CKD_HCV_Synthetic_Doc
glucose,119.31,mg/dL,Normal Range,0.897,0.971,1.0,0.0,1.0,1.0,1.0,0,UCI_CKD_HCV_Synthetic_Doc
creatinine,0.47,mg/dL,Normal Range,0.931,0.981,1.0,0.0,1.0,1.0,1.0,0,UCI_CKD_HCV_Synthetic_Doc
bilirubin,0.73,mg/dL,Normal Range,0.946,0.964,1.0,0.0,1.0,1.0,1.0,0,UCI_CKD_HCV_Synthetic_Doc
alt,35.01,U/L,Normal Range,0.887,0.923,1.0,0.0,1.0,1.0,1.0,0,UCI_CKD_HCV_Synthetic_Doc
wbc,8418.36,/uL,Normal Range,0.998,0.992,1.0,0.0,1.0,1.0,1.0,0,UCI_CKD_HCV_Synthetic_Doc
potassium,3.57,mmol/L,Normal Range,0.897,0.868,1.0,0.0,1.0,1.0,1.0,0,UCI_CKD_HCV_Synthetic_Doc
albumin,5.5,g/dL,Normal Range,0.895,0.989,1.0,0.0,1.0,1.0,1.0,0,UCI_CKD_HCV_Synthetic_Doc
urea,50.35,mg/dL,Normal Range,0.962,0.858,1.0,0.0,1.0,1.0,1.0,0,UCI_CKD_HCV_Synthetic_Doc
glucose,86.01,mg/dL,Normal Range,0.898,0.974,1.0,0.0,1.0,1.0,1.0,0,UCI_CKD_HCV_Synthetic_Doc
creatinine,0.49,mg/dL,Normal Range,0.934,0.922,1.0,0.0,1.0,1.0,1.0,0,UCI_CKD_HCV_Synthetic_Doc
glucose,130.35,mg/dL,Normal Range,0.954,0.901,1.0,0.0,1.0,1.0,1.0,0,UCI_CKD_HCV_Synthetic_Doc
albumin,4.92,g/dL,Normal Range,0.971,0.931,1.0,0.0,1.0,1.0,1.0,0,UCI_CKD_HCV_Synthetic_Doc
ast,1.34,U/L,Normal Range,0.898,0.944,1.0,0.0,1.0,1.0,1.0,0,UCI_CKD_HCV_Synthetic_Doc
potassium,4.09,mmol/L,Normal Range,0.919,0.999,1.0,0.0,1.0,1.0,1.0,0,UCI_CKD_HCV_Synthetic_Doc
wbc,9491.72,/uL,Normal Range,0.981,0.929,1.0,0.0,1.0,1.0,1.0,0,UCI_CKD_HCV_Synthetic_Doc
glucose,94.39,mg/dL,Normal Range,0.937,0.891,1.0,0.0,1.0,1.0,1.0,0,UCI_CKD_HCV_Synthetic_Doc
sodium,136.78,mmol/L,Normal Range,0.965,0.913,1.0,0.0,1.0,1.0,1.0,0,UCI_CKD_HCV_Synthetic_Doc
albumin,5.07,g/dL,Normal Range,0.851,0.92,1.0,0.0,1.0,1.0,1.0,0,UCI_CKD_HCV_Synthetic_Doc
bilirubin,0.85,mg/dL,Normal Range,0.893,0.894,1.0,0.0,1.0,1.0,1.0,0,UCI_CKD_HCV_Synthetic_Doc
alt,24.58,U/L,Normal Range,0.908,0.952,1.0,0.0,1.0,1.0,1.0,0,UCI_CKD_HCV_Synthetic_Doc
rbc,4.94,millions/uL,Normal Range,0.993,0.97,1.0,0.0,1.0,1.0,1.0,0,UCI_CKD_HCV_Synthetic_Doc
alt,23.01,U/L,Normal Range,0.982,0.992,1.0,0.0,1.0,1.0,1.0,0,UCI_CKD_HCV_Synthetic_Doc
wbc,5848.83,/uL,Normal Range,0.986,0.998,1.0,0.0,1.0,1.0,1.0,0,UCI_CKD_HCV_Synthetic_Doc
albumin,4.28,g/dL,Normal Range,0.941,0.927,1.0,0.0,1.0,1.0,1.0,0,UCI_CKD_HCV_Synthetic_Doc
potassium,4.45,mmol/L,Normal Range,0.857,0.908,1.0,0.0,1.0,1.0,1.0,0,UCI_CKD_HCV_Synthetic_Doc
sodium,141.22,mmol/L,Normal Range,0.903,0.859,1.0,0.0,1.0,1.0,1.0,0,UCI_CKD_HCV_Synthetic_Doc
albumin,3.89,g/dL,Normal Range,0.983,0.989,1.0,0.0,1.0,1.0,1.0,0,UCI_CKD_HCV_Synthetic_Doc
potassium,3.35,mmol/L,Normal Range,0.927,0.924,1.0,0.0,1.0,1.0,1.0,0,UCI_CKD_HCV_Synthetic_Doc
creatinine,1.07,mg/dL,Normal Range,0.873,0.972,1.0,0.0,1.0,1.0,1.0,0,UCI_CKD_HCV_Synthetic_Doc
ast,47.3,U/L,Normal Range,0.855,0.984,1.0,0.0,1.0,1.0,1.0,0,UCI_CKD_HCV_Synthetic_Doc
alt,33.2,U/L,Normal Range,0.864,0.982,1.0,0.0,1.0,1.0,1.0,0,UCI_CKD_HCV_Synthetic_Doc
glucose,90.48,mg/dL,Normal Range,0.857,0.978,1.0,0.0,1.0,1.0,1.0,0,UCI_CKD_HCV_Synthetic_Doc
potassium,3.32,mmol/L,Normal Range,0.971,0.948,1.0,0.0,1.0,1.0,1.0,0,UCI_CKD_HCV_Synthetic_Doc
alt,14.13,U/L,Normal Range,0.888,0.851,1.0,0.0,1.0,1.0,1.0,0,UCI_CKD_HCV_Synthetic_Doc
wbc,9449.7,/uL,Normal Range,0.959,0.924,1.0,0.0,1.0,1.0,1.0,0,UCI_CKD_HCV_Synthetic_Doc
ast,40.7,U/L,Normal Range,0.936,0.949,1.0,0.0,1.0,1.0,1.0,0,UCI_CKD_HCV_Synthetic_Doc
bilirubin,0.81,mg/dL,Normal Range,0.935,0.89,1.0,0.0,1.0,1.0,1.0,0,UCI_CKD_HCV_Synthetic_Doc
ast,43.42,U/L,Normal Range,0.887,0.874,1.0,0.0,1.0,1.0,1.0,0,UCI_CKD_HCV_Synthetic_Doc
sodium,139.25,mmol/L,Normal Range,0.9,0.886,1.0,0.0,1.0,1.0,1.0,0,UCI_CKD_HCV_Synthetic_Doc
alt,37.1,U/L,Normal Range,0.963,0.874,1.0,0.0,1.0,1.0,1.0,0,UCI_CKD_HCV_Synthetic_Doc
wbc,10563.38,/uL,Normal Range,0.994,0.92,1.0,0.0,1.0,1.0,1.0,0,UCI_CKD_HCV_Synthetic_Doc
albumin,4.31,g/dL,Normal Range,0.85,0.933,1.0,0.0,1.0,1.0,1.0,0,UCI_CKD_HCV_Synthetic_Doc
rbc,4.71,millions/uL,Normal Range,0.851,0.893,1.0,0.0,1.0,1.0,1.0,0,UCI_CKD_HCV_Synthetic_Doc
wbc,7549.28,/uL,Normal Range,0.889,0.945,1.0,0.0,1.0,1.0,1.0,0,UCI_CKD_HCV_Synthetic_Doc
bilirubin,0.83,mg/dL,Normal Range,0.973,0.869,1.0,0.0,1.0,1.0,1.0,0,UCI_CKD_HCV_Synthetic_Doc
glucose,101.23,mg/dL,Normal Range,0.994,0.901,1.0,0.0,1.0,1.0,1.0,0,UCI_CKD_HCV_Synthetic_Doc
rbc,5.75,millions/uL,Normal Range,0.877,0.963,1.0,0.0,1.0,1.0,1.0,0,UCI_CKD_HCV_Synthetic_Doc
ast,30.46,U/L,Normal Range,0.86,0.895,1.0,0.0,1.0,1.0,1.0,0,UCI_CKD_HCV_Synthetic_Doc
creatinine,1.16,mg/dL,Normal Range,0.966,0.956,1.0,0.0,1.0,1.0,1.0,0,UCI_CKD_HCV_Synthetic_Doc
ast,44.73,U/L,Normal Range,0.857,0.981,1.0,0.0,1.0,1.0,1.0,0,UCI_CKD_HCV_Synthetic_Doc
rbc,3.89,millions/uL,Normal Range,0.962,0.87,1.0,0.0,1.0,1.0,1.0,0,UCI_CKD_HCV_Synthetic_Doc
rbc,4.72,millions/uL,Normal Range,0.966,0.952,1.0,0.0,1.0,1.0,1.0,0,UCI_CKD_HCV_Synthetic_Doc
potassium,3.18,mmol/L,Normal Range,0.874,0.92,1.0,0.0,1.0,1.0,1.0,0,UCI_CKD_HCV_Synthetic_Doc
hemoglobin,10.6,g/dL,Normal Range,0.875,0.969,1.0,0.0,1.0,1.0,1.0,0,UCI_CKD_HCV_Synthetic_Doc
wbc,3102.39,/uL,Normal Range,0.883,0.862,1.0,0.0,1.0,1.0,1.0,0,UCI_CKD_HCV_Synthetic_Doc
hemoglobin,10.94,g/dL,Normal Range,0.993,0.873,1.0,0.0,1.0,1.0,1.0,0,UCI_CKD_HCV_Synthetic_Doc
rbc,5.32,millions/uL,Normal Range,0.96,0.986,1.0,0.0,1.0,1.0,1.0,0,UCI_CKD_HCV_Synthetic_Doc
alt,10.27,U/L,Normal Range,0.891,0.998,1.0,0.0,1.0,1.0,1.0,0,UCI_CKD_HCV_Synthetic_Doc
creatinine,1.66,mg/dL,Normal Range,0.898,0.959,1.0,0.0,1.0,1.0,1.0,0,UCI_CKD_HCV_Synthetic_Doc
urea,11.23,mg/dL,Normal Range,0.98,0.921,1.0,0.0,1.0,1.0,1.0,0,UCI_CKD_HCV_Synthetic_Doc
bilirubin,1.23,mg/dL,Normal Range,0.874,0.881,1.0,0.0,1.0,1.0,1.0,0,UCI_CKD_HCV_Synthetic_Doc
alt,23.1,U/L,Normal Range,0.93,0.853,1.0,0.0,1.0,1.0,1.0,0,UCI_CKD_HCV_Synthetic_Doc
rbc,4.09,millions/uL,Normal Range,0.855,0.988,1.0,0.0,1.0,1.0,1.0,0,UCI_CKD_HCV_Synthetic_Doc
glucose,90.96,mg/dL,Normal Range,0.85,0.94,1.0,0.0,1.0,1.0,1.0,0,UCI_CKD_HCV_Synthetic_Doc
rbc,4.0,millions/uL,Normal Range,0.887,0.934,1.0,0.0,1.0,1.0,1.0,0,UCI_CKD_HCV_Synthetic_Doc
sodium,140.78,mmol/L,Normal Range,0.899,0.939,1.0,0.0,1.0,1.0,1.0,0,UCI_CKD_HCV_Synthetic_Doc
bilirubin,0.5,mg/dL,Normal Range,0.897,0.918,1.0,0.0,1.0,1.0,1.0,0,UCI_CKD_HCV_Synthetic_Doc
bilirubin,1.39,mg/dL,Normal Range,0.909,0.996,1.0,0.0,1.0,1.0,1.0,0,UCI_CKD_HCV_Synthetic_Doc
ast,22.61,U/L,Normal Range,0.894,0.954,1.0,0.0,1.0,1.0,1.0,0,UCI_CKD_HCV_Synthetic_Doc
creatinine,1.38,mg/dL,Normal Range,0.872,0.865,1.0,0.0,1.0,1.0,1.0,0,UCI_CKD_HCV_Synthetic_Doc
ast,39.84,U/L,Normal Range,0.943,0.955,1.0,0.0,1.0,1.0,1.0,0,UCI_CKD_HCV_Synthetic_Doc
potassium,4.23,mmol/L,Normal Range,0.982,0.862,1.0,0.0,1.0,1.0,1.0,0,UCI_CKD_HCV_Synthetic_Doc
hemoglobin,11.94,g/dL,Normal Range,0.904,0.898,1.0,0.0,1.0,1.0,1.0,0,UCI_CKD_HCV_Synthetic_Doc
ast,53.17,U/L,Normal Range,0.97,0.88,1.0,0.0,1.0,1.0,1.0,0,UCI_CKD_HCV_Synthetic_Doc
albumin,4.52,g/dL,Normal Range,0.951,0.993,1.0,0.0,1.0,1.0,1.0,0,UCI_CKD_HCV_Synthetic_Doc
glucose,100.26,mg/dL,Normal Range,0.942,0.942,1.0,0.0,1.0,1.0,1.0,0,UCI_CKD_HCV_Synthetic_Doc
sodium,142.52,mmol/L,Normal Range,0.956,0.981,1.0,0.0,1.0,1.0,1.0,0,UCI_CKD_HCV_Synthetic_Doc
urea,48.98,mg/dL,Normal Range,0.942,0.923,1.0,0.0,1.0,1.0,1.0,0,UCI_CKD_HCV_Synthetic_Doc
wbc,8618.72,/uL,Normal Range,0.984,0.932,1.0,0.0,1.0,1.0,1.0,0,UCI_CKD_HCV_Synthetic_Doc
potassium,4.15,mmol/L,Normal Range,0.856,0.875,1.0,0.0,1.0,1.0,1.0,0,UCI_CKD_HCV_Synthetic_Doc
wbc,10497.13,/uL,Normal Range,0.959,0.939,1.0,0.0,1.0,1.0,1.0,0,UCI_CKD_HCV_Synthetic_Doc
rbc,4.18,millions/uL,Normal Range,0.968,0.949,1.0,0.0,1.0,1.0,1.0,0,UCI_CKD_HCV_Synthetic_Doc
glucose,81.77,mg/dL,Normal Range,0.874,0.853,1.0,0.0,1.0,1.0,1.0,0,UCI_CKD_HCV_Synthetic_Doc
glucose,95.95,mg/dL,Normal Range,0.88,0.952,1.0,0.0,1.0,1.0,1.0,0,UCI_CKD_HCV_Synthetic_Doc
ast,29.68,U/L,Normal Range,0.855,0.889,1.0,0.0,1.0,1.0,1.0,0,UCI_CKD_HCV_Synthetic_Doc
rbc,5.48,millions/uL,Normal Range,0.944,0.96,1.0,0.0,1.0,1.0,1.0,0,UCI_CKD_HCV_Synthetic_Doc
hemoglobin,12.95,g/dL,Normal Range,0.926,0.931,1.0,0.0,1.0,1.0,1.0,0,UCI_CKD_HCV_Synthetic_Doc
glucose,55.95,mg/dL,Normal Range,0.959,0.923,1.0,0.0,1.0,1.0,1.0,0,UCI_CKD_HCV_Synthetic_Doc
urea,60.03,mg/dL,Normal Range,0.94,0.969,1.0,0.0,1.0,1.0,1.0,0,UCI_CKD_HCV_Synthetic_Doc
albumin,4.53,g/dL,Normal Range,0.987,0.882,1.0,0.0,1.0,1.0,1.0,0,UCI_CKD_HCV_Synthetic_Doc
urea,6.35,mg/dL,Normal Range,0.945,0.96,1.0,0.0,1.0,1.0,1.0,0,UCI_CKD_HCV_Synthetic_Doc
glucose,83.09,mg/dL,Normal Range,0.94,0.945,1.0,0.0,1.0,1.0,1.0,0,UCI_CKD_HCV_Synthetic_Doc
urea,50.82,mg/dL,Normal Range,0.877,0.978,1.0,0.0,1.0,1.0,1.0,0,UCI_CKD_HCV_Synthetic_Doc
sodium,141.17,mmol/L,Normal Range,0.917,0.927,1.0,0.0,1.0,1.0,1.0,0,UCI_CKD_HCV_Synthetic_Doc
sodium,137.52,mmol/L,Normal Range,0.949,0.864,1.0,0.0,1.0,1.0,1.0,0,UCI_CKD_HCV_Synthetic_Doc
creatinine,1.15,mg/dL,Normal Range,0.889,0.949,1.0,0.0,1.0,1.0,1.0,0,UCI_CKD_HCV_Synthetic_Doc
creatinine,0.97,mg/dL,Normal Range,0.966,0.87,1.0,0.0,1.0,1.0,1.0,0,UCI_CKD_HCV_Synthetic_Doc
albumin,3.42,g/dL,Normal Range,0.861,0.875,1.0,0.0,1.0,1.0,1.0,0,UCI_CKD_HCV_Synthetic_Doc
potassium,4.06,mmol/L,Normal Range,0.917,0.95,1.0,0.0,1.0,1.0,1.0,0,UCI_CKD_HCV_Synthetic_Doc
sodium,132.77,mmol/L,Normal Range,0.943,0.956,1.0,0.0,1.0,1.0,1.0,0,UCI_CKD_HCV_Synthetic_Doc
ast,22.01,U/L,Normal Range,0.875,0.856,1.0,0.0,1.0,1.0,1.0,0,UCI_CKD_HCV_Synthetic_Doc
alt,31.05,U/L,Normal Range,0.967,0.956,1.0,0.0,1.0,1.0,1.0,0,UCI_CKD_HCV_Synthetic_Doc
bilirubin,0.15,mg/dL,Normal Range,0.938,0.98,1.0,0.0,1.0,1.0,1.0,0,UCI_CKD_HCV_Synthetic_Doc
rbc,4.49,millions/uL,Normal Range,0.998,0.868,1.0,0.0,1.0,1.0,1.0,0,UCI_CKD_HCV_Synthetic_Doc
alt,25.53,U/L,Normal Range,0.99,0.856,1.0,0.0,1.0,1.0,1.0,0,UCI_CKD_HCV_Synthetic_Doc
albumin,3.89,g/dL,Normal Range,0.863,0.865,1.0,0.0,1.0,1.0,1.0,0,UCI_CKD_HCV_Synthetic_Doc
glucose,81.58,mg/dL,Normal Range,0.856,0.872,1.0,0.0,1.0,1.0,1.0,0,UCI_CKD_HCV_Synthetic_Doc
alt,48.66,U/L,Normal Range,0.853,0.898,1.0,0.0,1.0,1.0,1.0,0,UCI_CKD_HCV_Synthetic_Doc
sodium,138.15,mmol/L,Normal Range,0.937,0.888,1.0,0.0,1.0,1.0,1.0,0,UCI_CKD_HCV_Synthetic_Doc
wbc,11676.75,/uL,Normal Range,0.871,0.854,1.0,0.0,1.0,1.0,1.0,0,UCI_CKD_HCV_Synthetic_Doc
hemoglobin,13.22,g/dL,Normal Range,0.956,0.88,1.0,0.0,1.0,1.0,1.0,0,UCI_CKD_HCV_Synthetic_Doc
albumin,4.0,g/dL,Normal Range,0.96,0.873,1.0,0.0,1.0,1.0,1.0,0,UCI_CKD_HCV_Synthetic_Doc
ast,22.02,U/L,Normal Range,0.98,0.877,1.0,0.0,1.0,1.0,1.0,0,UCI_CKD_HCV_Synthetic_Doc
urea,28.46,mg/dL,Normal Range,0.887,0.975,1.0,0.0,1.0,1.0,1.0,0,UCI_CKD_HCV_Synthetic_Doc
bilirubin,0.79,mg/dL,Normal Range,0.965,0.867,1.0,0.0,1.0,1.0,1.0,0,UCI_CKD_HCV_Synthetic_Doc
sodium,143.42,mmol/L,Normal Range,0.882,0.949,1.0,0.0,1.0,1.0,1.0,0,UCI_CKD_HCV_Synthetic_Doc
alt,39.24,U/L,Normal Range,0.95,0.937,1.0,0.0,1.0,1.0,1.0,0,UCI_CKD_HCV_Synthetic_Doc
rbc,5.01,millions/uL,Normal Range,0.898,0.98,1.0,0.0,1.0,1.0,1.0,0,UCI_CKD_HCV_Synthetic_Doc
sodium,134.55,mmol/L,Normal Range,0.981,0.967,1.0,0.0,1.0,1.0,1.0,0,UCI_CKD_HCV_Synthetic_Doc
sodium,140.21,mmol/L,Normal Range,0.965,0.989,1.0,0.0,1.0,1.0,1.0,0,UCI_CKD_HCV_Synthetic_Doc
glucose,75.37,mg/dL,Normal Range,0.971,0.964,1.0,0.0,1.0,1.0,1.0,0,UCI_CKD_HCV_Synthetic_Doc
sodium,142.16,mmol/L,Normal Range,0.906,0.895,1.0,0.0,1.0,1.0,1.0,0,UCI_CKD_HCV_Synthetic_Doc
albumin,4.0,g/dL,Normal Range,0.851,0.899,1.0,0.0,1.0,1.0,1.0,0,UCI_CKD_HCV_Synthetic_Doc
rbc,5.5,millions/uL,Normal Range,0.907,0.932,1.0,0.0,1.0,1.0,1.0,0,UCI_CKD_HCV_Synthetic_Doc
creatinine,1.81,mg/dL,Normal Range,0.886,0.906,1.0,0.0,1.0,1.0,1.0,0,UCI_CKD_HCV_Synthetic_Doc
rbc,4.83,millions/uL,Normal Range,0.875,0.946,1.0,0.0,1.0,1.0,1.0,0,UCI_CKD_HCV_Synthetic_Doc
urea,26.51,mg/dL,Normal Range,0.92,0.907,1.0,0.0,1.0,1.0,1.0,0,UCI_CKD_HCV_Synthetic_Doc
potassium,3.38,mmol/L,Normal Range,0.922,0.909,1.0,0.0,1.0,1.0,1.0,0,UCI_CKD_HCV_Synthetic_Doc
albumin,4.29,g/dL,Normal Range,0.972,0.958,1.0,0.0,1.0,1.0,1.0,0,UCI_CKD_HCV_Synthetic_Doc
wbc,10137.53,/uL,Normal Range,0.915,0.985,1.0,0.0,1.0,1.0,1.0,0,UCI_CKD_HCV_Synthetic_Doc
alt,26.04,U/L,Normal Range,0.985,0.887,1.0,0.0,1.0,1.0,1.0,0,UCI_CKD_HCV_Synthetic_Doc
wbc,5065.39,/uL,Normal Range,0.922,0.879,1.0,0.0,1.0,1.0,1.0,0,UCI_CKD_HCV_Synthetic_Doc
hemoglobin,12.54,g/dL,Normal Range,0.889,0.893,1.0,0.0,1.0,1.0,1.0,0,UCI_CKD_HCV_Synthetic_Doc
wbc,7615.59,/uL,Normal Range,0.937,0.863,1.0,0.0,1.0,1.0,1.0,0,UCI_CKD_HCV_Synthetic_Doc
urea,41.54,mg/dL,Normal Range,0.91,0.997,1.0,0.0,1.0,1.0,1.0,0,UCI_CKD_HCV_Synthetic_Doc
potassium,4.13,mmol/L,Normal Range,0.952,0.877,1.0,0.0,1.0,1.0,1.0,0,UCI_CKD_HCV_Synthetic_Doc
albumin,4.12,g/dL,Normal Range,0.894,0.969,1.0,0.0,1.0,1.0,1.0,0,UCI_CKD_HCV_Synthetic_Doc
potassium,4.13,mmol/L,Normal Range,0.863,0.972,1.0,0.0,1.0,1.0,1.0,0,UCI_CKD_HCV_Synthetic_Doc
rbc,5.28,millions/uL,Normal Range,0.857,0.945,1.0,0.0,1.0,1.0,1.0,0,UCI_CKD_HCV_Synthetic_Doc
wbc,12592.1,/uL,Normal Range,0.969,0.947,1.0,0.0,1.0,1.0,1.0,0,UCI_CKD_HCV_Synthetic_Doc
bilirubin,0.92,mg/dL,Normal Range,0.912,0.976,1.0,0.0,1.0,1.0,1.0,0,UCI_CKD_HCV_Synthetic_Doc
bilirubin,0.9,mg/dL,Normal Range,0.888,0.895,1.0,0.0,1.0,1.0,1.0,0,UCI_CKD_HCV_Synthetic_Doc
bilirubin,1.25,mg/dL,Normal Range,0.973,0.914,1.0,0.0,1.0,1.0,1.0,0,UCI_CKD_HCV_Synthetic_Doc
potassium,4.49,mmol/L,Normal Range,0.872,0.914,1.0,0.0,1.0,1.0,1.0,0,UCI_CKD_HCV_Synthetic_Doc
alt,33.17,U/L,Normal Range,0.875,0.961,1.0,0.0,1.0,1.0,1.0,0,UCI_CKD_HCV_Synthetic_Doc
urea,67.02,mg/dL,Normal Range,0.877,0.897,1.0,0.0,1.0,1.0,1.0,0,UCI_CKD_HCV_Synthetic_Doc
glucose,47.7,mg/dL,Normal Range,0.941,0.932,1.0,0.0,1.0,1.0,1.0,0,UCI_CKD_HCV_Synthetic_Doc
potassium,4.57,mmol/L,Normal Range,0.859,0.871,1.0,0.0,1.0,1.0,1.0,0,UCI_CKD_HCV_Synthetic_Doc
glucose,61.2,mg/dL,Normal Range,0.94,0.951,1.0,0.0,1.0,1.0,1.0,0,UCI_CKD_HCV_Synthetic_Doc
potassium,5.04,mmol/L,Normal Range,0.954,0.999,1.0,0.0,1.0,1.0,1.0,0,UCI_CKD_HCV_Synthetic_Doc
rbc,4.47,millions/uL,Normal Range,0.973,0.94,1.0,0.0,1.0,1.0,1.0,0,UCI_CKD_HCV_Synthetic_Doc
ast,5.28,U/L,Normal Range,0.862,0.863,1.0,0.0,1.0,1.0,1.0,0,UCI_CKD_HCV_Synthetic_Doc
creatinine,1.23,mg/dL,Normal Range,0.939,0.91,1.0,0.0,1.0,1.0,1.0,0,UCI_CKD_HCV_Synthetic_Doc
creatinine,0.74,mg/dL,Normal Range,0.86,0.928,1.0,0.0,1.0,1.0,1.0,0,UCI_CKD_HCV_Synthetic_Doc
urea,11.64,mg/dL,Normal Range,0.95,0.86,1.0,0.0,1.0,1.0,1.0,0,UCI_CKD_HCV_Synthetic_Doc
alt,32.58,U/L,Normal Range,0.952,0.885,1.0,0.0,1.0,1.0,1.0,0,UCI_CKD_HCV_Synthetic_Doc
potassium,3.42,mmol/L,Normal Range,0.9,0.95,1.0,0.0,1.0,1.0,1.0,0,UCI_CKD_HCV_Synthetic_Doc
albumin,3.45,g/dL,Normal Range,0.999,0.917,1.0,0.0,1.0,1.0,1.0,0,UCI_CKD_HCV_Synthetic_Doc
hemoglobin,10.84,g/dL,Normal Range,0.859,0.934,1.0,0.0,1.0,1.0,1.0,0,UCI_CKD_HCV_Synthetic_Doc
hemoglobin,13.72,g/dL,Normal Range,0.963,0.876,1.0,0.0,1.0,1.0,1.0,0,UCI_CKD_HCV_Synthetic_Doc
potassium,4.39,mmol/L,Normal Range,0.865,0.918,1.0,0.0,1.0,1.0,1.0,0,UCI_CKD_HCV_Synthetic_Doc
rbc,5.59,millions/uL,Normal Range,0.969,0.989,1.0,0.0,1.0,1.0,1.0,0,UCI_CKD_HCV_Synthetic_Doc
albumin,3.59,g/dL,Normal Range,0.91,0.873,1.0,0.0,1.0,1.0,1.0,0,UCI_CKD_HCV_Synthetic_Doc
alt,35.38,U/L,Normal Range,0.887,0.951,1.0,0.0,1.0,1.0,1.0,0,UCI_CKD_HCV_Synthetic_Doc
hemoglobin,15.03,g/dL,Normal Range,0.944,0.863,1.0,0.0,1.0,1.0,1.0,0,UCI_CKD_HCV_Synthetic_Doc
albumin,4.35,g/dL,Normal Range,0.926,0.874,1.0,0.0,1.0,1.0,1.0,0,UCI_CKD_HCV_Synthetic_Doc
hemoglobin,15.5,g/dL,Normal Range,0.895,0.889,1.0,0.0,1.0,1.0,1.0,0,UCI_CKD_HCV_Synthetic_Doc
urea,6.95,mg/dL,Normal Range,0.886,0.926,1.0,0.0,1.0,1.0,1.0,0,UCI_CKD_HCV_Synthetic_Doc
glucose,65.23,mg/dL,Normal Range,0.91,0.917,1.0,0.0,1.0,1.0,1.0,0,UCI_CKD_HCV_Synthetic_Doc
hemoglobin,14.23,g/dL,Normal Range,0.935,0.909,1.0,0.0,1.0,1.0,1.0,0,UCI_CKD_HCV_Synthetic_Doc
rbc,5.64,millions/uL,Normal Range,0.99,0.867,1.0,0.0,1.0,1.0,1.0,0,UCI_CKD_HCV_Synthetic_Doc
urea,52.14,mg/dL,Normal Range,0.93,0.958,1.0,0.0,1.0,1.0,1.0,0,UCI_CKD_HCV_Synthetic_Doc
glucose,122.09,mg/dL,Normal Range,0.969,0.896,1.0,0.0,1.0,1.0,1.0,0,UCI_CKD_HCV_Synthetic_Doc
sodium,137.26,mmol/L,Normal Range,0.994,0.936,1.0,0.0,1.0,1.0,1.0,0,UCI_CKD_HCV_Synthetic_Doc
potassium,3.93,mmol/L,Normal Range,0.973,0.87,1.0,0.0,1.0,1.0,1.0,0,UCI_CKD_HCV_Synthetic_Doc
ast,40.77,U/L,Normal Range,0.871,0.985,1.0,0.0,1.0,1.0,1.0,0,UCI_CKD_HCV_Synthetic_Doc
hemoglobin,10.3,g/dL,Normal Range,0.925,0.91,1.0,0.0,1.0,1.0,1.0,0,UCI_CKD_HCV_Synthetic_Doc
sodium,135.8,mmol/L,Normal Range,0.922,0.926,1.0,0.0,1.0,1.0,1.0,0,UCI_CKD_HCV_Synthetic_Doc
hemoglobin,14.2,g/dL,Normal Range,0.862,0.967,1.0,0.0,1.0,1.0,1.0,0,UCI_CKD_HCV_Synthetic_Doc
rbc,4.84,millions/uL,Normal Range,0.916,0.866,1.0,0.0,1.0,1.0,1.0,0,UCI_CKD_HCV_Synthetic_Doc
ast,0.34,U/L,Normal Range,0.85,0.853,1.0,0.0,1.0,1.0,1.0,0,UCI_CKD_HCV_Synthetic_Doc
urea,15.5,mg/dL,Normal Range,0.859,0.967,1.0,0.0,1.0,1.0,1.0,0,UCI_CKD_HCV_Synthetic_Doc
potassium,4.41,mmol/L,Normal Range,0.882,0.923,1.0,0.0,1.0,1.0,1.0,0,UCI_CKD_HCV_Synthetic_Doc
urea,32.23,mg/dL,Normal Range,0.998,0.886,1.0,0.0,1.0,1.0,1.0,0,UCI_CKD_HCV_Synthetic_Doc
glucose,86.57,mg/dL,Normal Range,0.861,0.967,1.0,0.0,1.0,1.0,1.0,0,UCI_CKD_HCV_Synthetic_Doc
glucose,108.71,mg/dL,Normal Range,0.943,0.945,1.0,0.0,1.0,1.0,1.0,0,UCI_CKD_HCV_Synthetic_Doc
bilirubin,0.52,mg/dL,Normal Range,0.972,0.942,1.0,0.0,1.0,1.0,1.0,0,UCI_CKD_HCV_Synthetic_Doc
hemoglobin,14.48,g/dL,Normal Range,0.977,0.959,1.0,0.0,1.0,1.0,1.0,0,UCI_CKD_HCV_Synthetic_Doc
alt,12.67,U/L,Normal Range,0.983,0.917,1.0,0.0,1.0,1.0,1.0,0,UCI_CKD_HCV_Synthetic_Doc
glucose,65.75,mg/dL,Normal Range,0.974,0.96,1.0,0.0,1.0,1.0,1.0,0,UCI_CKD_HCV_Synthetic_Doc
ast,2.77,U/L,Normal Range,0.995,0.887,1.0,0.0,1.0,1.0,1.0,0,UCI_CKD_HCV_Synthetic_Doc
wbc,10238.88,/uL,Normal Range,0.937,0.952,1.0,0.0,1.0,1.0,1.0,0,UCI_CKD_HCV_Synthetic_Doc
bilirubin,0.68,mg/dL,Normal Range,0.93,0.882,1.0,0.0,1.0,1.0,1.0,0,UCI_CKD_HCV_Synthetic_Doc
alt,29.99,U/L,Normal Range,0.88,0.86,1.0,0.0,1.0,1.0,1.0,0,UCI_CKD_HCV_Synthetic_Doc
hemoglobin,15.65,g/dL,Normal Range,0.906,0.89,1.0,0.0,1.0,1.0,1.0,0,UCI_CKD_HCV_Synthetic_Doc
wbc,9893.14,/uL,Normal Range,0.865,0.923,1.0,0.0,1.0,1.0,1.0,0,UCI_CKD_HCV_Synthetic_Doc
hemoglobin,13.18,g/dL,Normal Range,0.98,0.887,1.0,0.0,1.0,1.0,1.0,0,UCI_CKD_HCV_Synthetic_Doc
urea,2.0,mg/dL,Normal Range,0.909,0.919,1.0,0.0,1.0,1.0,1.0,0,UCI_CKD_HCV_Synthetic_Doc
alt,19.66,U/L,Normal Range,0.993,0.87,1.0,0.0,1.0,1.0,1.0,0,UCI_CKD_HCV_Synthetic_Doc
creatinine,1.19,mg/dL,Normal Range,0.971,0.861,1.0,0.0,1.0,1.0,1.0,0,UCI_CKD_HCV_Synthetic_Doc
creatinine,1.07,mg/dL,Normal Range,0.976,0.856,1.0,0.0,1.0,1.0,1.0,0,UCI_CKD_HCV_Synthetic_Doc
rbc,5.15,millions/uL,Normal Range,0.924,0.908,1.0,0.0,1.0,1.0,1.0,0,UCI_CKD_HCV_Synthetic_Doc
ast,35.12,U/L,Normal Range,0.946,0.942,1.0,0.0,1.0,1.0,1.0,0,UCI_CKD_HCV_Synthetic_Doc
rbc,5.41,millions/uL,Normal Range,0.866,0.998,1.0,0.0,1.0,1.0,1.0,0,UCI_CKD_HCV_Synthetic_Doc
albumin,4.13,g/dL,Normal Range,0.952,0.856,1.0,0.0,1.0,1.0,1.0,0,UCI_CKD_HCV_Synthetic_Doc
sodium,142.17,mmol/L,Normal Range,0.97,0.866,1.0,0.0,1.0,1.0,1.0,0,UCI_CKD_HCV_Synthetic_Doc
creatinine,1.49,mg/dL,Normal Range,0.993,0.961,1.0,0.0,1.0,1.0,1.0,0,UCI_CKD_HCV_Synthetic_Doc
potassium,4.32,mmol/L,Normal Range,0.996,0.991,1.0,0.0,1.0,1.0,1.0,0,UCI_CKD_HCV_Synthetic_Doc
glucose,94.54,mg/dL,Normal Range,0.878,0.876,1.0,0.0,1.0,1.0,1.0,0,UCI_CKD_HCV_Synthetic_Doc
alt,40.06,U/L,Normal Range,0.86,0.914,1.0,0.0,1.0,1.0,1.0,0,UCI_CKD_HCV_Synthetic_Doc
rbc,4.91,millions/uL,Normal Range,0.985,0.967,1.0,0.0,1.0,1.0,1.0,0,UCI_CKD_HCV_Synthetic_Doc
bilirubin,0.37,mg/dL,Normal Range,0.881,0.868,1.0,0.0,1.0,1.0,1.0,0,UCI_CKD_HCV_Synthetic_Doc
hemoglobin,16.5,g/dL,Normal Range,0.966,0.947,1.0,0.0,1.0,1.0,1.0,0,UCI_CKD_HCV_Synthetic_Doc
potassium,4.68,mmol/L,Normal Range,0.898,0.869,1.0,0.0,1.0,1.0,1.0,0,UCI_CKD_HCV_Synthetic_Doc
wbc,7394.28,/uL,Normal Range,0.997,0.94,1.0,0.0,1.0,1.0,1.0,0,UCI_CKD_HCV_Synthetic_Doc
alt,25.49,U/L,Normal Range,0.942,0.873,1.0,0.0,1.0,1.0,1.0,0,UCI_CKD_HCV_Synthetic_Doc
potassium,4.61,mmol/L,Normal Range,0.901,0.989,1.0,0.0,1.0,1.0,1.0,0,UCI_CKD_HCV_Synthetic_Doc
albumin,4.08,g/dL,Normal Range,0.933,0.908,1.0,0.0,1.0,1.0,1.0,0,UCI_CKD_HCV_Synthetic_Doc
urea,18.31,mg/dL,Normal Range,0.991,0.886,1.0,0.0,1.0,1.0,1.0,0,UCI_CKD_HCV_Synthetic_Doc
alt,24.45,U/L,Normal Range,0.852,0.999,1.0,0.0,1.0,1.0,1.0,0,UCI_CKD_HCV_Synthetic_Doc
potassium,5.22,mmol/L,Normal Range,0.972,0.979,1.0,0.0,1.0,1.0,1.0,0,UCI_CKD_HCV_Synthetic_Doc
creatinine,1.12,mg/dL,Normal Range,0.945,0.883,1.0,0.0,1.0,1.0,1.0,0,UCI_CKD_HCV_Synthetic_Doc
bilirubin,0.3,mg/dL,Normal Range,0.962,0.934,1.0,0.0,1.0,1.0,1.0,0,UCI_CKD_HCV_Synthetic_Doc
albumin,3.68,g/dL,Normal Range,0.932,0.998,1.0,0.0,1.0,1.0,1.0,0,UCI_CKD_HCV_Synthetic_Doc
ast,35.04,U/L,Normal Range,0.931,0.959,1.0,0.0,1.0,1.0,1.0,0,UCI_CKD_HCV_Synthetic_Doc
urea,36.0,mg/dL,Normal Range,0.973,0.882,1.0,0.0,1.0,1.0,1.0,0,UCI_CKD_HCV_Synthetic_Doc
glucose,78.72,mg/dL,Normal Range,0.873,0.901,1.0,0.0,1.0,1.0,1.0,0,UCI_CKD_HCV_Synthetic_Doc
ast,60.21,U/L,Normal Range,0.926,0.895,1.0,0.0,1.0,1.0,1.0,0,UCI_CKD_HCV_Synthetic_Doc
glucose,121.89,mg/dL,Normal Range,0.873,0.864,1.0,0.0,1.0,1.0,1.0,0,UCI_CKD_HCV_Synthetic_Doc
rbc,5.57,millions/uL,Normal Range,0.874,0.919,1.0,0.0,1.0,1.0,1.0,0,UCI_CKD_HCV_Synthetic_Doc
bilirubin,1.0,mg/dL,Normal Range,0.887,0.959,1.0,0.0,1.0,1.0,1.0,0,UCI_CKD_HCV_Synthetic_Doc
creatinine,0.66,mg/dL,Normal Range,0.982,0.949,1.0,0.0,1.0,1.0,1.0,0,UCI_CKD_HCV_Synthetic_Doc
sodium,136.52,mmol/L,Normal Range,0.933,0.96,1.0,0.0,1.0,1.0,1.0,0,UCI_CKD_HCV_Synthetic_Doc
albumin,4.97,g/dL,Normal Range,0.906,0.931,1.0,0.0,1.0,1.0,1.0,0,UCI_CKD_HCV_Synthetic_Doc
hemoglobin,15.39,g/dL,Normal Range,0.851,0.964,1.0,0.0,1.0,1.0,1.0,0,UCI_CKD_HCV_Synthetic_Doc
ast,39.58,U/L,Normal Range,0.952,0.963,1.0,0.0,1.0,1.0,1.0,0,UCI_CKD_HCV_Synthetic_Doc
albumin,4.6,g/dL,Normal Range,0.921,0.925,1.0,0.0,1.0,1.0,1.0,0,UCI_CKD_HCV_Synthetic_Doc
potassium,3.79,mmol/L,Normal Range,0.958,0.983,1.0,0.0,1.0,1.0,1.0,0,UCI_CKD_HCV_Synthetic_Doc
glucose,42.65,mg/dL,Normal Range,0.871,0.949,1.0,0.0,1.0,1.0,1.0,0,UCI_CKD_HCV_Synthetic_Doc
ast,6.64,U/L,Normal Range,0.969,0.864,1.0,0.0,1.0,1.0,1.0,0,UCI_CKD_HCV_Synthetic_Doc
albumin,4.83,g/dL,Normal Range,0.981,0.927,1.0,0.0,1.0,1.0,1.0,0,UCI_CKD_HCV_Synthetic_Doc
glucose,98.16,mg/dL,Normal Range,0.934,0.934,1.0,0.0,1.0,1.0,1.0,0,UCI_CKD_HCV_Synthetic_Doc
bilirubin,0.59,mg/dL,Normal Range,0.951,0.971,1.0,0.0,1.0,1.0,1.0,0,UCI_CKD_HCV_Synthetic_Doc
rbc,4.8,millions/uL,Normal Range,0.862,0.859,1.0,0.0,1.0,1.0,1.0,0,UCI_CKD_HCV_Synthetic_Doc
rbc,5.59,millions/uL,Normal Range,0.968,0.956,1.0,0.0,1.0,1.0,1.0,0,UCI_CKD_HCV_Synthetic_Doc
hemoglobin,7.95,g/dL,Normal Range,0.872,0.899,1.0,0.0,1.0,1.0,1.0,0,UCI_CKD_HCV_Synthetic_Doc
albumin,4.6,g/dL,Normal Range,0.885,0.906,1.0,0.0,1.0,1.0,1.0,0,UCI_CKD_HCV_Synthetic_Doc
creatinine,1.61,mg/dL,Normal Range,1.0,0.99,1.0,0.0,1.0,1.0,1.0,0,UCI_CKD_HCV_Synthetic_Doc
creatinine,1.25,mg/dL,Normal Range,0.913,0.945,1.0,0.0,1.0,1.0,1.0,0,UCI_CKD_HCV_Synthetic_Doc
wbc,9200.19,/uL,Normal Range,0.993,0.88,1.0,0.0,1.0,1.0,1.0,0,UCI_CKD_HCV_Synthetic_Doc
hemoglobin,15.25,g/dL,Normal Range,0.904,0.9,1.0,0.0,1.0,1.0,1.0,0,UCI_CKD_HCV_Synthetic_Doc
wbc,7781.77,/uL,Normal Range,0.895,0.991,1.0,0.0,1.0,1.0,1.0,0,UCI_CKD_HCV_Synthetic_Doc
potassium,3.32,mmol/L,Normal Range,0.978,0.884,1.0,0.0,1.0,1.0,1.0,0,UCI_CKD_HCV_Synthetic_Doc
alt,20.57,U/L,Normal Range,0.97,0.919,1.0,0.0,1.0,1.0,1.0,0,UCI_CKD_HCV_Synthetic_Doc
alt,29.82,U/L,Normal Range,0.956,0.945,1.0,0.0,1.0,1.0,1.0,0,UCI_CKD_HCV_Synthetic_Doc
albumin,4.06,g/dL,Normal Range,0.988,0.921,1.0,0.0,1.0,1.0,1.0,0,UCI_CKD_HCV_Synthetic_Doc
alt,13.01,U/L,Normal Range,0.86,0.859,1.0,0.0,1.0,1.0,1.0,0,UCI_CKD_HCV_Synthetic_Doc
ast,15.71,U/L,Normal Range,0.986,0.887,1.0,0.0,1.0,1.0,1.0,0,UCI_CKD_HCV_Synthetic_Doc
ast,16.42,U/L,Normal Range,0.914,0.977,1.0,0.0,1.0,1.0,1.0,0,UCI_CKD_HCV_Synthetic_Doc
ast,27.7,U/L,Normal Range,0.855,0.859,1.0,0.0,1.0,1.0,1.0,0,UCI_CKD_HCV_Synthetic_Doc
potassium,3.83,mmol/L,Normal Range,0.934,0.902,1.0,0.0,1.0,1.0,1.0,0,UCI_CKD_HCV_Synthetic_Doc
urea,3.56,mg/dL,Normal Range,0.985,0.853,1.0,0.0,1.0,1.0,1.0,0,UCI_CKD_HCV_Synthetic_Doc
bilirubin,0.49,mg/dL,Normal Range,0.932,0.869,1.0,0.0,1.0,1.0,1.0,0,UCI_CKD_HCV_Synthetic_Doc
albumin,4.78,g/dL,Normal Range,0.968,0.944,1.0,0.0,1.0,1.0,1.0,0,UCI_CKD_HCV_Synthetic_Doc
alt,20.48,U/L,Normal Range,0.997,0.888,1.0,0.0,1.0,1.0,1.0,0,UCI_CKD_HCV_Synthetic_Doc
glucose,74.06,mg/dL,Normal Range,0.901,0.896,1.0,0.0,1.0,1.0,1.0,0,UCI_CKD_HCV_Synthetic_Doc
alt,32.33,U/L,Normal Range,0.941,0.902,1.0,0.0,1.0,1.0,1.0,0,UCI_CKD_HCV_Synthetic_Doc
sodium,135.71,mmol/L,Normal Range,0.953,0.932,1.0,0.0,1.0,1.0,1.0,0,UCI_CKD_HCV_Synthetic_Doc
bilirubin,0.75,mg/dL,Normal Range,0.867,0.979,1.0,0.0,1.0,1.0,1.0,0,UCI_CKD_HCV_Synthetic_Doc
potassium,4.92,mmol/L,Normal Range,0.932,0.942,1.0,0.0,1.0,1.0,1.0,0,UCI_CKD_HCV_Synthetic_Doc
ast,30.94,U/L,Normal Range,0.977,0.914,1.0,0.0,1.0,1.0,1.0,0,UCI_CKD_HCV_Synthetic_Doc
alt,19.62,U/L,Normal Range,0.912,0.948,1.0,0.0,1.0,1.0,1.0,0,UCI_CKD_HCV_Synthetic_Doc
ast,56.14,U/L,Normal Range,0.894,0.968,1.0,0.0,1.0,1.0,1.0,0,UCI_CKD_HCV_Synthetic_Doc
ast,25.44,U/L,Normal Range,0.858,0.968,1.0,0.0,1.0,1.0,1.0,0,UCI_CKD_HCV_Synthetic_Doc
albumin,4.89,g/dL,Normal Range,0.981,0.932,1.0,0.0,1.0,1.0,1.0,0,UCI_CKD_HCV_Synthetic_Doc
hemoglobin,13.75,g/dL,Normal Range,0.881,0.982,1.0,0.0,1.0,1.0,1.0,0,UCI_CKD_HCV_Synthetic_Doc
ast,50.75,U/L,Normal Range,0.874,0.888,1.0,0.0,1.0,1.0,1.0,0,UCI_CKD_HCV_Synthetic_Doc
sodium,145.33,mmol/L,Normal Range,0.934,0.933,1.0,0.0,1.0,1.0,1.0,0,UCI_CKD_HCV_Synthetic_Doc
bilirubin,0.91,mg/dL,Normal Range,0.92,0.986,1.0,0.0,1.0,1.0,1.0,0,UCI_CKD_HCV_Synthetic_Doc
creatinine,1.51,mg/dL,Normal Range,0.906,0.918,1.0,0.0,1.0,1.0,1.0,0,UCI_CKD_HCV_Synthetic_Doc
wbc,6573.67,/uL,Normal Range,0.907,0.966,1.0,0.0,1.0,1.0,1.0,0,UCI_CKD_HCV_Synthetic_Doc
glucose,81.82,mg/dL,Normal Range,0.864,0.904,1.0,0.0,1.0,1.0,1.0,0,UCI_CKD_HCV_Synthetic_Doc
sodium,136.95,mmol/L,Normal Range,0.937,0.945,1.0,0.0,1.0,1.0,1.0,0,UCI_CKD_HCV_Synthetic_Doc
albumin,3.63,g/dL,Normal Range,0.985,0.928,1.0,0.0,1.0,1.0,1.0,0,UCI_CKD_HCV_Synthetic_Doc
rbc,5.12,millions/uL,Normal Range,0.954,0.969,1.0,0.0,1.0,1.0,1.0,0,UCI_CKD_HCV_Synthetic_Doc
albumin,3.42,g/dL,Normal Range,0.985,0.875,1.0,0.0,1.0,1.0,1.0,0,UCI_CKD_HCV_Synthetic_Doc
ast,46.17,U/L,Normal Range,0.871,0.88,1.0,0.0,1.0,1.0,1.0,0,UCI_CKD_HCV_Synthetic_Doc
bilirubin,0.89,mg/dL,Normal Range,0.873,0.916,1.0,0.0,1.0,1.0,1.0,0,UCI_CKD_HCV_Synthetic_Doc
ast,38.65,U/L,Normal Range,0.995,0.979,1.0,0.0,1.0,1.0,1.0,0,UCI_CKD_HCV_Synthetic_Doc
sodium,139.1,mmol/L,Normal Range,0.995,0.913,1.0,0.0,1.0,1.0,1.0,0,UCI_CKD_HCV_Synthetic_Doc
albumin,4.91,g/dL,Normal Range,0.868,0.959,1.0,0.0,1.0,1.0,1.0,0,UCI_CKD_HCV_Synthetic_Doc
urea,12.16,mg/dL,Normal Range,0.852,0.934,1.0,0.0,1.0,1.0,1.0,0,UCI_CKD_HCV_Synthetic_Doc
creatinine,0.9,mg/dL,Normal Range,0.854,0.973,1.0,0.0,1.0,1.0,1.0,0,UCI_CKD_HCV_Synthetic_Doc
potassium,4.3,mmol/L,Normal Range,0.878,0.979,1.0,0.0,1.0,1.0,1.0,0,UCI_CKD_HCV_Synthetic_Doc
hemoglobin,12.79,g/dL,Normal Range,0.988,0.867,1.0,0.0,1.0,1.0,1.0,0,UCI_CKD_HCV_Synthetic_Doc
rbc,4.62,millions/uL,Normal Range,0.973,0.919,1.0,0.0,1.0,1.0,1.0,0,UCI_CKD_HCV_Synthetic_Doc
alt,1.54,U/L,Normal Range,0.888,0.973,1.0,0.0,1.0,1.0,1.0,0,UCI_CKD_HCV_Synthetic_Doc
rbc,4.2,millions/uL,Normal Range,0.957,0.974,1.0,0.0,1.0,1.0,1.0,0,UCI_CKD_HCV_Synthetic_Doc
creatinine,0.8,mg/dL,Normal Range,0.886,0.871,1.0,0.0,1.0,1.0,1.0,0,UCI_CKD_HCV_Synthetic_Doc
sodium,135.86,mmol/L,Normal Range,0.942,0.915,1.0,0.0,1.0,1.0,1.0,0,UCI_CKD_HCV_Synthetic_Doc
ast,36.52,U/L,Normal Range,0.961,0.971,1.0,0.0,1.0,1.0,1.0,0,UCI_CKD_HCV_Synthetic_Doc
wbc,5692.6,/uL,Normal Range,0.951,0.899,1.0,0.0,1.0,1.0,1.0,0,UCI_CKD_HCV_Synthetic_Doc
bilirubin,0.9,mg/dL,Normal Range,0.851,0.952,1.0,0.0,1.0,1.0,1.0,0,UCI_CKD_HCV_Synthetic_Doc
ast,22.37,U/L,Normal Range,0.976,0.892,1.0,0.0,1.0,1.0,1.0,0,UCI_CKD_HCV_Synthetic_Doc
glucose,108.11,mg/dL,Normal Range,0.954,0.927,1.0,0.0,1.0,1.0,1.0,0,UCI_CKD_HCV_Synthetic_Doc
ast,19.68,U/L,Normal Range,0.964,0.911,1.0,0.0,1.0,1.0,1.0,0,UCI_CKD_HCV_Synthetic_Doc
hemoglobin,13.12,g/dL,Normal Range,0.991,0.981,1.0,0.0,1.0,1.0,1.0,0,UCI_CKD_HCV_Synthetic_Doc
albumin,4.34,g/dL,Normal Range,0.981,0.85,1.0,0.0,1.0,1.0,1.0,0,UCI_CKD_HCV_Synthetic_Doc
wbc,8993.12,/uL,Normal Range,0.867,0.917,1.0,0.0,1.0,1.0,1.0,0,UCI_CKD_HCV_Synthetic_Doc
ast,19.99,U/L,Normal Range,0.869,0.912,1.0,0.0,1.0,1.0,1.0,0,UCI_CKD_HCV_Synthetic_Doc
wbc,4857.99,/uL,Normal Range,0.913,0.856,1.0,0.0,1.0,1.0,1.0,0,UCI_CKD_HCV_Synthetic_Doc
bilirubin,0.92,mg/dL,Normal Range,0.996,0.974,1.0,0.0,1.0,1.0,1.0,0,UCI_CKD_HCV_Synthetic_Doc
glucose,77.59,mg/dL,Normal Range,0.971,0.853,1.0,0.0,1.0,1.0,1.0,0,UCI_CKD_HCV_Synthetic_Doc
albumin,4.7,g/dL,Normal Range,0.944,0.93,1.0,0.0,1.0,1.0,1.0,0,UCI_CKD_HCV_Synthetic_Doc
glucose,146.42,mg/dL,Normal Range,0.981,0.867,1.0,0.0,1.0,1.0,1.0,0,UCI_CKD_HCV_Synthetic_Doc
ast,4.2,U/L,Normal Range,0.974,0.861,1.0,0.0,1.0,1.0,1.0,0,UCI_CKD_HCV_Synthetic_Doc
sodium,141.11,mmol/L,Normal Range,0.895,0.961,1.0,0.0,1.0,1.0,1.0,0,UCI_CKD_HCV_Synthetic_Doc
hemoglobin,12.79,g/dL,Normal Range,0.901,0.998,1.0,0.0,1.0,1.0,1.0,0,UCI_CKD_HCV_Synthetic_Doc
albumin,4.6,g/dL,Normal Range,0.93,0.976,1.0,0.0,1.0,1.0,1.0,0,UCI_CKD_HCV_Synthetic_Doc
rbc,4.84,millions/uL,Normal Range,0.86,0.975,1.0,0.0,1.0,1.0,1.0,0,UCI_CKD_HCV_Synthetic_Doc
glucose,124.05,mg/dL,Normal Range,0.923,0.961,1.0,0.0,1.0,1.0,1.0,0,UCI_CKD_HCV_Synthetic_Doc
sodium,140.06,mmol/L,Normal Range,0.974,0.982,1.0,0.0,1.0,1.0,1.0,0,UCI_CKD_HCV_Synthetic_Doc
creatinine,1.26,mg/dL,Normal Range,0.854,0.954,1.0,0.0,1.0,1.0,1.0,0,UCI_CKD_HCV_Synthetic_Doc
bilirubin,0.6,mg/dL,Normal Range,0.966,0.94,1.0,0.0,1.0,1.0,1.0,0,UCI_CKD_HCV_Synthetic_Doc
potassium,3.28,mmol/L,Normal Range,0.875,0.876,1.0,0.0,1.0,1.0,1.0,0,UCI_CKD_HCV_Synthetic_Doc
alt,39.66,U/L,Normal Range,0.955,0.886,1.0,0.0,1.0,1.0,1.0,0,UCI_CKD_HCV_Synthetic_Doc
albumin,5.07,g/dL,Normal Range,0.87,0.885,1.0,0.0,1.0,1.0,1.0,0,UCI_CKD_HCV_Synthetic_Doc
rbc,6.1,millions/uL,Normal Range,0.993,0.94,1.0,0.0,1.0,1.0,1.0,0,UCI_CKD_HCV_Synthetic_Doc
albumin,4.11,g/dL,Normal Range,0.998,0.89,1.0,0.0,1.0,1.0,1.0,0,UCI_CKD_HCV_Synthetic_Doc
ast,26.52,U/L,Normal Range,0.904,0.921,1.0,0.0,1.0,1.0,1.0,0,UCI_CKD_HCV_Synthetic_Doc
potassium,4.11,mmol/L,Normal Range,0.986,0.886,1.0,0.0,1.0,1.0,1.0,0,UCI_CKD_HCV_Synthetic_Doc
potassium,3.5,mmol/L,Normal Range,0.942,0.892,1.0,0.0,1.0,1.0,1.0,0,UCI_CKD_HCV_Synthetic_Doc
bilirubin,0.78,mg/dL,Normal Range,0.939,0.931,1.0,0.0,1.0,1.0,1.0,0,UCI_CKD_HCV_Synthetic_Doc
creatinine,1.43,mg/dL,Normal Range,0.936,0.927,1.0,0.0,1.0,1.0,1.0,0,UCI_CKD_HCV_Synthetic_Doc
wbc,6344.94,/uL,Normal Range,0.857,0.892,1.0,0.0,1.0,1.0,1.0,0,UCI_CKD_HCV_Synthetic_Doc
bilirubin,0.86,mg/dL,Normal Range,0.867,0.902,1.0,0.0,1.0,1.0,1.0,0,UCI_CKD_HCV_Synthetic_Doc
albumin,3.82,g/dL,Normal Range,0.936,0.854,1.0,0.0,1.0,1.0,1.0,0,UCI_CKD_HCV_Synthetic_Doc
wbc,7371.86,/uL,Normal Range,0.989,0.875,1.0,0.0,1.0,1.0,1.0,0,UCI_CKD_HCV_Synthetic_Doc
bilirubin,0.62,mg/dL,Normal Range,0.913,0.912,1.0,0.0,1.0,1.0,1.0,0,UCI_CKD_HCV_Synthetic_Doc
bilirubin,0.45,mg/dL,Normal Range,0.951,0.895,1.0,0.0,1.0,1.0,1.0,0,UCI_CKD_HCV_Synthetic_Doc
potassium,4.62,mmol/L,Normal Range,0.993,0.973,1.0,0.0,1.0,1.0,1.0,0,UCI_CKD_HCV_Synthetic_Doc
bilirubin,1.04,mg/dL,Normal Range,0.856,0.981,1.0,0.0,1.0,1.0,1.0,0,UCI_CKD_HCV_Synthetic_Doc
urea,38.03,mg/dL,Normal Range,0.867,0.908,1.0,0.0,1.0,1.0,1.0,0,UCI_CKD_HCV_Synthetic_Doc
hemoglobin,11.72,g/dL,Normal Range,0.913,0.963,1.0,0.0,1.0,1.0,1.0,0,UCI_CKD_HCV_Synthetic_Doc
creatinine,0.88,mg/dL,Normal Range,0.911,0.898,1.0,0.0,1.0,1.0,1.0,0,UCI_CKD_HCV_Synthetic_Doc
sodium,139.67,mmol/L,Normal Range,0.952,0.904,1.0,0.0,1.0,1.0,1.0,0,UCI_CKD_HCV_Synthetic_Doc
wbc,8383.88,/uL,Normal Range,0.94,0.925,1.0,0.0,1.0,1.0,1.0,0,UCI_CKD_HCV_Synthetic_Doc
glucose,100.17,mg/dL,Normal Range,0.981,0.959,1.0,0.0,1.0,1.0,1.0,0,UCI_CKD_HCV_Synthetic_Doc
wbc,9017.88,/uL,Normal Range,0.961,0.929,1.0,0.0,1.0,1.0,1.0,0,UCI_CKD_HCV_Synthetic_Doc
glucose,66.41,mg/dL,Normal Range,0.852,0.913,1.0,0.0,1.0,1.0,1.0,0,UCI_CKD_HCV_Synthetic_Doc
glucose,97.71,mg/dL,Normal Range,0.917,0.863,1.0,0.0,1.0,1.0,1.0,0,UCI_CKD_HCV_Synthetic_Doc
potassium,4.11,mmol/L,Normal Range,0.973,0.86,1.0,0.0,1.0,1.0,1.0,0,UCI_CKD_HCV_Synthetic_Doc
alt,7.18,U/L,Normal Range,0.954,0.914,1.0,0.0,1.0,1.0,1.0,0,UCI_CKD_HCV_Synthetic_Doc
glucose,97.03,mg/dL,Normal Range,0.979,0.939,1.0,0.0,1.0,1.0,1.0,0,UCI_CKD_HCV_Synthetic_Doc
rbc,4.32,millions/uL,Normal Range,0.97,0.973,1.0,0.0,1.0,1.0,1.0,0,UCI_CKD_HCV_Synthetic_Doc
rbc,5.7,millions/uL,Normal Range,0.865,0.983,1.0,0.0,1.0,1.0,1.0,0,UCI_CKD_HCV_Synthetic_Doc
potassium,4.43,mmol/L,Normal Range,0.906,0.854,1.0,0.0,1.0,1.0,1.0,0,UCI_CKD_HCV_Synthetic_Doc
rbc,4.21,millions/uL,Normal Range,0.875,0.915,1.0,0.0,1.0,1.0,1.0,0,UCI_CKD_HCV_Synthetic_Doc
hemoglobin,16.46,g/dL,Normal Range,0.857,0.964,1.0,0.0,1.0,1.0,1.0,0,UCI_CKD_HCV_Synthetic_Doc
hemoglobin,13.96,g/dL,Normal Range,0.907,0.851,1.0,0.0,1.0,1.0,1.0,0,UCI_CKD_HCV_Synthetic_Doc
wbc,3268.16,/uL,Normal Range,0.911,0.897,1.0,0.0,1.0,1.0,1.0,0,UCI_CKD_HCV_Synthetic_Doc
ast,29.5,U/L,Normal Range,0.976,0.937,1.0,0.0,1.0,1.0,1.0,0,UCI_CKD_HCV_Synthetic_Doc
ast,44.75,U/L,Normal Range,0.918,0.953,1.0,0.0,1.0,1.0,1.0,0,UCI_CKD_HCV_Synthetic_Doc
urea,22.89,mg/dL,Normal Range,0.926,0.995,1.0,0.0,1.0,1.0,1.0,0,UCI_CKD_HCV_Synthetic_Doc
hemoglobin,13.47,g/dL,Normal Range,0.865,0.881,1.0,0.0,1.0,1.0,1.0,0,UCI_CKD_HCV_Synthetic_Doc
wbc,5303.71,/uL,Normal Range,0.854,0.963,1.0,0.0,1.0,1.0,1.0,0,UCI_CKD_HCV_Synthetic_Doc
alt,20.66,U/L,Normal Range,0.893,0.985,1.0,0.0,1.0,1.0,1.0,0,UCI_CKD_HCV_Synthetic_Doc
alt,23.88,U/L,Normal Range,0.983,0.94,1.0,0.0,1.0,1.0,1.0,0,UCI_CKD_HCV_Synthetic_Doc
rbc,4.94,millions/uL,Normal Range,0.932,0.863,1.0,0.0,1.0,1.0,1.0,0,UCI_CKD_HCV_Synthetic_Doc
wbc,7285.4,/uL,Normal Range,0.908,0.901,1.0,0.0,1.0,1.0,1.0,0,UCI_CKD_HCV_Synthetic_Doc
hemoglobin,14.4,g/dL,Normal Range,0.997,0.922,1.0,0.0,1.0,1.0,1.0,0,UCI_CKD_HCV_Synthetic_Doc
urea,22.26,mg/dL,Normal Range,0.976,0.903,1.0,0.0,1.0,1.0,1.0,0,UCI_CKD_HCV_Synthetic_Doc
urea,19.85,mg/dL,Normal Range,0.889,0.879,1.0,0.0,1.0,1.0,1.0,0,UCI_CKD_HCV_Synthetic_Doc
creatinine,1.81,mg/dL,Normal Range,0.885,0.975,1.0,0.0,1.0,1.0,1.0,0,UCI_CKD_HCV_Synthetic_Doc
hemoglobin,13.67,g/dL,Normal Range,0.902,0.937,1.0,0.0,1.0,1.0,1.0,0,UCI_CKD_HCV_Synthetic_Doc
bilirubin,0.64,mg/dL,Normal Range,0.967,0.96,1.0,0.0,1.0,1.0,1.0,0,UCI_CKD_HCV_Synthetic_Doc
urea,38.47,mg/dL,Normal Range,0.944,0.935,1.0,0.0,1.0,1.0,1.0,0,UCI_CKD_HCV_Synthetic_Doc
potassium,5.06,mmol/L,Normal Range,0.872,0.978,1.0,0.0,1.0,1.0,1.0,0,UCI_CKD_HCV_Synthetic_Doc
alt,21.55,U/L,Normal Range,0.931,0.884,1.0,0.0,1.0,1.0,1.0,0,UCI_CKD_HCV_Synthetic_Doc
wbc,8007.48,/uL,Normal Range,0.93,0.98,1.0,0.0,1.0,1.0,1.0,0,UCI_CKD_HCV_Synthetic_Doc
alt,30.61,U/L,Normal Range,0.962,0.932,1.0,0.0,1.0,1.0,1.0,0,UCI_CKD_HCV_Synthetic_Doc
alt,17.01,U/L,Normal Range,0.982,0.992,1.0,0.0,1.0,1.0,1.0,0,UCI_CKD_HCV_Synthetic_Doc
creatinine,1.35,mg/dL,Normal Range,0.992,0.927,1.0,0.0,1.0,1.0,1.0,0,UCI_CKD_HCV_Synthetic_Doc
rbc,5.48,millions/uL,Normal Range,0.938,0.906,1.0,0.0,1.0,1.0,1.0,0,UCI_CKD_HCV_Synthetic_Doc
ast,27.28,U/L,Normal Range,0.928,0.934,1.0,0.0,1.0,1.0,1.0,0,UCI_CKD_HCV_Synthetic_Doc
albumin,4.32,g/dL,Normal Range,0.924,0.937,1.0,0.0,1.0,1.0,1.0,0,UCI_CKD_HCV_Synthetic_Doc
glucose,34.51,mg/dL,Normal Range,0.984,0.918,1.0,0.0,1.0,1.0,1.0,0,UCI_CKD_HCV_Synthetic_Doc
rbc,5.11,millions/uL,Normal Range,0.936,0.993,1.0,0.0,1.0,1.0,1.0,0,UCI_CKD_HCV_Synthetic_Doc
sodium,141.58,mmol/L,Normal Range,0.859,0.85,1.0,0.0,1.0,1.0,1.0,0,UCI_CKD_HCV_Synthetic_Doc
creatinine,1.24,mg/dL,Normal Range,0.944,0.989,1.0,0.0,1.0,1.0,1.0,0,UCI_CKD_HCV_Synthetic_Doc
urea,2.0,mg/dL,Normal Range,0.922,0.953,1.0,0.0,1.0,1.0,1.0,0,UCI_CKD_HCV_Synthetic_Doc
wbc,7658.0,/uL,Normal Range,0.945,0.947,1.0,0.0,1.0,1.0,1.0,0,UCI_CKD_HCV_Synthetic_Doc
rbc,5.45,millions/uL,Normal Range,0.971,0.892,1.0,0.0,1.0,1.0,1.0,0,UCI_CKD_HCV_Synthetic_Doc
bilirubin,1.23,mg/dL,Normal Range,0.999,0.88,1.0,0.0,1.0,1.0,1.0,0,UCI_CKD_HCV_Synthetic_Doc
potassium,4.27,mmol/L,Normal Range,0.974,0.894,1.0,0.0,1.0,1.0,1.0,0,UCI_CKD_HCV_Synthetic_Doc
albumin,4.14,g/dL,Normal Range,0.945,0.86,1.0,0.0,1.0,1.0,1.0,0,UCI_CKD_HCV_Synthetic_Doc
bilirubin,0.69,mg/dL,Normal Range,0.991,0.973,1.0,0.0,1.0,1.0,1.0,0,UCI_CKD_HCV_Synthetic_Doc
sodium,141.34,mmol/L,Normal Range,0.942,0.863,1.0,0.0,1.0,1.0,1.0,0,UCI_CKD_HCV_Synthetic_Doc
sodium,140.8,mmol/L,Normal Range,0.958,0.892,1.0,0.0,1.0,1.0,1.0,0,UCI_CKD_HCV_Synthetic_Doc
hemoglobin,12.15,g/dL,Normal Range,0.902,0.867,1.0,0.0,1.0,1.0,1.0,0,UCI_CKD_HCV_Synthetic_Doc
rbc,4.71,millions/uL,Normal Range,0.937,0.955,1.0,0.0,1.0,1.0,1.0,0,UCI_CKD_HCV_Synthetic_Doc
glucose,47.66,mg/dL,Normal Range,0.862,0.925,1.0,0.0,1.0,1.0,1.0,0,UCI_CKD_HCV_Synthetic_Doc
potassium,4.31,mmol/L,Normal Range,0.886,0.922,1.0,0.0,1.0,1.0,1.0,0,UCI_CKD_HCV_Synthetic_Doc
urea,27.58,mg/dL,Normal Range,0.894,0.885,1.0,0.0,1.0,1.0,1.0,0,UCI_CKD_HCV_Synthetic_Doc
albumin,3.85,g/dL,Normal Range,0.91,0.894,1.0,0.0,1.0,1.0,1.0,0,UCI_CKD_HCV_Synthetic_Doc
bilirubin,1.05,mg/dL,Normal Range,0.898,0.921,1.0,0.0,1.0,1.0,1.0,0,UCI_CKD_HCV_Synthetic_Doc
creatinine,0.92,mg/dL,Normal Range,0.932,0.883,1.0,0.0,1.0,1.0,1.0,0,UCI_CKD_HCV_Synthetic_Doc
alt,20.12,U/L,Normal Range,0.964,0.878,1.0,0.0,1.0,1.0,1.0,0,UCI_CKD_HCV_Synthetic_Doc
albumin,3.51,g/dL,Normal Range,0.925,0.917,1.0,0.0,1.0,1.0,1.0,0,UCI_CKD_HCV_Synthetic_Doc
potassium,4.31,mmol/L,Normal Range,0.946,0.929,1.0,0.0,1.0,1.0,1.0,0,UCI_CKD_HCV_Synthetic_Doc
urea,49.34,mg/dL,Normal Range,0.957,0.973,1.0,0.0,1.0,1.0,1.0,0,UCI_CKD_HCV_Synthetic_Doc
bilirubin,0.96,mg/dL,Normal Range,0.868,0.988,1.0,0.0,1.0,1.0,1.0,0,UCI_CKD_HCV_Synthetic_Doc
bilirubin,0.28,mg/dL,Normal Range,0.891,0.925,1.0,0.0,1.0,1.0,1.0,0,UCI_CKD_HCV_Synthetic_Doc
urea,35.03,mg/dL,Normal Range,0.858,0.962,1.0,0.0,1.0,1.0,1.0,0,UCI_CKD_HCV_Synthetic_Doc
sodium,135.21,mmol/L,Normal Range,0.85,0.927,1.0,0.0,1.0,1.0,1.0,0,UCI_CKD_HCV_Synthetic_Doc
potassium,4.55,mmol/L,Normal Range,0.984,0.937,1.0,0.0,1.0,1.0,1.0,0,UCI_CKD_HCV_Synthetic_Doc
bilirubin,1.28,mg/dL,Normal Range,0.851,0.887,1.0,0.0,1.0,1.0,1.0,0,UCI_CKD_HCV_Synthetic_Doc
sodium,138.32,mmol/L,Normal Range,0.935,0.98,1.0,0.0,1.0,1.0,1.0,0,UCI_CKD_HCV_Synthetic_Doc
hemoglobin,13.8,g/dL,Normal Range,0.968,0.984,1.0,0.0,1.0,1.0,1.0,0,UCI_CKD_HCV_Synthetic_Doc
glucose,89.34,mg/dL,Normal Range,0.995,0.863,1.0,0.0,1.0,1.0,1.0,0,UCI_CKD_HCV_Synthetic_Doc
potassium,4.58,mmol/L,Normal Range,0.856,0.935,1.0,0.0,1.0,1.0,1.0,0,UCI_CKD_HCV_Synthetic_Doc
rbc,5.65,millions/uL,Normal Range,0.851,0.875,1.0,0.0,1.0,1.0,1.0,0,UCI_CKD_HCV_Synthetic_Doc
alt,36.11,U/L,Normal Range,0.981,0.877,1.0,0.0,1.0,1.0,1.0,0,UCI_CKD_HCV_Synthetic_Doc
bilirubin,0.48,mg/dL,Normal Range,0.866,0.967,1.0,0.0,1.0,1.0,1.0,0,UCI_CKD_HCV_Synthetic_Doc
rbc,5.44,millions/uL,Normal Range,1.0,0.866,1.0,0.0,1.0,1.0,1.0,0,UCI_CKD_HCV_Synthetic_Doc
ast,28.01,U/L,Normal Range,0.915,0.919,1.0,0.0,1.0,1.0,1.0,0,UCI_CKD_HCV_Synthetic_Doc
urea,39.02,mg/dL,Normal Range,0.945,0.966,1.0,0.0,1.0,1.0,1.0,0,UCI_CKD_HCV_Synthetic_Doc
sodium,143.94,mmol/L,Normal Range,0.978,0.882,1.0,0.0,1.0,1.0,1.0,0,UCI_CKD_HCV_Synthetic_Doc
sodium,137.72,mmol/L,Normal Range,0.98,0.96,1.0,0.0,1.0,1.0,1.0,0,UCI_CKD_HCV_Synthetic_Doc
ast,37.39,U/L,Normal Range,0.941,0.894,1.0,0.0,1.0,1.0,1.0,0,UCI_CKD_HCV_Synthetic_Doc
bilirubin,0.48,mg/dL,Normal Range,0.99,0.869,1.0,0.0,1.0,1.0,1.0,0,UCI_CKD_HCV_Synthetic_Doc
glucose,121.88,mg/dL,Normal Range,0.909,0.957,1.0,0.0,1.0,1.0,1.0,0,UCI_CKD_HCV_Synthetic_Doc
ast,8.84,U/L,Normal Range,0.937,0.863,1.0,0.0,1.0,1.0,1.0,0,UCI_CKD_HCV_Synthetic_Doc
wbc,6411.77,/uL,Normal Range,0.867,0.927,1.0,0.0,1.0,1.0,1.0,0,UCI_CKD_HCV_Synthetic_Doc
rbc,4.7,millions/uL,Normal Range,0.865,0.953,1.0,0.0,1.0,1.0,1.0,0,UCI_CKD_HCV_Synthetic_Doc
alt,27.12,U/L,Normal Range,0.855,0.96,1.0,0.0,1.0,1.0,1.0,0,UCI_CKD_HCV_Synthetic_Doc
ast,29.15,U/L,Normal Range,0.93,0.939,1.0,0.0,1.0,1.0,1.0,0,UCI_CKD_HCV_Synthetic_Doc
bilirubin,0.99,mg/dL,Normal Range,0.856,0.91,1.0,0.0,1.0,1.0,1.0,0,UCI_CKD_HCV_Synthetic_Doc
creatinine,1.15,mg/dL,Normal Range,0.897,0.966,1.0,0.0,1.0,1.0,1.0,0,UCI_CKD_HCV_Synthetic_Doc
creatinine,1.18,mg/dL,Normal Range,0.869,0.853,1.0,0.0,1.0,1.0,1.0,0,UCI_CKD_HCV_Synthetic_Doc
wbc,7539.23,/uL,Normal Range,0.907,0.905,1.0,0.0,1.0,1.0,1.0,0,UCI_CKD_HCV_Synthetic_Doc
alt,36.77,U/L,Normal Range,0.928,0.902,1.0,0.0,1.0,1.0,1.0,0,UCI_CKD_HCV_Synthetic_Doc
rbc,4.35,millions/uL,Normal Range,0.85,0.895,1.0,0.0,1.0,1.0,1.0,0,UCI_CKD_HCV_Synthetic_Doc
hemoglobin,15.56,g/dL,Normal Range,0.951,0.932,1.0,0.0,1.0,1.0,1.0,0,UCI_CKD_HCV_Synthetic_Doc
bilirubin,0.84,mg/dL,Normal Range,0.967,0.967,1.0,0.0,1.0,1.0,1.0,0,UCI_CKD_HCV_Synthetic_Doc
bilirubin,0.66,mg/dL,Normal Range,0.985,0.957,1.0,0.0,1.0,1.0,1.0,0,UCI_CKD_HCV_Synthetic_Doc
urea,24.04,mg/dL,Normal Range,0.94,0.921,1.0,0.0,1.0,1.0,1.0,0,UCI_CKD_HCV_Synthetic_Doc
rbc,4.38,millions/uL,Normal Range,0.994,0.991,1.0,0.0,1.0,1.0,1.0,0,UCI_CKD_HCV_Synthetic_Doc
alt,24.51,U/L,Normal Range,0.93,0.948,1.0,0.0,1.0,1.0,1.0,0,UCI_CKD_HCV_Synthetic_Doc
wbc,4979.67,/uL,Normal Range,0.879,0.871,1.0,0.0,1.0,1.0,1.0,0,UCI_CKD_HCV_Synthetic_Doc
potassium,3.89,mmol/L,Normal Range,0.977,0.897,1.0,0.0,1.0,1.0,1.0,0,UCI_CKD_HCV_Synthetic_Doc
glucose,103.14,mg/dL,Normal Range,0.945,0.908,1.0,0.0,1.0,1.0,1.0,0,UCI_CKD_HCV_Synthetic_Doc
rbc,4.58,millions/uL,Normal Range,0.946,0.971,1.0,0.0,1.0,1.0,1.0,0,UCI_CKD_HCV_Synthetic_Doc
hemoglobin,15.99,g/dL,Normal Range,0.931,0.859,1.0,0.0,1.0,1.0,1.0,0,UCI_CKD_HCV_Synthetic_Doc
urea,16.52,mg/dL,Normal Range,0.954,0.99,1.0,0.0,1.0,1.0,1.0,0,UCI_CKD_HCV_Synthetic_Doc
hemoglobin,11.83,g/dL,Normal Range,0.87,0.994,1.0,0.0,1.0,1.0,1.0,0,UCI_CKD_HCV_Synthetic_Doc
wbc,11679.08,/uL,Normal Range,0.964,0.903,1.0,0.0,1.0,1.0,1.0,0,UCI_CKD_HCV_Synthetic_Doc
potassium,3.94,mmol/L,Normal Range,0.891,0.971,1.0,0.0,1.0,1.0,1.0,0,UCI_CKD_HCV_Synthetic_Doc
urea,33.37,mg/dL,Normal Range,0.932,0.877,1.0,0.0,1.0,1.0,1.0,0,UCI_CKD_HCV_Synthetic_Doc
glucose,89.98,mg/dL,Normal Range,0.881,0.857,1.0,0.0,1.0,1.0,1.0,0,UCI_CKD_HCV_Synthetic_Doc
creatinine,0.51,mg/dL,Normal Range,0.871,0.999,1.0,0.0,1.0,1.0,1.0,0,UCI_CKD_HCV_Synthetic_Doc
urea,23.56,mg/dL,Normal Range,0.994,0.88,1.0,0.0,1.0,1.0,1.0,0,UCI_CKD_HCV_Synthetic_Doc
glucose,109.71,mg/dL,Normal Range,0.925,0.911,1.0,0.0,1.0,1.0,1.0,0,UCI_CKD_HCV_Synthetic_Doc
wbc,7595.92,/uL,Normal Range,0.889,0.916,1.0,0.0,1.0,1.0,1.0,0,UCI_CKD_HCV_Synthetic_Doc
glucose,103.3,mg/dL,Normal Range,0.876,0.882,1.0,0.0,1.0,1.0,1.0,0,UCI_CKD_HCV_Synthetic_Doc
urea,36.39,mg/dL,Normal Range,0.964,0.874,1.0,0.0,1.0,1.0,1.0,0,UCI_CKD_HCV_Synthetic_Doc
bilirubin,0.81,mg/dL,Normal Range,0.966,0.896,1.0,0.0,1.0,1.0,1.0,0,UCI_CKD_HCV_Synthetic_Doc
creatinine,1.59,mg/dL,Normal Range,0.994,0.965,1.0,0.0,1.0,1.0,1.0,0,UCI_CKD_HCV_Synthetic_Doc
ast,24.91,U/L,Normal Range,0.94,0.975,1.0,0.0,1.0,1.0,1.0,0,UCI_CKD_HCV_Synthetic_Doc
hemoglobin,14.74,g/dL,Normal Range,0.884,0.945,1.0,0.0,1.0,1.0,1.0,0,UCI_CKD_HCV_Synthetic_Doc
bilirubin,0.74,mg/dL,Normal Range,0.971,0.877,1.0,0.0,1.0,1.0,1.0,0,UCI_CKD_HCV_Synthetic_Doc
albumin,3.96,g/dL,Normal Range,0.914,0.854,1.0,0.0,1.0,1.0,1.0,0,UCI_CKD_HCV_Synthetic_Doc
glucose,101.65,mg/dL,Normal Range,0.984,0.85,1.0,0.0,1.0,1.0,1.0,0,UCI_CKD_HCV_Synthetic_Doc
hemoglobin,11.98,g/dL,Normal Range,0.988,0.999,1.0,0.0,1.0,1.0,1.0,0,UCI_CKD_HCV_Synthetic_Doc
sodium,132.73,mmol/L,Normal Range,0.964,0.906,1.0,0.0,1.0,1.0,1.0,0,UCI_CKD_HCV_Synthetic_Doc
hemoglobin,13.33,g/dL,Normal Range,0.891,0.943,1.0,0.0,1.0,1.0,1.0,0,UCI_CKD_HCV_Synthetic_Doc
hemoglobin,12.16,g/dL,Normal Range,0.908,0.936,1.0,0.0,1.0,1.0,1.0,0,UCI_CKD_HCV_Synthetic_Doc
urea,11.83,mg/dL,Normal Range,0.879,0.988,1.0,0.0,1.0,1.0,1.0,0,UCI_CKD_HCV_Synthetic_Doc
hemoglobin,14.96,g/dL,Normal Range,0.854,0.976,1.0,0.0,1.0,1.0,1.0,0,UCI_CKD_HCV_Synthetic_Doc
sodium,139.86,mmol/L,Normal Range,0.892,0.993,1.0,0.0,1.0,1.0,1.0,0,UCI_CKD_HCV_Synthetic_Doc
alt,22.73,U/L,Normal Range,0.958,0.934,1.0,0.0,1.0,1.0,1.0,0,UCI_CKD_HCV_Synthetic_Doc
alt,44.41,U/L,Normal Range,0.892,0.903,1.0,0.0,1.0,1.0,1.0,0,UCI_CKD_HCV_Synthetic_Doc
albumin,4.25,g/dL,Normal Range,0.992,0.984,1.0,0.0,1.0,1.0,1.0,0,UCI_CKD_HCV_Synthetic_Doc
alt,32.94,U/L,Normal Range,0.983,0.932,1.0,0.0,1.0,1.0,1.0,0,UCI_CKD_HCV_Synthetic_Doc
bilirubin,0.96,mg/dL,Normal Range,0.878,0.9,1.0,0.0,1.0,1.0,1.0,0,UCI_CKD_HCV_Synthetic_Doc
albumin,4.25,g/dL,Normal Range,0.905,0.894,1.0,0.0,1.0,1.0,1.0,0,UCI_CKD_HCV_Synthetic_Doc
glucose,87.09,mg/dL,Normal Range,0.926,0.911,1.0,0.0,1.0,1.0,1.0,0,UCI_CKD_HCV_Synthetic_Doc
bilirubin,1.07,mg/dL,Normal Range,0.903,0.974,1.0,0.0,1.0,1.0,1.0,0,UCI_CKD_HCV_Synthetic_Doc
urea,41.17,mg/dL,Normal Range,0.981,0.931,1.0,0.0,1.0,1.0,1.0,0,UCI_CKD_HCV_Synthetic_Doc
bilirubin,0.91,mg/dL,Normal Range,0.909,0.932,1.0,0.0,1.0,1.0,1.0,0,UCI_CKD_HCV_Synthetic_Doc
sodium,138.28,mmol/L,Normal Range,0.85,0.912,1.0,0.0,1.0,1.0,1.0,0,UCI_CKD_HCV_Synthetic_Doc
ast,47.14,U/L,Normal Range,0.88,0.881,1.0,0.0,1.0,1.0,1.0,0,UCI_CKD_HCV_Synthetic_Doc
alt,14.87,U/L,Normal Range,0.896,0.885,1.0,0.0,1.0,1.0,1.0,0,UCI_CKD_HCV_Synthetic_Doc
glucose,122.67,mg/dL,Normal Range,0.946,0.912,1.0,0.0,1.0,1.0,1.0,0,UCI_CKD_HCV_Synthetic_Doc
albumin,3.75,g/dL,Normal Range,0.941,0.984,1.0,0.0,1.0,1.0,1.0,0,UCI_CKD_HCV_Synthetic_Doc
alt,35.36,U/L,Normal Range,0.877,0.906,1.0,0.0,1.0,1.0,1.0,0,UCI_CKD_HCV_Synthetic_Doc
wbc,8659.29,/uL,Normal Range,1.0,0.911,1.0,0.0,1.0,1.0,1.0,0,UCI_CKD_HCV_Synthetic_Doc
bilirubin,0.88,mg/dL,Normal Range,0.872,0.907,1.0,0.0,1.0,1.0,1.0,0,UCI_CKD_HCV_Synthetic_Doc
albumin,4.98,g/dL,Normal Range,0.932,0.956,1.0,0.0,1.0,1.0,1.0,0,UCI_CKD_HCV_Synthetic_Doc
wbc,7766.51,/uL,Normal Range,0.89,0.944,1.0,0.0,1.0,1.0,1.0,0,UCI_CKD_HCV_Synthetic_Doc
ast,3.51,U/L,Normal Range,0.89,0.94,1.0,0.0,1.0,1.0,1.0,0,UCI_CKD_HCV_Synthetic_Doc
hemoglobin,11.65,g/dL,Normal Range,0.934,0.967,1.0,0.0,1.0,1.0,1.0,0,UCI_CKD_HCV_Synthetic_Doc
sodium,140.32,mmol/L,Normal Range,0.876,0.996,1.0,0.0,1.0,1.0,1.0,0,UCI_CKD_HCV_Synthetic_Doc
bilirubin,0.69,mg/dL,Normal Range,0.865,0.971,1.0,0.0,1.0,1.0,1.0,0,UCI_CKD_HCV_Synthetic_Doc
albumin,4.01,g/dL,Normal Range,0.869,0.978,1.0,0.0,1.0,1.0,1.0,0,UCI_CKD_HCV_Synthetic_Doc
sodium,142.36,mmol/L,Normal Range,0.879,0.902,1.0,0.0,1.0,1.0,1.0,0,UCI_CKD_HCV_Synthetic_Doc
ast,19.36,U/L,Normal Range,0.95,0.874,1.0,0.0,1.0,1.0,1.0,0,UCI_CKD_HCV_Synthetic_Doc
creatinine,1.42,mg/dL,Normal Range,0.934,0.992,1.0,0.0,1.0,1.0,1.0,0,UCI_CKD_HCV_Synthetic_Doc
creatinine,1.38,mg/dL,Normal Range,0.897,0.922,1.0,0.0,1.0,1.0,1.0,0,UCI_CKD_HCV_Synthetic_Doc
hemoglobin,14.89,g/dL,Normal Range,0.908,0.854,1.0,0.0,1.0,1.0,1.0,0,UCI_CKD_HCV_Synthetic_Doc
hemoglobin,15.2,g/dL,Normal Range,0.869,0.97,1.0,0.0,1.0,1.0,1.0,0,UCI_CKD_HCV_Synthetic_Doc
creatinine,0.98,mg/dL,Normal Range,0.885,0.956,1.0,0.0,1.0,1.0,1.0,0,UCI_CKD_HCV_Synthetic_Doc
glucose,106.37,mg/dL,Normal Range,0.956,0.93,1.0,0.0,1.0,1.0,1.0,0,UCI_CKD_HCV_Synthetic_Doc
bilirubin,0.8,mg/dL,Normal Range,0.958,0.979,1.0,0.0,1.0,1.0,1.0,0,UCI_CKD_HCV_Synthetic_Doc
glucose,78.49,mg/dL,Normal Range,0.993,0.884,1.0,0.0,1.0,1.0,1.0,0,UCI_CKD_HCV_Synthetic_Doc
wbc,5265.72,/uL,Normal Range,0.981,0.951,1.0,0.0,1.0,1.0,1.0,0,UCI_CKD_HCV_Synthetic_Doc
alt,12.85,U/L,Normal Range,0.861,0.897,1.0,0.0,1.0,1.0,1.0,0,UCI_CKD_HCV_Synthetic_Doc
albumin,4.81,g/dL,Normal Range,0.986,0.852,1.0,0.0,1.0,1.0,1.0,0,UCI_CKD_HCV_Synthetic_Doc
bilirubin,0.88,mg/dL,Normal Range,0.858,0.932,1.0,0.0,1.0,1.0,1.0,0,UCI_CKD_HCV_Synthetic_Doc
alt,12.65,U/L,Normal Range,0.943,0.9,1.0,0.0,1.0,1.0,1.0,0,UCI_CKD_HCV_Synthetic_Doc
sodium,133.59,mmol/L,Normal Range,0.982,0.941,1.0,0.0,1.0,1.0,1.0,0,UCI_CKD_HCV_Synthetic_Doc
bilirubin,0.59,mg/dL,Normal Range,0.915,0.953,1.0,0.0,1.0,1.0,1.0,0,UCI_CKD_HCV_Synthetic_Doc
alt,36.18,U/L,Normal Range,0.861,0.881,1.0,0.0,1.0,1.0,1.0,0,UCI_CKD_HCV_Synthetic_Doc
albumin,4.28,g/dL,Normal Range,0.951,0.945,1.0,0.0,1.0,1.0,1.0,0,UCI_CKD_HCV_Synthetic_Doc
albumin,4.45,g/dL,Normal Range,0.913,0.963,1.0,0.0,1.0,1.0,1.0,0,UCI_CKD_HCV_Synthetic_Doc
bilirubin,0.79,mg/dL,Normal Range,0.997,0.865,1.0,0.0,1.0,1.0,1.0,0,UCI_CKD_HCV_Synthetic_Doc
potassium,4.07,mmol/L,Normal Range,0.867,0.911,1.0,0.0,1.0,1.0,1.0,0,UCI_CKD_HCV_Synthetic_Doc
alt,29.09,U/L,Normal Range,0.881,0.928,1.0,0.0,1.0,1.0,1.0,0,UCI_CKD_HCV_Synthetic_Doc
albumin,3.56,g/dL,Normal Range,0.89,0.881,1.0,0.0,1.0,1.0,1.0,0,UCI_CKD_HCV_Synthetic_Doc
sodium,141.97,mmol/L,Normal Range,0.932,0.953,1.0,0.0,1.0,1.0,1.0,0,UCI_CKD_HCV_Synthetic_Doc
potassium,4.88,mmol/L,Normal Range,0.941,0.862,1.0,0.0,1.0,1.0,1.0,0,UCI_CKD_HCV_Synthetic_Doc
ast,26.37,U/L,Normal Range,0.954,0.919,1.0,0.0,1.0,1.0,1.0,0,UCI_CKD_HCV_Synthetic_Doc
glucose,76.92,mg/dL,Normal Range,0.947,0.89,1.0,0.0,1.0,1.0,1.0,0,UCI_CKD_HCV_Synthetic_Doc
urea,16.43,mg/dL,Normal Range,0.935,0.918,1.0,0.0,1.0,1.0,1.0,0,UCI_CKD_HCV_Synthetic_Doc
ast,48.37,U/L,Normal Range,0.897,0.891,1.0,0.0,1.0,1.0,1.0,0,UCI_CKD_HCV_Synthetic_Doc
rbc,4.72,millions/uL,Normal Range,0.942,0.882,1.0,0.0,1.0,1.0,1.0,0,UCI_CKD_HCV_Synthetic_Doc
glucose,69.83,mg/dL,Normal Range,0.982,0.88,1.0,0.0,1.0,1.0,1.0,0,UCI_CKD_HCV_Synthetic_Doc
ast,7.78,U/L,Normal Range,0.858,0.944,1.0,0.0,1.0,1.0,1.0,0,UCI_CKD_HCV_Synthetic_Doc
hemoglobin,16.36,g/dL,Normal Range,0.99,0.931,1.0,0.0,1.0,1.0,1.0,0,UCI_CKD_HCV_Synthetic_Doc
glucose,92.26,mg/dL,Normal Range,0.976,0.878,1.0,0.0,1.0,1.0,1.0,0,UCI_CKD_HCV_Synthetic_Doc
ast,34.96,U/L,Normal Range,0.997,0.865,1.0,0.0,1.0,1.0,1.0,0,UCI_CKD_HCV_Synthetic_Doc
urea,17.48,mg/dL,Normal Range,0.984,0.863,1.0,0.0,1.0,1.0,1.0,0,UCI_CKD_HCV_Synthetic_Doc
sodium,143.69,mmol/L,Normal Range,0.915,0.889,1.0,0.0,1.0,1.0,1.0,0,UCI_CKD_HCV_Synthetic_Doc
wbc,10999.17,/uL,Normal Range,0.946,0.886,1.0,0.0,1.0,1.0,1.0,0,UCI_CKD_HCV_Synthetic_Doc
hemoglobin,16.26,g/dL,Normal Range,0.881,0.948,1.0,0.0,1.0,1.0,1.0,0,UCI_CKD_HCV_Synthetic_Doc
alt,29.31,U/L,Normal Range,0.852,0.887,1.0,0.0,1.0,1.0,1.0,0,UCI_CKD_HCV_Synthetic_Doc
sodium,141.27,mmol/L,Normal Range,0.852,0.862,1.0,0.0,1.0,1.0,1.0,0,UCI_CKD_HCV_Synthetic_Doc
urea,28.99,mg/dL,Normal Range,0.96,0.941,1.0,0.0,1.0,1.0,1.0,0,UCI_CKD_HCV_Synthetic_Doc
wbc,6068.48,/uL,Normal Range,0.939,0.906,1.0,0.0,1.0,1.0,1.0,0,UCI_CKD_HCV_Synthetic_Doc
albumin,4.4,g/dL,Normal Range,0.973,0.99,1.0,0.0,1.0,1.0,1.0,0,UCI_CKD_HCV_Synthetic_Doc
bilirubin,0.94,mg/dL,Normal Range,0.88,0.943,1.0,0.0,1.0,1.0,1.0,0,UCI_CKD_HCV_Synthetic_Doc
creatinine,1.39,mg/dL,Normal Range,0.914,0.881,1.0,0.0,1.0,1.0,1.0,0,UCI_CKD_HCV_Synthetic_Doc
wbc,5994.31,/uL,Normal Range,0.931,0.89,1.0,0.0,1.0,1.0,1.0,0,UCI_CKD_HCV_Synthetic_Doc
rbc,5.4,millions/uL,Normal Range,0.946,0.975,1.0,0.0,1.0,1.0,1.0,0,UCI_CKD_HCV_Synthetic_Doc
bilirubin,0.73,mg/dL,Normal Range,0.916,0.947,1.0,0.0,1.0,1.0,1.0,0,UCI_CKD_HCV_Synthetic_Doc
alt,20.24,U/L,Normal Range,0.925,0.968,1.0,0.0,1.0,1.0,1.0,0,UCI_CKD_HCV_Synthetic_Doc
potassium,4.9,mmol/L,Normal Range,0.853,0.895,1.0,0.0,1.0,1.0,1.0,0,UCI_CKD_HCV_Synthetic_Doc
albumin,4.19,g/dL,Normal Range,0.989,0.866,1.0,0.0,1.0,1.0,1.0,0,UCI_CKD_HCV_Synthetic_Doc
albumin,3.86,g/dL,Normal Range,0.957,0.852,1.0,0.0,1.0,1.0,1.0,0,UCI_CKD_HCV_Synthetic_Doc
sodium,136.2,mmol/L,Normal Range,0.874,0.861,1.0,0.0,1.0,1.0,1.0,0,UCI_CKD_HCV_Synthetic_Doc
potassium,3.95,mmol/L,Normal Range,0.991,0.962,1.0,0.0,1.0,1.0,1.0,0,UCI_CKD_HCV_Synthetic_Doc
glucose,109.27,mg/dL,Normal Range,0.867,0.893,1.0,0.0,1.0,1.0,1.0,0,UCI_CKD_HCV_Synthetic_Doc
hemoglobin,15.44,g/dL,Normal Range,0.989,0.916,1.0,0.0,1.0,1.0,1.0,0,UCI_CKD_HCV_Synthetic_Doc
potassium,3.13,mmol/L,Normal Range,0.903,0.974,1.0,0.0,1.0,1.0,1.0,0,UCI_CKD_HCV_Synthetic_Doc
sodium,141.13,mmol/L,Normal Range,0.974,0.882,1.0,0.0,1.0,1.0,1.0,0,UCI_CKD_HCV_Synthetic_Doc
albumin,4.14,g/dL,Normal Range,0.903,0.926,1.0,0.0,1.0,1.0,1.0,0,UCI_CKD_HCV_Synthetic_Doc
albumin,4.36,g/dL,Normal Range,0.885,0.898,1.0,0.0,1.0,1.0,1.0,0,UCI_CKD_HCV_Synthetic_Doc
sodium,140.23,mmol/L,Normal Range,0.969,0.983,1.0,0.0,1.0,1.0,1.0,0,UCI_CKD_HCV_Synthetic_Doc
rbc,3.51,millions/uL,Normal Range,0.979,0.962,1.0,0.0,1.0,1.0,1.0,0,UCI_CKD_HCV_Synthetic_Doc
sodium,129.71,mmol/L,Normal Range,0.958,0.908,1.0,0.0,1.0,1.0,1.0,0,UCI_CKD_HCV_Synthetic_Doc
albumin,3.67,g/dL,Normal Range,0.914,0.961,1.0,0.0,1.0,1.0,1.0,0,UCI_CKD_HCV_Synthetic_Doc
alt,36.71,U/L,Normal Range,0.927,0.874,1.0,0.0,1.0,1.0,1.0,0,UCI_CKD_HCV_Synthetic_Doc
creatinine,1.37,mg/dL,Normal Range,0.902,0.912,1.0,0.0,1.0,1.0,1.0,0,UCI_CKD_HCV_Synthetic_Doc
potassium,4.76,mmol/L,Normal Range,0.868,0.882,1.0,0.0,1.0,1.0,1.0,0,UCI_CKD_HCV_Synthetic_Doc
wbc,11167.85,/uL,Normal Range,0.887,0.859,1.0,0.0,1.0,1.0,1.0,0,UCI_CKD_HCV_Synthetic_Doc
ast,15.87,U/L,Normal Range,0.962,0.936,1.0,0.0,1.0,1.0,1.0,0,UCI_CKD_HCV_Synthetic_Doc
wbc,5048.46,/uL,Normal Range,0.934,0.912,1.0,0.0,1.0,1.0,1.0,0,UCI_CKD_HCV_Synthetic_Doc
creatinine,1.75,mg/dL,Normal Range,0.955,0.876,1.0,0.0,1.0,1.0,1.0,0,UCI_CKD_HCV_Synthetic_Doc
urea,35.84,mg/dL,Normal Range,0.899,0.932,1.0,0.0,1.0,1.0,1.0,0,UCI_CKD_HCV_Synthetic_Doc
creatinine,1.22,mg/dL,Normal Range,0.867,0.941,1.0,0.0,1.0,1.0,1.0,0,UCI_CKD_HCV_Synthetic_Doc
albumin,5.31,g/dL,Normal Range,0.871,0.954,1.0,0.0,1.0,1.0,1.0,0,UCI_CKD_HCV_Synthetic_Doc
albumin,4.35,g/dL,Normal Range,0.952,0.966,1.0,0.0,1.0,1.0,1.0,0,UCI_CKD_HCV_Synthetic_Doc
albumin,3.99,g/dL,Normal Range,0.913,0.853,1.0,0.0,1.0,1.0,1.0,0,UCI_CKD_HCV_Synthetic_Doc
creatinine,1.17,mg/dL,Normal Range,0.911,0.983,1.0,0.0,1.0,1.0,1.0,0,UCI_CKD_HCV_Synthetic_Doc
wbc,9227.76,/uL,Normal Range,0.953,0.888,1.0,0.0,1.0,1.0,1.0,0,UCI_CKD_HCV_Synthetic_Doc
sodium,142.66,mmol/L,Normal Range,0.963,0.92,1.0,0.0,1.0,1.0,1.0,0,UCI_CKD_HCV_Synthetic_Doc
ast,43.03,U/L,Normal Range,0.976,0.923,1.0,0.0,1.0,1.0,1.0,0,UCI_CKD_HCV_Synthetic_Doc
glucose,101.66,mg/dL,Normal Range,0.927,0.973,1.0,0.0,1.0,1.0,1.0,0,UCI_CKD_HCV_Synthetic_Doc
sodium,131.77,mmol/L,Normal Range,0.982,0.92,1.0,0.0,1.0,1.0,1.0,0,UCI_CKD_HCV_Synthetic_Doc
alt,46.09,U/L,Normal Range,0.852,0.892,1.0,0.0,1.0,1.0,1.0,0,UCI_CKD_HCV_Synthetic_Doc
urea,13.9,mg/dL,Normal Range,0.86,0.982,1.0,0.0,1.0,1.0,1.0,0,UCI_CKD_HCV_Synthetic_Doc
rbc,5.14,millions/uL,Normal Range,0.977,0.932,1.0,0.0,1.0,1.0,1.0,0,UCI_CKD_HCV_Synthetic_Doc
creatinine,0.7,mg/dL,Normal Range,0.861,0.906,1.0,0.0,1.0,1.0,1.0,0,UCI_CKD_HCV_Synthetic_Doc
ast,1.73,U/L,Normal Range,0.883,0.903,1.0,0.0,1.0,1.0,1.0,0,UCI_CKD_HCV_Synthetic_Doc
bilirubin,0.99,mg/dL,Normal Range,0.86,0.905,1.0,0.0,1.0,1.0,1.0,0,UCI_CKD_HCV_Synthetic_Doc
wbc,6594.88,/uL,Normal Range,0.902,0.989,1.0,0.0,1.0,1.0,1.0,0,UCI_CKD_HCV_Synthetic_Doc
wbc,7240.18,/uL,Normal Range,0.975,0.976,1.0,0.0,1.0,1.0,1.0,0,UCI_CKD_HCV_Synthetic_Doc
sodium,140.07,mmol/L,Normal Range,0.86,0.965,1.0,0.0,1.0,1.0,1.0,0,UCI_CKD_HCV_Synthetic_Doc
potassium,4.96,mmol/L,Normal Range,0.932,0.928,1.0,0.0,1.0,1.0,1.0,0,UCI_CKD_HCV_Synthetic_Doc
albumin,4.76,g/dL,Normal Range,0.852,0.881,1.0,0.0,1.0,1.0,1.0,0,UCI_CKD_HCV_Synthetic_Doc
rbc,5.26,millions/uL,Normal Range,0.961,0.875,1.0,0.0,1.0,1.0,1.0,0,UCI_CKD_HCV_Synthetic_Doc
sodium,134.4,mmol/L,Normal Range,0.874,0.889,1.0,0.0,1.0,1.0,1.0,0,UCI_CKD_HCV_Synthetic_Doc
glucose,54.75,mg/dL,Normal Range,0.915,0.966,1.0,0.0,1.0,1.0,1.0,0,UCI_CKD_HCV_Synthetic_Doc
potassium,5.13,mmol/L,Normal Range,0.873,0.921,1.0,0.0,1.0,1.0,1.0,0,UCI_CKD_HCV_Synthetic_Doc
wbc,9719.86,/uL,Normal Range,0.891,0.88,1.0,0.0,1.0,1.0,1.0,0,UCI_CKD_HCV_Synthetic_Doc
wbc,8279.2,/uL,Normal Range,0.979,0.98,1.0,0.0,1.0,1.0,1.0,0,UCI_CKD_HCV_Synthetic_Doc
potassium,3.59,mmol/L,Normal Range,0.926,0.878,1.0,0.0,1.0,1.0,1.0,0,UCI_CKD_HCV_Synthetic_Doc
creatinine,0.58,mg/dL,Normal Range,0.917,0.918,1.0,0.0,1.0,1.0,1.0,0,UCI_CKD_HCV_Synthetic_Doc
creatinine,1.1,mg/dL,Normal Range,0.891,0.954,1.0,0.0,1.0,1.0,1.0,0,UCI_CKD_HCV_Synthetic_Doc
glucose,99.3,mg/dL,Normal Range,0.899,0.89,1.0,0.0,1.0,1.0,1.0,0,UCI_CKD_HCV_Synthetic_Doc
rbc,5.13,millions/uL,Normal Range,0.919,0.892,1.0,0.0,1.0,1.0,1.0,0,UCI_CKD_HCV_Synthetic_Doc
wbc,4448.14,/uL,Normal Range,0.949,0.972,1.0,0.0,1.0,1.0,1.0,0,UCI_CKD_HCV_Synthetic_Doc
hemoglobin,14.74,g/dL,Normal Range,0.919,0.997,1.0,0.0,1.0,1.0,1.0,0,UCI_CKD_HCV_Synthetic_Doc
bilirubin,0.88,mg/dL,Normal Range,0.905,0.915,1.0,0.0,1.0,1.0,1.0,0,UCI_CKD_HCV_Synthetic_Doc
creatinine,0.78,mg/dL,Normal Range,0.92,0.89,1.0,0.0,1.0,1.0,1.0,0,UCI_CKD_HCV_Synthetic_Doc
alt,36.76,U/L,Normal Range,0.968,0.914,1.0,0.0,1.0,1.0,1.0,0,UCI_CKD_HCV_Synthetic_Doc
wbc,8211.78,/uL,Normal Range,0.927,0.96,1.0,0.0,1.0,1.0,1.0,0,UCI_CKD_HCV_Synthetic_Doc
albumin,3.97,g/dL,Normal Range,0.937,0.86,1.0,0.0,1.0,1.0,1.0,0,UCI_CKD_HCV_Synthetic_Doc
wbc,8789.26,/uL,Normal Range,1.0,0.899,1.0,0.0,1.0,1.0,1.0,0,UCI_CKD_HCV_Synthetic_Doc
wbc,8237.2,/uL,Normal Range,1.0,0.886,1.0,0.0,1.0,1.0,1.0,0,UCI_CKD_HCV_Synthetic_Doc
creatinine,1.13,mg/dL,Normal Range,0.994,0.984,1.0,0.0,1.0,1.0,1.0,0,UCI_CKD_HCV_Synthetic_Doc
alt,29.01,U/L,Normal Range,0.897,0.948,1.0,0.0,1.0,1.0,1.0,0,UCI_CKD_HCV_Synthetic_Doc
glucose,130.78,mg/dL,Normal Range,0.852,0.853,1.0,0.0,1.0,1.0,1.0,0,UCI_CKD_HCV_Synthetic_Doc
bilirubin,1.2,mg/dL,Normal Range,0.856,0.976,1.0,0.0,1.0,1.0,1.0,0,UCI_CKD_HCV_Synthetic_Doc
wbc,8759.5,/uL,Normal Range,0.851,0.991,1.0,0.0,1.0,1.0,1.0,0,UCI_CKD_HCV_Synthetic_Doc
alt,27.99,U/L,Normal Range,0.937,0.999,1.0,0.0,1.0,1.0,1.0,0,UCI_CKD_HCV_Synthetic_Doc
glucose,121.13,mg/dL,Normal Range,0.916,0.956,1.0,0.0,1.0,1.0,1.0,0,UCI_CKD_HCV_Synthetic_Doc
wbc,10803.09,/uL,Normal Range,0.98,0.907,1.0,0.0,1.0,1.0,1.0,0,UCI_CKD_HCV_Synthetic_Doc
urea,58.11,mg/dL,Normal Range,0.901,0.929,1.0,0.0,1.0,1.0,1.0,0,UCI_CKD_HCV_Synthetic_Doc
wbc,2465.71,/uL,Normal Range,0.924,0.979,1.0,0.0,1.0,1.0,1.0,0,UCI_CKD_HCV_Synthetic_Doc
potassium,3.52,mmol/L,Normal Range,0.957,0.939,1.0,0.0,1.0,1.0,1.0,0,UCI_CKD_HCV_Synthetic_Doc
wbc,9376.44,/uL,Normal Range,0.867,0.989,1.0,0.0,1.0,1.0,1.0,0,UCI_CKD_HCV_Synthetic_Doc
rbc,4.59,millions/uL,Normal Range,0.925,0.954,1.0,0.0,1.0,1.0,1.0,0,UCI_CKD_HCV_Synthetic_Doc
sodium,133.75,mmol/L,Normal Range,0.873,0.945,1.0,0.0,1.0,1.0,1.0,0,UCI_CKD_HCV_Synthetic_Doc
hemoglobin,15.24,g/dL,Normal Range,0.912,0.881,1.0,0.0,1.0,1.0,1.0,0,UCI_CKD_HCV_Synthetic_Doc
ast,55.82,U/L,Normal Range,0.976,0.875,1.0,0.0,1.0,1.0,1.0,0,UCI_CKD_HCV_Synthetic_Doc
hemoglobin,12.44,g/dL,Normal Range,0.953,0.854,1.0,0.0,1.0,1.0,1.0,0,UCI_CKD_HCV_Synthetic_Doc
wbc,9193.04,/uL,Normal Range,0.97,0.994,1.0,0.0,1.0,1.0,1.0,0,UCI_CKD_HCV_Synthetic_Doc
glucose,107.49,mg/dL,Normal Range,0.946,0.993,1.0,0.0,1.0,1.0,1.0,0,UCI_CKD_HCV_Synthetic_Doc
urea,5.18,mg/dL,Normal Range,0.988,0.937,1.0,0.0,1.0,1.0,1.0,0,UCI_CKD_HCV_Synthetic_Doc
bilirubin,0.96,mg/dL,Normal Range,0.864,0.939,1.0,0.0,1.0,1.0,1.0,0,UCI_CKD_HCV_Synthetic_Doc
hemoglobin,13.35,g/dL,Normal Range,0.863,0.941,1.0,0.0,1.0,1.0,1.0,0,UCI_CKD_HCV_Synthetic_Doc
hemoglobin,12.6,g/dL,Normal Range,0.887,0.954,1.0,0.0,1.0,1.0,1.0,0,UCI_CKD_HCV_Synthetic_Doc
wbc,8357.58,/uL,Normal Range,0.983,0.879,1.0,0.0,1.0,1.0,1.0,0,UCI_CKD_HCV_Synthetic_Doc
alt,20.91,U/L,Normal Range,0.97,0.983,1.0,0.0,1.0,1.0,1.0,0,UCI_CKD_HCV_Synthetic_Doc
sodium,140.01,mmol/L,Normal Range,0.996,0.92,1.0,0.0,1.0,1.0,1.0,0,UCI_CKD_HCV_Synthetic_Doc
alt,34.84,U/L,Normal Range,0.859,0.9,1.0,0.0,1.0,1.0,1.0,0,UCI_CKD_HCV_Synthetic_Doc
albumin,3.19,g/dL,Normal Range,0.95,0.984,1.0,0.0,1.0,1.0,1.0,0,UCI_CKD_HCV_Synthetic_Doc
glucose,63.71,mg/dL,Normal Range,0.933,0.968,1.0,0.0,1.0,1.0,1.0,0,UCI_CKD_HCV_Synthetic_Doc
albumin,3.87,g/dL,Normal Range,0.92,0.89,1.0,0.0,1.0,1.0,1.0,0,UCI_CKD_HCV_Synthetic_Doc
potassium,3.85,mmol/L,Normal Range,0.861,0.916,1.0,0.0,1.0,1.0,1.0,0,UCI_CKD_HCV_Synthetic_Doc
hemoglobin,13.38,g/dL,Normal Range,0.892,0.97,1.0,0.0,1.0,1.0,1.0,0,UCI_CKD_HCV_Synthetic_Doc
bilirubin,0.94,mg/dL,Normal Range,0.883,0.853,1.0,0.0,1.0,1.0,1.0,0,UCI_CKD_HCV_Synthetic_Doc
potassium,3.82,mmol/L,Normal Range,0.951,0.859,1.0,0.0,1.0,1.0,1.0,0,UCI_CKD_HCV_Synthetic_Doc
alt,9.45,U/L,Normal Range,0.876,0.985,1.0,0.0,1.0,1.0,1.0,0,UCI_CKD_HCV_Synthetic_Doc
urea,43.22,mg/dL,Normal Range,0.873,0.862,1.0,0.0,1.0,1.0,1.0,0,UCI_CKD_HCV_Synthetic_Doc
urea,24.3,mg/dL,Normal Range,0.974,0.956,1.0,0.0,1.0,1.0,1.0,0,UCI_CKD_HCV_Synthetic_Doc
alt,43.14,U/L,Normal Range,0.896,0.897,1.0,0.0,1.0,1.0,1.0,0,UCI_CKD_HCV_Synthetic_Doc
rbc,4.73,millions/uL,Normal Range,0.891,0.923,1.0,0.0,1.0,1.0,1.0,0,UCI_CKD_HCV_Synthetic_Doc
creatinine,1.13,mg/dL,Normal Range,0.909,0.957,1.0,0.0,1.0,1.0,1.0,0,UCI_CKD_HCV_Synthetic_Doc
alt,24.55,U/L,Normal Range,0.913,0.919,1.0,0.0,1.0,1.0,1.0,0,UCI_CKD_HCV_Synthetic_Doc
sodium,146.33,mmol/L,Normal Range,0.967,0.979,1.0,0.0,1.0,1.0,1.0,0,UCI_CKD_HCV_Synthetic_Doc
albumin,4.61,g/dL,Normal Range,0.976,0.998,1.0,0.0,1.0,1.0,1.0,0,UCI_CKD_HCV_Synthetic_Doc
sodium,128.83,mmol/L,Normal Range,0.948,0.934,1.0,0.0,1.0,1.0,1.0,0,UCI_CKD_HCV_Synthetic_Doc
ast,55.82,U/L,Normal Range,0.976,0.904,1.0,0.0,1.0,1.0,1.0,0,UCI_CKD_HCV_Synthetic_Doc
glucose,87.39,mg/dL,Normal Range,0.955,0.912,1.0,0.0,1.0,1.0,1.0,0,UCI_CKD_HCV_Synthetic_Doc
bilirubin,0.87,mg/dL,Normal Range,0.879,0.993,1.0,0.0,1.0,1.0,1.0,0,UCI_CKD_HCV_Synthetic_Doc
alt,45.75,U/L,Normal Range,0.927,0.98,1.0,0.0,1.0,1.0,1.0,0,UCI_CKD_HCV_Synthetic_Doc
ast,29.04,U/L,Normal Range,0.884,0.933,1.0,0.0,1.0,1.0,1.0,0,UCI_CKD_HCV_Synthetic_Doc
sodium,135.49,mmol/L,Normal Range,0.87,0.978,1.0,0.0,1.0,1.0,1.0,0,UCI_CKD_HCV_Synthetic_Doc
alt,36.54,U/L,Normal Range,0.892,0.883,1.0,0.0,1.0,1.0,1.0,0,UCI_CKD_HCV_Synthetic_Doc
ast,20.32,U/L,Normal Range,0.989,0.995,1.0,0.0,1.0,1.0,1.0,0,UCI_CKD_HCV_Synthetic_Doc
bilirubin,1.05,mg/dL,Normal Range,0.906,0.968,1.0,0.0,1.0,1.0,1.0,0,UCI_CKD_HCV_Synthetic_Doc
glucose,125.96,mg/dL,Normal Range,0.936,0.901,1.0,0.0,1.0,1.0,1.0,0,UCI_CKD_HCV_Synthetic_Doc
hemoglobin,11.75,g/dL,Normal Range,0.951,0.883,1.0,0.0,1.0,1.0,1.0,0,UCI_CKD_HCV_Synthetic_Doc
alt,20.67,U/L,Normal Range,0.889,0.85,1.0,0.0,1.0,1.0,1.0,0,UCI_CKD_HCV_Synthetic_Doc
potassium,4.47,mmol/L,Normal Range,0.969,0.944,1.0,0.0,1.0,1.0,1.0,0,UCI_CKD_HCV_Synthetic_Doc
creatinine,0.94,mg/dL,Normal Range,0.903,0.864,1.0,0.0,1.0,1.0,1.0,0,UCI_CKD_HCV_Synthetic_Doc
potassium,3.61,mmol/L,Normal Range,0.886,0.992,1.0,0.0,1.0,1.0,1.0,0,UCI_CKD_HCV_Synthetic_Doc
albumin,3.73,g/dL,Normal Range,0.886,0.986,1.0,0.0,1.0,1.0,1.0,0,UCI_CKD_HCV_Synthetic_Doc
albumin,3.87,g/dL,Normal Range,0.851,0.966,1.0,0.0,1.0,1.0,1.0,0,UCI_CKD_HCV_Synthetic_Doc
albumin,2.83,g/dL,Normal Range,0.94,1.0,1.0,0.0,1.0,1.0,1.0,0,UCI_CKD_HCV_Synthetic_Doc
urea,22.5,mg/dL,Normal Range,0.91,0.974,1.0,0.0,1.0,1.0,1.0,0,UCI_CKD_HCV_Synthetic_Doc
wbc,7782.51,/uL,Normal Range,0.942,0.987,1.0,0.0,1.0,1.0,1.0,0,UCI_CKD_HCV_Synthetic_Doc
potassium,3.13,mmol/L,Normal Range,0.966,0.869,1.0,0.0,1.0,1.0,1.0,0,UCI_CKD_HCV_Synthetic_Doc
hemoglobin,14.95,g/dL,Normal Range,0.989,0.999,1.0,0.0,1.0,1.0,1.0,0,UCI_CKD_HCV_Synthetic_Doc
rbc,4.53,millions/uL,Normal Range,0.854,0.917,1.0,0.0,1.0,1.0,1.0,0,UCI_CKD_HCV_Synthetic_Doc
sodium,137.29,mmol/L,Normal Range,0.966,0.987,1.0,0.0,1.0,1.0,1.0,0,UCI_CKD_HCV_Synthetic_Doc
bilirubin,0.19,mg/dL,Normal Range,0.892,0.876,1.0,0.0,1.0,1.0,1.0,0,UCI_CKD_HCV_Synthetic_Doc
creatinine,0.5,mg/dL,Normal Range,0.858,0.935,1.0,0.0,1.0,1.0,1.0,0,UCI_CKD_HCV_Synthetic_Doc
creatinine,1.19,mg/dL,Normal Range,0.882,0.933,1.0,0.0,1.0,1.0,1.0,0,UCI_CKD_HCV_Synthetic_Doc
alt,33.91,U/L,Normal Range,0.908,0.86,1.0,0.0,1.0,1.0,1.0,0,UCI_CKD_HCV_Synthetic_Doc
alt,26.37,U/L,Normal Range,0.962,0.915,1.0,0.0,1.0,1.0,1.0,0,UCI_CKD_HCV_Synthetic_Doc
bilirubin,0.58,mg/dL,Normal Range,0.902,0.855,1.0,0.0,1.0,1.0,1.0,0,UCI_CKD_HCV_Synthetic_Doc
glucose,113.63,mg/dL,Normal Range,0.894,0.856,1.0,0.0,1.0,1.0,1.0,0,UCI_CKD_HCV_Synthetic_Doc
albumin,4.55,g/dL,Normal Range,0.952,0.898,1.0,0.0,1.0,1.0,1.0,0,UCI_CKD_HCV_Synthetic_Doc
urea,8.07,mg/dL,Normal Range,0.943,0.94,1.0,0.0,1.0,1.0,1.0,0,UCI_CKD_HCV_Synthetic_Doc
hemoglobin,11.72,g/dL,Normal Range,0.892,0.995,1.0,0.0,1.0,1.0,1.0,0,UCI_CKD_HCV_Synthetic_Doc
hemoglobin,15.41,g/dL,Normal Range,0.952,0.931,1.0,0.0,1.0,1.0,1.0,0,UCI_CKD_HCV_Synthetic_Doc
hemoglobin,11.32,g/dL,Normal Range,0.862,0.916,1.0,0.0,1.0,1.0,1.0,0,UCI_CKD_HCV_Synthetic_Doc
creatinine,0.49,mg/dL,Normal Range,0.863,0.999,1.0,0.0,1.0,1.0,1.0,0,UCI_CKD_HCV_Synthetic_Doc
creatinine,1.26,mg/dL,Normal Range,0.859,0.864,1.0,0.0,1.0,1.0,1.0,0,UCI_CKD_HCV_Synthetic_Doc
bilirubin,0.74,mg/dL,Normal Range,0.939,0.873,1.0,0.0,1.0,1.0,1.0,0,UCI_CKD_HCV_Synthetic_Doc
sodium,140.06,mmol/L,Normal Range,0.891,0.877,1.0,0.0,1.0,1.0,1.0,0,UCI_CKD_HCV_Synthetic_Doc
bilirubin,1.02,mg/dL,Normal Range,0.973,0.964,1.0,0.0,1.0,1.0,1.0,0,UCI_CKD_HCV_Synthetic_Doc
creatinine,0.62,mg/dL,Normal Range,0.91,0.983,1.0,0.0,1.0,1.0,1.0,0,UCI_CKD_HCV_Synthetic_Doc
hemoglobin,16.99,g/dL,Normal Range,0.964,0.894,1.0,0.0,1.0,1.0,1.0,0,UCI_CKD_HCV_Synthetic_Doc
albumin,4.13,g/dL,Normal Range,0.959,0.991,1.0,0.0,1.0,1.0,1.0,0,UCI_CKD_HCV_Synthetic_Doc
alt,13.64,U/L,Normal Range,0.914,0.975,1.0,0.0,1.0,1.0,1.0,0,UCI_CKD_HCV_Synthetic_Doc
ast,27.21,U/L,Normal Range,0.868,0.952,1.0,0.0,1.0,1.0,1.0,0,UCI_CKD_HCV_Synthetic_Doc
potassium,3.55,mmol/L,Normal Range,0.895,0.939,1.0,0.0,1.0,1.0,1.0,0,UCI_CKD_HCV_Synthetic_Doc
sodium,142.65,mmol/L,Normal Range,0.902,0.96,1.0,0.0,1.0,1.0,1.0,0,UCI_CKD_HCV_Synthetic_Doc
hemoglobin,13.71,g/dL,Normal Range,0.937,0.866,1.0,0.0,1.0,1.0,1.0,0,UCI_CKD_HCV_Synthetic_Doc
glucose,142.74,mg/dL,Normal Range,0.985,0.91,1.0,0.0,1.0,1.0,1.0,0,UCI_CKD_HCV_Synthetic_Doc
sodium,142.24,mmol/L,Normal Range,0.991,0.862,1.0,0.0,1.0,1.0,1.0,0,UCI_CKD_HCV_Synthetic_Doc
wbc,7254.58,/uL,Normal Range,0.937,0.92,1.0,0.0,1.0,1.0,1.0,0,UCI_CKD_HCV_Synthetic_Doc
bilirubin,0.83,mg/dL,Normal Range,0.864,0.938,1.0,0.0,1.0,1.0,1.0,0,UCI_CKD_HCV_Synthetic_Doc
alt,26.79,U/L,Normal Range,0.961,0.855,1.0,0.0,1.0,1.0,1.0,0,UCI_CKD_HCV_Synthetic_Doc
wbc,6141.12,/uL,Normal Range,0.93,0.865,1.0,0.0,1.0,1.0,1.0,0,UCI_CKD_HCV_Synthetic_Doc
potassium,4.54,mmol/L,Normal Range,0.934,0.887,1.0,0.0,1.0,1.0,1.0,0,UCI_CKD_HCV_Synthetic_Doc
rbc,5.27,millions/uL,Normal Range,0.998,0.889,1.0,0.0,1.0,1.0,1.0,0,UCI_CKD_HCV_Synthetic_Doc
potassium,3.25,mmol/L,Normal Range,0.858,0.858,1.0,0.0,1.0,1.0,1.0,0,UCI_CKD_HCV_Synthetic_Doc
rbc,4.28,millions/uL,Normal Range,0.929,0.883,1.0,0.0,1.0,1.0,1.0,0,UCI_CKD_HCV_Synthetic_Doc
alt,8.0,U/L,Normal Range,0.937,0.904,1.0,0.0,1.0,1.0,1.0,0,UCI_CKD_HCV_Synthetic_Doc
alt,32.84,U/L,Normal Range,0.962,0.861,1.0,0.0,1.0,1.0,1.0,0,UCI_CKD_HCV_Synthetic_Doc
glucose,62.82,mg/dL,Normal Range,0.971,0.899,1.0,0.0,1.0,1.0,1.0,0,UCI_CKD_HCV_Synthetic_Doc
potassium,3.5,mmol/L,Normal Range,0.873,0.975,1.0,0.0,1.0,1.0,1.0,0,UCI_CKD_HCV_Synthetic_Doc
ast,9.94,U/L,Normal Range,0.871,0.936,1.0,0.0,1.0,1.0,1.0,0,UCI_CKD_HCV_Synthetic_Doc
wbc,8033.97,/uL,Normal Range,0.967,0.891,1.0,0.0,1.0,1.0,1.0,0,UCI_CKD_HCV_Synthetic_Doc
bilirubin,0.86,mg/dL,Normal Range,0.93,0.855,1.0,0.0,1.0,1.0,1.0,0,UCI_CKD_HCV_Synthetic_Doc
alt,30.39,U/L,Normal Range,0.897,0.887,1.0,0.0,1.0,1.0,1.0,0,UCI_CKD_HCV_Synthetic_Doc
wbc,7821.15,/uL,Normal Range,0.934,0.957,1.0,0.0,1.0,1.0,1.0,0,UCI_CKD_HCV_Synthetic_Doc
albumin,4.23,g/dL,Normal Range,0.913,0.867,1.0,0.0,1.0,1.0,1.0,0,UCI_CKD_HCV_Synthetic_Doc
glucose,120.8,mg/dL,Normal Range,0.885,0.952,1.0,0.0,1.0,1.0,1.0,0,UCI_CKD_HCV_Synthetic_Doc
potassium,4.87,mmol/L,Normal Range,0.975,0.972,1.0,0.0,1.0,1.0,1.0,0,UCI_CKD_HCV_Synthetic_Doc
creatinine,1.64,mg/dL,Normal Range,0.93,0.931,1.0,0.0,1.0,1.0,1.0,0,UCI_CKD_HCV_Synthetic_Doc
alt,20.72,U/L,Normal Range,0.861,0.909,1.0,0.0,1.0,1.0,1.0,0,UCI_CKD_HCV_Synthetic_Doc
hemoglobin,12.59,g/dL,Normal Range,0.986,0.873,1.0,0.0,1.0,1.0,1.0,0,UCI_CKD_HCV_Synthetic_Doc
potassium,4.23,mmol/L,Normal Range,0.875,0.982,1.0,0.0,1.0,1.0,1.0,0,UCI_CKD_HCV_Synthetic_Doc
glucose,95.36,mg/dL,Normal Range,0.96,0.994,1.0,0.0,1.0,1.0,1.0,0,UCI_CKD_HCV_Synthetic_Doc
urea,6.35,mg/dL,Normal Range,0.983,0.99,1.0,0.0,1.0,1.0,1.0,0,UCI_CKD_HCV_Synthetic_Doc
glucose,57.06,mg/dL,Normal Range,0.893,0.864,1.0,0.0,1.0,1.0,1.0,0,UCI_CKD_HCV_Synthetic_Doc
ast,14.06,U/L,Normal Range,0.93,0.952,1.0,0.0,1.0,1.0,1.0,0,UCI_CKD_HCV_Synthetic_Doc
albumin,4.59,g/dL,Normal Range,0.872,0.975,1.0,0.0,1.0,1.0,1.0,0,UCI_CKD_HCV_Synthetic_Doc
ast,35.74,U/L,Normal Range,0.991,0.886,1.0,0.0,1.0,1.0,1.0,0,UCI_CKD_HCV_Synthetic_Doc
rbc,5.24,millions/uL,Normal Range,0.888,0.977,1.0,0.0,1.0,1.0,1.0,0,UCI_CKD_HCV_Synthetic_Doc
bilirubin,0.74,mg/dL,Normal Range,0.932,0.891,1.0,0.0,1.0,1.0,1.0,0,UCI_CKD_HCV_Synthetic_Doc
potassium,3.29,mmol/L,Normal Range,0.856,0.891,1.0,0.0,1.0,1.0,1.0,0,UCI_CKD_HCV_Synthetic_Doc
wbc,9019.42,/uL,Normal Range,0.957,0.955,1.0,0.0,1.0,1.0,1.0,0,UCI_CKD_HCV_Synthetic_Doc
hemoglobin,12.06,g/dL,Normal Range,0.979,0.973,1.0,0.0,1.0,1.0,1.0,0,UCI_CKD_HCV_Synthetic_Doc
glucose,78.38,mg/dL,Normal Range,0.992,0.91,1.0,0.0,1.0,1.0,1.0,0,UCI_CKD_HCV_Synthetic_Doc
albumin,4.24,g/dL,Normal Range,0.949,0.953,1.0,0.0,1.0,1.0,1.0,0,UCI_CKD_HCV_Synthetic_Doc
creatinine,0.87,mg/dL,Normal Range,0.896,0.88,1.0,0.0,1.0,1.0,1.0,0,UCI_CKD_HCV_Synthetic_Doc
potassium,3.55,mmol/L,Normal Range,0.896,0.932,1.0,0.0,1.0,1.0,1.0,0,UCI_CKD_HCV_Synthetic_Doc
sodium,141.29,mmol/L,Normal Range,0.874,0.876,1.0,0.0,1.0,1.0,1.0,0,UCI_CKD_HCV_Synthetic_Doc
sodium,141.62,mmol/L,Normal Range,0.954,0.901,1.0,0.0,1.0,1.0,1.0,0,UCI_CKD_HCV_Synthetic_Doc
sodium,142.47,mmol/L,Normal Range,0.858,0.874,1.0,0.0,1.0,1.0,1.0,0,UCI_CKD_HCV_Synthetic_Doc
urea,29.41,mg/dL,Normal Range,0.975,0.992,1.0,0.0,1.0,1.0,1.0,0,UCI_CKD_HCV_Synthetic_Doc
albumin,4.17,g/dL,Normal Range,0.87,0.885,1.0,0.0,1.0,1.0,1.0,0,UCI_CKD_HCV_Synthetic_Doc
urea,27.91,mg/dL,Normal Range,0.858,0.856,1.0,0.0,1.0,1.0,1.0,0,UCI_CKD_HCV_Synthetic_Doc
creatinine,1.3,mg/dL,Normal Range,0.851,0.979,1.0,0.0,1.0,1.0,1.0,0,UCI_CKD_HCV_Synthetic_Doc
wbc,7135.16,/uL,Normal Range,0.968,0.896,1.0,0.0,1.0,1.0,1.0,0,UCI_CKD_HCV_Synthetic_Doc
potassium,4.22,mmol/L,Normal Range,0.938,0.91,1.0,0.0,1.0,1.0,1.0,0,UCI_CKD_HCV_Synthetic_Doc
albumin,5.41,g/dL,Normal Range,0.963,0.87,1.0,0.0,1.0,1.0,1.0,0,UCI_CKD_HCV_Synthetic_Doc
albumin,4.85,g/dL,Normal Range,0.932,0.858,1.0,0.0,1.0,1.0,1.0,0,UCI_CKD_HCV_Synthetic_Doc
rbc,4.1,millions/uL,Normal Range,0.883,0.898,1.0,0.0,1.0,1.0,1.0,0,UCI_CKD_HCV_Synthetic_Doc
hemoglobin,12.88,g/dL,Normal Range,0.973,0.99,1.0,0.0,1.0,1.0,1.0,0,UCI_CKD_HCV_Synthetic_Doc
hemoglobin,9.53,g/dL,Normal Range,0.981,0.863,1.0,0.0,1.0,1.0,1.0,0,UCI_CKD_HCV_Synthetic_Doc
potassium,3.89,mmol/L,Normal Range,0.949,0.981,1.0,0.0,1.0,1.0,1.0,0,UCI_CKD_HCV_Synthetic_Doc
alt,23.54,U/L,Normal Range,0.954,0.933,1.0,0.0,1.0,1.0,1.0,0,UCI_CKD_HCV_Synthetic_Doc
potassium,5.08,mmol/L,Normal Range,0.881,0.894,1.0,0.0,1.0,1.0,1.0,0,UCI_CKD_HCV_Synthetic_Doc
albumin,4.11,g/dL,Normal Range,0.89,0.904,1.0,0.0,1.0,1.0,1.0,0,UCI_CKD_HCV_Synthetic_Doc
ast,25.62,U/L,Normal Range,0.869,0.876,1.0,0.0,1.0,1.0,1.0,0,UCI_CKD_HCV_Synthetic_Doc
ast,26.65,U/L,Normal Range,0.955,0.879,1.0,0.0,1.0,1.0,1.0,0,UCI_CKD_HCV_Synthetic_Doc
ast,22.18,U/L,Normal Range,0.889,0.983,1.0,0.0,1.0,1.0,1.0,0,UCI_CKD_HCV_Synthetic_Doc
hemoglobin,12.03,g/dL,Normal Range,0.867,0.947,1.0,0.0,1.0,1.0,1.0,0,UCI_CKD_HCV_Synthetic_Doc
hemoglobin,12.77,g/dL,Normal Range,0.951,0.974,1.0,0.0,1.0,1.0,1.0,0,UCI_CKD_HCV_Synthetic_Doc
sodium,135.18,mmol/L,Normal Range,0.857,0.948,1.0,0.0,1.0,1.0,1.0,0,UCI_CKD_HCV_Synthetic_Doc
wbc,7720.52,/uL,Normal Range,0.904,0.951,1.0,0.0,1.0,1.0,1.0,0,UCI_CKD_HCV_Synthetic_Doc
rbc,5.34,millions/uL,Normal Range,0.98,0.893,1.0,0.0,1.0,1.0,1.0,0,UCI_CKD_HCV_Synthetic_Doc
alt,46.96,U/L,Normal Range,0.965,0.915,1.0,0.0,1.0,1.0,1.0,0,UCI_CKD_HCV_Synthetic_Doc
potassium,3.28,mmol/L,Normal Range,0.935,0.978,1.0,0.0,1.0,1.0,1.0,0,UCI_CKD_HCV_Synthetic_Doc
albumin,3.81,g/dL,Normal Range,0.99,0.953,1.0,0.0,1.0,1.0,1.0,0,UCI_CKD_HCV_Synthetic_Doc
creatinine,1.22,mg/dL,Normal Range,0.888,0.921,1.0,0.0,1.0,1.0,1.0,0,UCI_CKD_HCV_Synthetic_Doc
wbc,12358.57,/uL,Normal Range,0.999,0.894,1.0,0.0,1.0,1.0,1.0,0,UCI_CKD_HCV_Synthetic_Doc
rbc,5.2,millions/uL,Normal Range,0.94,0.927,1.0,0.0,1.0,1.0,1.0,0,UCI_CKD_HCV_Synthetic_Doc
glucose,110.95,mg/dL,Normal Range,0.869,0.997,1.0,0.0,1.0,1.0,1.0,0,UCI_CKD_HCV_Synthetic_Doc
wbc,5487.46,/uL,Normal Range,0.853,0.92,1.0,0.0,1.0,1.0,1.0,0,UCI_CKD_HCV_Synthetic_Doc
potassium,4.03,mmol/L,Normal Range,0.885,0.944,1.0,0.0,1.0,1.0,1.0,0,UCI_CKD_HCV_Synthetic_Doc
sodium,133.99,mmol/L,Normal Range,0.948,0.882,1.0,0.0,1.0,1.0,1.0,0,UCI_CKD_HCV_Synthetic_Doc
sodium,142.06,mmol/L,Normal Range,0.977,0.857,1.0,0.0,1.0,1.0,1.0,0,UCI_CKD_HCV_Synthetic_Doc
sodium,132.62,mmol/L,Normal Range,0.869,0.854,1.0,0.0,1.0,1.0,1.0,0,UCI_CKD_HCV_Synthetic_Doc
potassium,5.05,mmol/L,Normal Range,0.862,0.889,1.0,0.0,1.0,1.0,1.0,0,UCI_CKD_HCV_Synthetic_Doc
hemoglobin,16.56,g/dL,Normal Range,0.951,0.959,1.0,0.0,1.0,1.0,1.0,0,UCI_CKD_HCV_Synthetic_Doc
ast,26.67,U/L,Normal Range,0.894,0.95,1.0,0.0,1.0,1.0,1.0,0,UCI_CKD_HCV_Synthetic_Doc
urea,54.33,mg/dL,Normal Range,0.925,0.86,1.0,0.0,1.0,1.0,1.0,0,UCI_CKD_HCV_Synthetic_Doc
alt,48.41,U/L,Normal Range,0.94,0.901,1.0,0.0,1.0,1.0,1.0,0,UCI_CKD_HCV_Synthetic_Doc
potassium,3.67,mmol/L,Normal Range,0.957,0.894,1.0,0.0,1.0,1.0,1.0,0,UCI_CKD_HCV_Synthetic_Doc
hemoglobin,12.94,g/dL,Normal Range,0.941,0.896,1.0,0.0,1.0,1.0,1.0,0,UCI_CKD_HCV_Synthetic_Doc
hemoglobin,16.11,g/dL,Normal Range,0.888,0.963,1.0,0.0,1.0,1.0,1.0,0,UCI_CKD_HCV_Synthetic_Doc
wbc,11177.54,/uL,Normal Range,0.989,0.899,1.0,0.0,1.0,1.0,1.0,0,UCI_CKD_HCV_Synthetic_Doc
glucose,89.05,mg/dL,Normal Range,0.959,0.899,1.0,0.0,1.0,1.0,1.0,0,UCI_CKD_HCV_Synthetic_Doc
albumin,4.22,g/dL,Normal Range,0.933,0.901,1.0,0.0,1.0,1.0,1.0,0,UCI_CKD_HCV_Synthetic_Doc
rbc,4.76,millions/uL,Normal Range,0.925,0.898,1.0,0.0,1.0,1.0,1.0,0,UCI_CKD_HCV_Synthetic_Doc
wbc,9093.15,/uL,Normal Range,0.91,0.959,1.0,0.0,1.0,1.0,1.0,0,UCI_CKD_HCV_Synthetic_Doc
wbc,8772.73,/uL,Normal Range,0.852,0.898,1.0,0.0,1.0,1.0,1.0,0,UCI_CKD_HCV_Synthetic_Doc
rbc,4.6,millions/uL,Normal Range,0.888,0.852,1.0,0.0,1.0,1.0,1.0,0,UCI_CKD_HCV_Synthetic_Doc
albumin,4.87,g/dL,Normal Range,0.908,0.95,1.0,0.0,1.0,1.0,1.0,0,UCI_CKD_HCV_Synthetic_Doc
alt,27.72,U/L,Normal Range,0.908,0.886,1.0,0.0,1.0,1.0,1.0,0,UCI_CKD_HCV_Synthetic_Doc
albumin,3.63,g/dL,Normal Range,0.862,0.974,1.0,0.0,1.0,1.0,1.0,0,UCI_CKD_HCV_Synthetic_Doc
ast,27.13,U/L,Normal Range,0.917,0.93,1.0,0.0,1.0,1.0,1.0,0,UCI_CKD_HCV_Synthetic_Doc
potassium,3.22,mmol/L,Normal Range,0.921,0.898,1.0,0.0,1.0,1.0,1.0,0,UCI_CKD_HCV_Synthetic_Doc
urea,24.08,mg/dL,Normal Range,0.951,0.952,1.0,0.0,1.0,1.0,1.0,0,UCI_CKD_HCV_Synthetic_Doc
glucose,128.7,mg/dL,Normal Range,0.95,0.868,1.0,0.0,1.0,1.0,1.0,0,UCI_CKD_HCV_Synthetic_Doc
hemoglobin,11.97,g/dL,Normal Range,0.955,0.963,1.0,0.0,1.0,1.0,1.0,0,UCI_CKD_HCV_Synthetic_Doc
hemoglobin,13.74,g/dL,Normal Range,0.951,0.965,1.0,0.0,1.0,1.0,1.0,0,UCI_CKD_HCV_Synthetic_Doc
rbc,4.7,millions/uL,Normal Range,0.916,0.943,1.0,0.0,1.0,1.0,1.0,0,UCI_CKD_HCV_Synthetic_Doc
ast,17.65,U/L,Normal Range,0.933,0.929,1.0,0.0,1.0,1.0,1.0,0,UCI_CKD_HCV_Synthetic_Doc
glucose,76.96,mg/dL,Normal Range,0.922,0.938,1.0,0.0,1.0,1.0,1.0,0,UCI_CKD_HCV_Synthetic_Doc
rbc,5.2,millions/uL,Normal Range,0.975,0.996,1.0,0.0,1.0,1.0,1.0,0,UCI_CKD_HCV_Synthetic_Doc
albumin,4.8,g/dL,Normal Range,0.885,0.946,1.0,0.0,1.0,1.0,1.0,0,UCI_CKD_HCV_Synthetic_Doc
wbc,7581.2,/uL,Normal Range,0.891,0.91,1.0,0.0,1.0,1.0,1.0,0,UCI_CKD_HCV_Synthetic_Doc
hemoglobin,15.01,g/dL,Normal Range,0.896,0.942,1.0,0.0,1.0,1.0,1.0,0,UCI_CKD_HCV_Synthetic_Doc
creatinine,1.02,mg/dL,Normal Range,0.87,0.984,1.0,0.0,1.0,1.0,1.0,0,UCI_CKD_HCV_Synthetic_Doc
albumin,4.41,g/dL,Normal Range,0.946,0.92,1.0,0.0,1.0,1.0,1.0,0,UCI_CKD_HCV_Synthetic_Doc
sodium,143.04,mmol/L,Normal Range,0.901,0.991,1.0,0.0,1.0,1.0,1.0,0,UCI_CKD_HCV_Synthetic_Doc
alt,33.99,U/L,Normal Range,0.853,0.897,1.0,0.0,1.0,1.0,1.0,0,UCI_CKD_HCV_Synthetic_Doc
sodium,141.51,mmol/L,Normal Range,0.951,0.896,1.0,0.0,1.0,1.0,1.0,0,UCI_CKD_HCV_Synthetic_Doc
rbc,4.91,millions/uL,Normal Range,0.99,0.888,1.0,0.0,1.0,1.0,1.0,0,UCI_CKD_HCV_Synthetic_Doc
albumin,4.59,g/dL,Normal Range,0.902,0.972,1.0,0.0,1.0,1.0,1.0,0,UCI_CKD_HCV_Synthetic_Doc
glucose,51.01,mg/dL,Normal Range,0.862,0.875,1.0,0.0,1.0,1.0,1.0,0,UCI_CKD_HCV_Synthetic_Doc
glucose,43.38,mg/dL,Normal Range,0.91,0.867,1.0,0.0,1.0,1.0,1.0,0,UCI_CKD_HCV_Synthetic_Doc
bilirubin,0.59,mg/dL,Normal Range,0.998,0.85,1.0,0.0,1.0,1.0,1.0,0,UCI_CKD_HCV_Synthetic_Doc
wbc,6081.96,/uL,Normal Range,0.947,0.859,1.0,0.0,1.0,1.0,1.0,0,UCI_CKD_HCV_Synthetic_Doc
albumin,5.18,g/dL,Normal Range,0.912,0.96,1.0,0.0,1.0,1.0,1.0,0,UCI_CKD_HCV_Synthetic_Doc
creatinine,1.98,mg/dL,Normal Range,0.937,0.91,1.0,0.0,1.0,1.0,1.0,0,UCI_CKD_HCV_Synthetic_Doc
hemoglobin,12.42,g/dL,Normal Range,0.895,0.874,1.0,0.0,1.0,1.0,1.0,0,UCI_CKD_HCV_Synthetic_Doc
rbc,5.1,millions/uL,Normal Range,0.881,0.859,1.0,0.0,1.0,1.0,1.0,0,UCI_CKD_HCV_Synthetic_Doc
creatinine,0.71,mg/dL,Normal Range,0.856,0.905,1.0,0.0,1.0,1.0,1.0,0,UCI_CKD_HCV_Synthetic_Doc
glucose,86.76,mg/dL,Normal Range,0.894,0.929,1.0,0.0,1.0,1.0,1.0,0,UCI_CKD_HCV_Synthetic_Doc
wbc,6471.69,/uL,Normal Range,0.935,0.986,1.0,0.0,1.0,1.0,1.0,0,UCI_CKD_HCV_Synthetic_Doc
urea,45.93,mg/dL,Normal Range,0.906,0.942,1.0,0.0,1.0,1.0,1.0,0,UCI_CKD_HCV_Synthetic_Doc
albumin,4.28,g/dL,Normal Range,0.991,0.963,1.0,0.0,1.0,1.0,1.0,0,UCI_CKD_HCV_Synthetic_Doc
albumin,3.48,g/dL,Normal Range,0.897,0.969,1.0,0.0,1.0,1.0,1.0,0,UCI_CKD_HCV_Synthetic_Doc
rbc,4.81,millions/uL,Normal Range,0.974,0.968,1.0,0.0,1.0,1.0,1.0,0,UCI_CKD_HCV_Synthetic_Doc
alt,32.15,U/L,Normal Range,0.898,0.998,1.0,0.0,1.0,1.0,1.0,0,UCI_CKD_HCV_Synthetic_Doc
potassium,3.69,mmol/L,Normal Range,0.877,0.958,1.0,0.0,1.0,1.0,1.0,0,UCI_CKD_HCV_Synthetic_Doc
bilirubin,0.76,mg/dL,Normal Range,0.913,0.999,1.0,0.0,1.0,1.0,1.0,0,UCI_CKD_HCV_Synthetic_Doc
sodium,144.63,mmol/L,Normal Range,0.984,0.872,1.0,0.0,1.0,1.0,1.0,0,UCI_CKD_HCV_Synthetic_Doc
rbc,4.45,millions/uL,Normal Range,0.87,0.916,1.0,0.0,1.0,1.0,1.0,0,UCI_CKD_HCV_Synthetic_Doc
hemoglobin,15.19,g/dL,Normal Range,0.854,0.867,1.0,0.0,1.0,1.0,1.0,0,UCI_CKD_HCV_Synthetic_Doc
urea,42.61,mg/dL,Normal Range,0.907,0.882,1.0,0.0,1.0,1.0,1.0,0,UCI_CKD_HCV_Synthetic_Doc
creatinine,1.08,mg/dL,Normal Range,0.975,0.88,1.0,0.0,1.0,1.0,1.0,0,UCI_CKD_HCV_Synthetic_Doc
wbc,8151.68,/uL,Normal Range,0.903,0.97,1.0,0.0,1.0,1.0,1.0,0,UCI_CKD_HCV_Synthetic_Doc
ast,44.92,U/L,Normal Range,0.883,0.99,1.0,0.0,1.0,1.0,1.0,0,UCI_CKD_HCV_Synthetic_Doc
potassium,4.43,mmol/L,Normal Range,0.912,0.994,1.0,0.0,1.0,1.0,1.0,0,UCI_CKD_HCV_Synthetic_Doc
albumin,4.87,g/dL,Normal Range,0.941,0.883,1.0,0.0,1.0,1.0,1.0,0,UCI_CKD_HCV_Synthetic_Doc
albumin,4.0,g/dL,Normal Range,0.973,0.974,1.0,0.0,1.0,1.0,1.0,0,UCI_CKD_HCV_Synthetic_Doc
alt,24.78,U/L,Normal Range,0.965,0.929,1.0,0.0,1.0,1.0,1.0,0,UCI_CKD_HCV_Synthetic_Doc
potassium,3.11,mmol/L,Normal Range,0.944,0.852,1.0,0.0,1.0,1.0,1.0,0,UCI_CKD_HCV_Synthetic_Doc
glucose,113.54,mg/dL,Normal Range,0.878,0.88,1.0,0.0,1.0,1.0,1.0,0,UCI_CKD_HCV_Synthetic_Doc
glucose,91.81,mg/dL,Normal Range,0.927,0.922,1.0,0.0,1.0,1.0,1.0,0,UCI_CKD_HCV_Synthetic_Doc
bilirubin,0.63,mg/dL,Normal Range,0.891,0.879,1.0,0.0,1.0,1.0,1.0,0,UCI_CKD_HCV_Synthetic_Doc
hemoglobin,15.61,g/dL,Normal Range,0.999,0.88,1.0,0.0,1.0,1.0,1.0,0,UCI_CKD_HCV_Synthetic_Doc
alt,58.01,U/L,Normal Range,0.857,0.865,1.0,0.0,1.0,1.0,1.0,0,UCI_CKD_HCV_Synthetic_Doc
ast,0.0,U/L,Normal Range,0.9,0.938,1.0,0.0,1.0,1.0,1.0,0,UCI_CKD_HCV_Synthetic_Doc
bilirubin,1.21,mg/dL,Normal Range,0.894,0.862,1.0,0.0,1.0,1.0,1.0,0,UCI_CKD_HCV_Synthetic_Doc
rbc,5.27,millions/uL,Normal Range,0.875,0.859,1.0,0.0,1.0,1.0,1.0,0,UCI_CKD_HCV_Synthetic_Doc
ast,43.63,U/L,Normal Range,0.953,0.992,1.0,0.0,1.0,1.0,1.0,0,UCI_CKD_HCV_Synthetic_Doc
urea,44.55,mg/dL,Normal Range,0.875,0.858,1.0,0.0,1.0,1.0,1.0,0,UCI_CKD_HCV_Synthetic_Doc
bilirubin,0.44,mg/dL,Normal Range,0.912,0.923,1.0,0.0,1.0,1.0,1.0,0,UCI_CKD_HCV_Synthetic_Doc
bilirubin,1.09,mg/dL,Normal Range,0.853,0.998,1.0,0.0,1.0,1.0,1.0,0,UCI_CKD_HCV_Synthetic_Doc
glucose,140.76,mg/dL,Normal Range,0.995,0.932,1.0,0.0,1.0,1.0,1.0,0,UCI_CKD_HCV_Synthetic_Doc
bilirubin,0.52,mg/dL,Normal Range,0.886,0.865,1.0,0.0,1.0,1.0,1.0,0,UCI_CKD_HCV_Synthetic_Doc
ast,5.63,U/L,Normal Range,0.943,0.881,1.0,0.0,1.0,1.0,1.0,0,UCI_CKD_HCV_Synthetic_Doc
potassium,3.5,mmol/L,Normal Range,0.988,0.861,1.0,0.0,1.0,1.0,1.0,0,UCI_CKD_HCV_Synthetic_Doc
urea,69.68,mg/dL,Normal Range,0.944,0.947,1.0,0.0,1.0,1.0,1.0,0,UCI_CKD_HCV_Synthetic_Doc
glucose,96.13,mg/dL,Normal Range,0.884,0.91,1.0,0.0,1.0,1.0,1.0,0,UCI_CKD_HCV_Synthetic_Doc
glucose,96.28,mg/dL,Normal Range,0.961,0.942,1.0,0.0,1.0,1.0,1.0,0,UCI_CKD_HCV_Synthetic_Doc
bilirubin,0.62,mg/dL,Normal Range,0.96,0.913,1.0,0.0,1.0,1.0,1.0,0,UCI_CKD_HCV_Synthetic_Doc
wbc,9655.8,/uL,Normal Range,0.906,0.928,1.0,0.0,1.0,1.0,1.0,0,UCI_CKD_HCV_Synthetic_Doc
hemoglobin,11.91,g/dL,Normal Range,0.912,0.932,1.0,0.0,1.0,1.0,1.0,0,UCI_CKD_HCV_Synthetic_Doc
albumin,4.41,g/dL,Normal Range,0.935,0.859,1.0,0.0,1.0,1.0,1.0,0,UCI_CKD_HCV_Synthetic_Doc
rbc,4.22,millions/uL,Normal Range,0.87,0.874,1.0,0.0,1.0,1.0,1.0,0,UCI_CKD_HCV_Synthetic_Doc
albumin,5.01,g/dL,Normal Range,0.936,0.915,1.0,0.0,1.0,1.0,1.0,0,UCI_CKD_HCV_Synthetic_Doc
alt,41.42,U/L,Normal Range,0.923,0.913,1.0,0.0,1.0,1.0,1.0,0,UCI_CKD_HCV_Synthetic_Doc
wbc,5162.52,/uL,Normal Range,0.902,0.887,1.0,0.0,1.0,1.0,1.0,0,UCI_CKD_HCV_Synthetic_Doc
alt,55.84,U/L,Normal Range,0.936,0.882,1.0,0.0,1.0,1.0,1.0,0,UCI_CKD_HCV_Synthetic_Doc
glucose,61.04,mg/dL,Normal Range,0.974,0.888,1.0,0.0,1.0,1.0,1.0,0,UCI_CKD_HCV_Synthetic_Doc
albumin,4.37,g/dL,Normal Range,0.889,0.954,1.0,0.0,1.0,1.0,1.0,0,UCI_CKD_HCV_Synthetic_Doc
sodium,144.8,mmol/L,Normal Range,0.969,0.96,1.0,0.0,1.0,1.0,1.0,0,UCI_CKD_HCV_Synthetic_Doc
creatinine,0.84,mg/dL,Normal Range,0.913,0.94,1.0,0.0,1.0,1.0,1.0,0,UCI_CKD_HCV_Synthetic_Doc
sodium,136.55,mmol/L,Normal Range,0.877,0.898,1.0,0.0,1.0,1.0,1.0,0,UCI_CKD_HCV_Synthetic_Doc
sodium,131.64,mmol/L,Normal Range,0.96,0.854,1.0,0.0,1.0,1.0,1.0,0,UCI_CKD_HCV_Synthetic_Doc
urea,29.52,mg/dL,Normal Range,0.991,0.876,1.0,0.0,1.0,1.0,1.0,0,UCI_CKD_HCV_Synthetic_Doc
glucose,72.77,mg/dL,Normal Range,0.869,0.888,1.0,0.0,1.0,1.0,1.0,0,UCI_CKD_HCV_Synthetic_Doc
creatinine,1.55,mg/dL,Normal Range,0.879,0.853,1.0,0.0,1.0,1.0,1.0,0,UCI_CKD_HCV_Synthetic_Doc
rbc,4.94,millions/uL,Normal Range,0.897,0.944,1.0,0.0,1.0,1.0,1.0,0,UCI_CKD_HCV_Synthetic_Doc
albumin,3.71,g/dL,Normal Range,0.914,0.962,1.0,0.0,1.0,1.0,1.0,0,UCI_CKD_HCV_Synthetic_Doc
glucose,74.32,mg/dL,Normal Range,0.875,0.877,1.0,0.0,1.0,1.0,1.0,0,UCI_CKD_HCV_Synthetic_Doc
bilirubin,0.45,mg/dL,Normal Range,0.887,0.896,1.0,0.0,1.0,1.0,1.0,0,UCI_CKD_HCV_Synthetic_Doc
ast,18.36,U/L,Normal Range,0.975,0.877,1.0,0.0,1.0,1.0,1.0,0,UCI_CKD_HCV_Synthetic_Doc
potassium,4.27,mmol/L,Normal Range,0.966,0.957,1.0,0.0,1.0,1.0,1.0,0,UCI_CKD_HCV_Synthetic_Doc
urea,19.21,mg/dL,Normal Range,0.972,0.852,1.0,0.0,1.0,1.0,1.0,0,UCI_CKD_HCV_Synthetic_Doc
bilirubin,0.33,mg/dL,Normal Range,0.95,0.97,1.0,0.0,1.0,1.0,1.0,0,UCI_CKD_HCV_Synthetic_Doc
hemoglobin,11.77,g/dL,Normal Range,0.934,0.956,1.0,0.0,1.0,1.0,1.0,0,UCI_CKD_HCV_Synthetic_Doc
alt,10.48,U/L,Normal Range,0.935,0.949,1.0,0.0,1.0,1.0,1.0,0,UCI_CKD_HCV_Synthetic_Doc
urea,17.5,mg/dL,Normal Range,0.87,0.946,1.0,0.0,1.0,1.0,1.0,0,UCI_CKD_HCV_Synthetic_Doc
sodium,141.7,mmol/L,Normal Range,0.871,0.85,1.0,0.0,1.0,1.0,1.0,0,UCI_CKD_HCV_Synthetic_Doc
alt,49.6,U/L,Normal Range,0.886,0.964,1.0,0.0,1.0,1.0,1.0,0,UCI_CKD_HCV_Synthetic_Doc
hemoglobin,13.5,g/dL,Normal Range,0.927,0.952,1.0,0.0,1.0,1.0,1.0,0,UCI_CKD_HCV_Synthetic_Doc
rbc,5.14,millions/uL,Normal Range,0.896,0.967,1.0,0.0,1.0,1.0,1.0,0,UCI_CKD_HCV_Synthetic_Doc
albumin,4.29,g/dL,Normal Range,0.873,0.873,1.0,0.0,1.0,1.0,1.0,0,UCI_CKD_HCV_Synthetic_Doc
hemoglobin,11.53,g/dL,Normal Range,0.951,0.959,1.0,0.0,1.0,1.0,1.0,0,UCI_CKD_HCV_Synthetic_Doc
albumin,4.06,g/dL,Normal Range,0.945,0.959,1.0,0.0,1.0,1.0,1.0,0,UCI_CKD_HCV_Synthetic_Doc
glucose,77.82,mg/dL,Normal Range,0.947,0.962,1.0,0.0,1.0,1.0,1.0,0,UCI_CKD_HCV_Synthetic_Doc
glucose,50.51,mg/dL,Normal Range,0.91,0.851,1.0,0.0,1.0,1.0,1.0,0,UCI_CKD_HCV_Synthetic_Doc
bilirubin,0.95,mg/dL,Normal Range,0.899,0.965,1.0,0.0,1.0,1.0,1.0,0,UCI_CKD_HCV_Synthetic_Doc
creatinine,1.21,mg/dL,Normal Range,0.949,0.946,1.0,0.0,1.0,1.0,1.0,0,UCI_CKD_HCV_Synthetic_Doc
glucose,98.86,mg/dL,Normal Range,0.89,0.972,1.0,0.0,1.0,1.0,1.0,0,UCI_CKD_HCV_Synthetic_Doc
urea,31.65,mg/dL,Normal Range,0.898,0.971,1.0,0.0,1.0,1.0,1.0,0,UCI_CKD_HCV_Synthetic_Doc
potassium,4.59,mmol/L,Normal Range,0.981,0.968,1.0,0.0,1.0,1.0,1.0,0,UCI_CKD_HCV_Synthetic_Doc
hemoglobin,13.67,g/dL,Normal Range,0.872,0.954,1.0,0.0,1.0,1.0,1.0,0,UCI_CKD_HCV_Synthetic_Doc
albumin,3.99,g/dL,Normal Range,0.858,0.95,1.0,0.0,1.0,1.0,1.0,0,UCI_CKD_HCV_Synthetic_Doc
wbc,9266.09,/uL,Normal Range,0.927,0.868,1.0,0.0,1.0,1.0,1.0,0,UCI_CKD_HCV_Synthetic_Doc
urea,29.78,mg/dL,Normal Range,0.863,0.952,1.0,0.0,1.0,1.0,1.0,0,UCI_CKD_HCV_Synthetic_Doc
albumin,4.13,g/dL,Normal Range,0.963,0.972,1.0,0.0,1.0,1.0,1.0,0,UCI_CKD_HCV_Synthetic_Doc
hemoglobin,15.39,g/dL,Normal Range,0.97,0.998,1.0,0.0,1.0,1.0,1.0,0,UCI_CKD_HCV_Synthetic_Doc
bilirubin,0.59,mg/dL,Normal Range,0.952,0.888,1.0,0.0,1.0,1.0,1.0,0,UCI_CKD_HCV_Synthetic_Doc
wbc,4694.51,/uL,Normal Range,0.979,0.994,1.0,0.0,1.0,1.0,1.0,0,UCI_CKD_HCV_Synthetic_Doc
ast,42.09,U/L,Normal Range,0.863,0.879,1.0,0.0,1.0,1.0,1.0,0,UCI_CKD_HCV_Synthetic_Doc
wbc,7857.39,/uL,Normal Range,0.878,0.958,1.0,0.0,1.0,1.0,1.0,0,UCI_CKD_HCV_Synthetic_Doc
sodium,143.92,mmol/L,Normal Range,0.896,0.922,1.0,0.0,1.0,1.0,1.0,0,UCI_CKD_HCV_Synthetic_Doc
alt,23.19,U/L,Normal Range,0.92,0.956,1.0,0.0,1.0,1.0,1.0,0,UCI_CKD_HCV_Synthetic_Doc
creatinine,1.27,mg/dL,Normal Range,0.896,0.871,1.0,0.0,1.0,1.0,1.0,0,UCI_CKD_HCV_Synthetic_Doc
urea,44.0,mg/dL,Normal Range,0.857,0.994,1.0,0.0,1.0,1.0,1.0,0,UCI_CKD_HCV_Synthetic_Doc
urea,26.66,mg/dL,Normal Range,0.945,0.891,1.0,0.0,1.0,1.0,1.0,0,UCI_CKD_HCV_Synthetic_Doc
glucose,118.97,mg/dL,Normal Range,0.87,0.997,1.0,0.0,1.0,1.0,1.0,0,UCI_CKD_HCV_Synthetic_Doc
hemoglobin,14.18,g/dL,Normal Range,0.932,0.996,1.0,0.0,1.0,1.0,1.0,0,UCI_CKD_HCV_Synthetic_Doc
rbc,4.03,millions/uL,Normal Range,0.875,0.919,1.0,0.0,1.0,1.0,1.0,0,UCI_CKD_HCV_Synthetic_Doc
albumin,4.25,g/dL,Normal Range,0.926,0.926,1.0,0.0,1.0,1.0,1.0,0,UCI_CKD_HCV_Synthetic_Doc
ast,25.89,U/L,Normal Range,0.921,0.918,1.0,0.0,1.0,1.0,1.0,0,UCI_CKD_HCV_Synthetic_Doc
sodium,136.44,mmol/L,Normal Range,0.939,0.912,1.0,0.0,1.0,1.0,1.0,0,UCI_CKD_HCV_Synthetic_Doc
alt,39.9,U/L,Normal Range,0.984,0.978,1.0,0.0,1.0,1.0,1.0,0,UCI_CKD_HCV_Synthetic_Doc
creatinine,0.86,mg/dL,Normal Range,0.871,0.892,1.0,0.0,1.0,1.0,1.0,0,UCI_CKD_HCV_Synthetic_Doc
albumin,4.24,g/dL,Normal Range,0.898,0.939,1.0,0.0,1.0,1.0,1.0,0,UCI_CKD_HCV_Synthetic_Doc
albumin,5.03,g/dL,Normal Range,0.977,0.889,1.0,0.0,1.0,1.0,1.0,0,UCI_CKD_HCV_Synthetic_Doc
glucose,59.77,mg/dL,Normal Range,0.85,0.987,1.0,0.0,1.0,1.0,1.0,0,UCI_CKD_HCV_Synthetic_Doc
ast,22.28,U/L,Normal Range,0.961,0.875,1.0,0.0,1.0,1.0,1.0,0,UCI_CKD_HCV_Synthetic_Doc
ast,36.33,U/L,Normal Range,0.958,0.885,1.0,0.0,1.0,1.0,1.0,0,UCI_CKD_HCV_Synthetic_Doc
creatinine,1.15,mg/dL,Normal Range,0.868,0.927,1.0,0.0,1.0,1.0,1.0,0,UCI_CKD_HCV_Synthetic_Doc
urea,31.91,mg/dL,Normal Range,0.957,0.885,1.0,0.0,1.0,1.0,1.0,0,UCI_CKD_HCV_Synthetic_Doc
albumin,4.09,g/dL,Normal Range,0.855,0.999,1.0,0.0,1.0,1.0,1.0,0,UCI_CKD_HCV_Synthetic_Doc
urea,28.4,mg/dL,Normal Range,0.97,0.901,1.0,0.0,1.0,1.0,1.0,0,UCI_CKD_HCV_Synthetic_Doc
alt,19.55,U/L,Normal Range,0.953,0.972,1.0,0.0,1.0,1.0,1.0,0,UCI_CKD_HCV_Synthetic_Doc
creatinine,1.11,mg/dL,Normal Range,0.922,0.998,1.0,0.0,1.0,1.0,1.0,0,UCI_CKD_HCV_Synthetic_Doc
bilirubin,0.79,mg/dL,Normal Range,0.892,0.967,1.0,0.0,1.0,1.0,1.0,0,UCI_CKD_HCV_Synthetic_Doc
hemoglobin,14.08,g/dL,Normal Range,0.902,0.851,1.0,0.0,1.0,1.0,1.0,0,UCI_CKD_HCV_Synthetic_Doc
rbc,4.46,millions/uL,Normal Range,0.993,0.868,1.0,0.0,1.0,1.0,1.0,0,UCI_CKD_HCV_Synthetic_Doc
ast,42.03,U/L,Normal Range,0.85,0.896,1.0,0.0,1.0,1.0,1.0,0,UCI_CKD_HCV_Synthetic_Doc
creatinine,0.8,mg/dL,Normal Range,0.871,0.931,1.0,0.0,1.0,1.0,1.0,0,UCI_CKD_HCV_Synthetic_Doc
albumin,4.32,g/dL,Normal Range,0.894,0.913,1.0,0.0,1.0,1.0,1.0,0,UCI_CKD_HCV_Synthetic_Doc
ast,9.44,U/L,Normal Range,0.997,0.971,1.0,0.0,1.0,1.0,1.0,0,UCI_CKD_HCV_Synthetic_Doc
glucose,76.94,mg/dL,Normal Range,0.993,0.859,1.0,0.0,1.0,1.0,1.0,0,UCI_CKD_HCV_Synthetic_Doc
albumin,4.04,g/dL,Normal Range,0.999,0.897,1.0,0.0,1.0,1.0,1.0,0,UCI_CKD_HCV_Synthetic_Doc
albumin,4.43,g/dL,Normal Range,0.868,0.945,1.0,0.0,1.0,1.0,1.0,0,UCI_CKD_HCV_Synthetic_Doc
glucose,81.24,mg/dL,Normal Range,0.899,0.853,1.0,0.0,1.0,1.0,1.0,0,UCI_CKD_HCV_Synthetic_Doc
urea,37.28,mg/dL,Normal Range,0.932,0.862,1.0,0.0,1.0,1.0,1.0,0,UCI_CKD_HCV_Synthetic_Doc
glucose,83.3,mg/dL,Normal Range,0.921,0.961,1.0,0.0,1.0,1.0,1.0,0,UCI_CKD_HCV_Synthetic_Doc
rbc,4.32,millions/uL,Normal Range,0.882,0.867,1.0,0.0,1.0,1.0,1.0,0,UCI_CKD_HCV_Synthetic_Doc
hemoglobin,7.95,g/dL,Normal Range,0.99,0.986,1.0,0.0,1.0,1.0,1.0,0,UCI_CKD_HCV_Synthetic_Doc
sodium,139.35,mmol/L,Normal Range,0.982,0.993,1.0,0.0,1.0,1.0,1.0,0,UCI_CKD_HCV_Synthetic_Doc
albumin,5.44,g/dL,Normal Range,0.939,0.955,1.0,0.0,1.0,1.0,1.0,0,UCI_CKD_HCV_Synthetic_Doc
urea,30.52,mg/dL,Normal Range,0.969,0.961,1.0,0.0,1.0,1.0,1.0,0,UCI_CKD_HCV_Synthetic_Doc
hemoglobin,9.56,g/dL,Normal Range,0.95,0.868,1.0,0.0,1.0,1.0,1.0,0,UCI_CKD_HCV_Synthetic_Doc
potassium,4.09,mmol/L,Normal Range,0.912,0.856,1.0,0.0,1.0,1.0,1.0,0,UCI_CKD_HCV_Synthetic_Doc
potassium,3.83,mmol/L,Normal Range,0.881,0.889,1.0,0.0,1.0,1.0,1.0,0,UCI_CKD_HCV_Synthetic_Doc
wbc,6734.37,/uL,Normal Range,0.877,0.909,1.0,0.0,1.0,1.0,1.0,0,UCI_CKD_HCV_Synthetic_Doc
sodium,138.51,mmol/L,Normal Range,0.956,0.926,1.0,0.0,1.0,1.0,1.0,0,UCI_CKD_HCV_Synthetic_Doc
potassium,4.86,mmol/L,Normal Range,0.901,0.944,1.0,0.0,1.0,1.0,1.0,0,UCI_CKD_HCV_Synthetic_Doc
albumin,3.92,g/dL,Normal Range,0.945,0.918,1.0,0.0,1.0,1.0,1.0,0,UCI_CKD_HCV_Synthetic_Doc
sodium,143.73,mmol/L,Normal Range,0.86,0.9,1.0,0.0,1.0,1.0,1.0,0,UCI_CKD_HCV_Synthetic_Doc
hemoglobin,14.46,g/dL,Normal Range,0.945,0.903,1.0,0.0,1.0,1.0,1.0,0,UCI_CKD_HCV_Synthetic_Doc
albumin,4.47,g/dL,Normal Range,0.933,0.886,1.0,0.0,1.0,1.0,1.0,0,UCI_CKD_HCV_Synthetic_Doc
creatinine,1.37,mg/dL,Normal Range,0.88,0.886,1.0,0.0,1.0,1.0,1.0,0,UCI_CKD_HCV_Synthetic_Doc
potassium,4.56,mmol/L,Normal Range,0.938,0.929,1.0,0.0,1.0,1.0,1.0,0,UCI_CKD_HCV_Synthetic_Doc
wbc,7714.63,/uL,Normal Range,0.957,0.879,1.0,0.0,1.0,1.0,1.0,0,UCI_CKD_HCV_Synthetic_Doc
wbc,6450.68,/uL,Normal Range,0.866,0.983,1.0,0.0,1.0,1.0,1.0,0,UCI_CKD_HCV_Synthetic_Doc
sodium,140.97,mmol/L,Normal Range,0.953,0.854,1.0,0.0,1.0,1.0,1.0,0,UCI_CKD_HCV_Synthetic_Doc
potassium,4.02,mmol/L,Normal Range,0.941,0.886,1.0,0.0,1.0,1.0,1.0,0,UCI_CKD_HCV_Synthetic_Doc
ast,25.88,U/L,Normal Range,0.88,0.932,1.0,0.0,1.0,1.0,1.0,0,UCI_CKD_HCV_Synthetic_Doc
bilirubin,0.34,mg/dL,Normal Range,0.977,0.91,1.0,0.0,1.0,1.0,1.0,0,UCI_CKD_HCV_Synthetic_Doc
rbc,4.95,millions/uL,Normal Range,0.868,0.896,1.0,0.0,1.0,1.0,1.0,0,UCI_CKD_HCV_Synthetic_Doc
creatinine,1.07,mg/dL,Normal Range,0.937,0.957,1.0,0.0,1.0,1.0,1.0,0,UCI_CKD_HCV_Synthetic_Doc
alt,13.52,U/L,Normal Range,0.932,0.983,1.0,0.0,1.0,1.0,1.0,0,UCI_CKD_HCV_Synthetic_Doc
bilirubin,0.52,mg/dL,Normal Range,0.94,0.88,1.0,0.0,1.0,1.0,1.0,0,UCI_CKD_HCV_Synthetic_Doc
creatinine,1.43,mg/dL,Normal Range,0.867,0.851,1.0,0.0,1.0,1.0,1.0,0,UCI_CKD_HCV_Synthetic_Doc
wbc,8736.22,/uL,Normal Range,0.982,0.857,1.0,0.0,1.0,1.0,1.0,0,UCI_CKD_HCV_Synthetic_Doc
wbc,10518.92,/uL,Normal Range,0.92,0.884,1.0,0.0,1.0,1.0,1.0,0,UCI_CKD_HCV_Synthetic_Doc
glucose,94.33,mg/dL,Normal Range,0.954,0.889,1.0,0.0,1.0,1.0,1.0,0,UCI_CKD_HCV_Synthetic_Doc
creatinine,0.65,mg/dL,Normal Range,0.917,0.923,1.0,0.0,1.0,1.0,1.0,0,UCI_CKD_HCV_Synthetic_Doc
urea,31.59,mg/dL,Normal Range,0.895,0.915,1.0,0.0,1.0,1.0,1.0,0,UCI_CKD_HCV_Synthetic_Doc
bilirubin,1.05,mg/dL,Normal Range,0.901,0.915,1.0,0.0,1.0,1.0,1.0,0,UCI_CKD_HCV_Synthetic_Doc
albumin,4.43,g/dL,Normal Range,0.901,0.932,1.0,0.0,1.0,1.0,1.0,0,UCI_CKD_HCV_Synthetic_Doc
bilirubin,1.19,mg/dL,Normal Range,0.977,0.909,1.0,0.0,1.0,1.0,1.0,0,UCI_CKD_HCV_Synthetic_Doc
creatinine,1.54,mg/dL,Normal Range,0.92,0.943,1.0,0.0,1.0,1.0,1.0,0,UCI_CKD_HCV_Synthetic_Doc
hemoglobin,9.88,g/dL,Normal Range,0.878,0.962,1.0,0.0,1.0,1.0,1.0,0,UCI_CKD_HCV_Synthetic_Doc
wbc,7959.28,/uL,Normal Range,0.923,0.854,1.0,0.0,1.0,1.0,1.0,0,UCI_CKD_HCV_Synthetic_Doc
hemoglobin,11.66,g/dL,Normal Range,0.882,0.995,1.0,0.0,1.0,1.0,1.0,0,UCI_CKD_HCV_Synthetic_Doc
potassium,4.16,mmol/L,Normal Range,0.921,0.985,1.0,0.0,1.0,1.0,1.0,0,UCI_CKD_HCV_Synthetic_Doc
rbc,5.13,millions/uL,Normal Range,0.93,0.943,1.0,0.0,1.0,1.0,1.0,0,UCI_CKD_HCV_Synthetic_Doc
urea,32.06,mg/dL,Normal Range,0.914,0.858,1.0,0.0,1.0,1.0,1.0,0,UCI_CKD_HCV_Synthetic_Doc
potassium,5.24,mmol/L,Normal Range,0.997,0.886,1.0,0.0,1.0,1.0,1.0,0,UCI_CKD_HCV_Synthetic_Doc
albumin,3.7,g/dL,Normal Range,0.961,0.979,1.0,0.0,1.0,1.0,1.0,0,UCI_CKD_HCV_Synthetic_Doc
glucose,87.18,mg/dL,Normal Range,0.924,0.955,1.0,0.0,1.0,1.0,1.0,0,UCI_CKD_HCV_Synthetic_Doc
hemoglobin,10.05,g/dL,Normal Range,0.991,0.927,1.0,0.0,1.0,1.0,1.0,0,UCI_CKD_HCV_Synthetic_Doc
hemoglobin,12.02,g/dL,Normal Range,0.868,0.899,1.0,0.0,1.0,1.0,1.0,0,UCI_CKD_HCV_Synthetic_Doc
wbc,4368.75,/uL,Normal Range,0.879,0.933,1.0,0.0,1.0,1.0,1.0,0,UCI_CKD_HCV_Synthetic_Doc
glucose,120.65,mg/dL,Normal Range,0.901,0.98,1.0,0.0,1.0,1.0,1.0,0,UCI_CKD_HCV_Synthetic_Doc
wbc,7031.93,/uL,Normal Range,0.952,0.891,1.0,0.0,1.0,1.0,1.0,0,UCI_CKD_HCV_Synthetic_Doc
glucose,78.1,mg/dL,Normal Range,0.875,0.956,1.0,0.0,1.0,1.0,1.0,0,UCI_CKD_HCV_Synthetic_Doc
alt,26.86,U/L,Normal Range,0.962,0.975,1.0,0.0,1.0,1.0,1.0,0,UCI_CKD_HCV_Synthetic_Doc
ast,2.32,U/L,Normal Range,0.979,0.95,1.0,0.0,1.0,1.0,1.0,0,UCI_CKD_HCV_Synthetic_Doc
glucose,67.83,mg/dL,Normal Range,0.954,0.879,1.0,0.0,1.0,1.0,1.0,0,UCI_CKD_HCV_Synthetic_Doc
albumin,3.75,g/dL,Normal Range,0.889,0.858,1.0,0.0,1.0,1.0,1.0,0,UCI_CKD_HCV_Synthetic_Doc
potassium,4.26,mmol/L,Normal Range,0.972,0.922,1.0,0.0,1.0,1.0,1.0,0,UCI_CKD_HCV_Synthetic_Doc
albumin,4.11,g/dL,Normal Range,0.94,0.875,1.0,0.0,1.0,1.0,1.0,0,UCI_CKD_HCV_Synthetic_Doc
potassium,4.48,mmol/L,Normal Range,0.937,0.869,1.0,0.0,1.0,1.0,1.0,0,UCI_CKD_HCV_Synthetic_Doc
rbc,4.98,millions/uL,Normal Range,0.964,0.939,1.0,0.0,1.0,1.0,1.0,0,UCI_CKD_HCV_Synthetic_Doc
bilirubin,0.75,mg/dL,Normal Range,0.854,0.887,1.0,0.0,1.0,1.0,1.0,0,UCI_CKD_HCV_Synthetic_Doc
urea,2.0,mg/dL,Normal Range,0.929,0.9,1.0,0.0,1.0,1.0,1.0,0,UCI_CKD_HCV_Synthetic_Doc
alt,34.8,U/L,Normal Range,0.889,0.966,1.0,0.0,1.0,1.0,1.0,0,UCI_CKD_HCV_Synthetic_Doc
potassium,4.5,mmol/L,Normal Range,0.915,0.949,1.0,0.0,1.0,1.0,1.0,0,UCI_CKD_HCV_Synthetic_Doc
ast,38.55,U/L,Normal Range,0.871,0.86,1.0,0.0,1.0,1.0,1.0,0,UCI_CKD_HCV_Synthetic_Doc
hemoglobin,14.73,g/dL,Normal Range,0.988,0.925,1.0,0.0,1.0,1.0,1.0,0,UCI_CKD_HCV_Synthetic_Doc
creatinine,1.31,mg/dL,Normal Range,0.979,0.897,1.0,0.0,1.0,1.0,1.0,0,UCI_CKD_HCV_Synthetic_Doc
potassium,4.46,mmol/L,Normal Range,0.988,0.852,1.0,0.0,1.0,1.0,1.0,0,UCI_CKD_HCV_Synthetic_Doc
creatinine,0.76,mg/dL,Normal Range,0.899,0.951,1.0,0.0,1.0,1.0,1.0,0,UCI_CKD_HCV_Synthetic_Doc
alt,27.03,U/L,Normal Range,0.928,0.942,1.0,0.0,1.0,1.0,1.0,0,UCI_CKD_HCV_Synthetic_Doc
albumin,2.85,g/dL,Normal Range,0.861,0.866,1.0,0.0,1.0,1.0,1.0,0,UCI_CKD_HCV_Synthetic_Doc
rbc,4.42,millions/uL,Normal Range,0.886,0.879,1.0,0.0,1.0,1.0,1.0,0,UCI_CKD_HCV_Synthetic_Doc
sodium,135.06,mmol/L,Normal Range,0.855,0.858,1.0,0.0,1.0,1.0,1.0,0,UCI_CKD_HCV_Synthetic_Doc
albumin,4.3,g/dL,Normal Range,0.868,0.857,1.0,0.0,1.0,1.0,1.0,0,UCI_CKD_HCV_Synthetic_Doc
bilirubin,0.73,mg/dL,Normal Range,0.943,0.979,1.0,0.0,1.0,1.0,1.0,0,UCI_CKD_HCV_Synthetic_Doc
ast,16.21,U/L,Normal Range,0.948,0.903,1.0,0.0,1.0,1.0,1.0,0,UCI_CKD_HCV_Synthetic_Doc
bilirubin,0.72,mg/dL,Normal Range,0.865,0.965,1.0,0.0,1.0,1.0,1.0,0,UCI_CKD_HCV_Synthetic_Doc
wbc,5867.92,/uL,Normal Range,0.98,0.935,1.0,0.0,1.0,1.0,1.0,0,UCI_CKD_HCV_Synthetic_Doc
creatinine,1.64,mg/dL,Normal Range,0.893,0.945,1.0,0.0,1.0,1.0,1.0,0,UCI_CKD_HCV_Synthetic_Doc
alt,34.63,U/L,Normal Range,0.894,0.88,1.0,0.0,1.0,1.0,1.0,0,UCI_CKD_HCV_Synthetic_Doc
wbc,5572.83,/uL,Normal Range,0.989,0.858,1.0,0.0,1.0,1.0,1.0,0,UCI_CKD_HCV_Synthetic_Doc
bilirubin,0.45,mg/dL,Normal Range,0.876,0.932,1.0,0.0,1.0,1.0,1.0,0,UCI_CKD_HCV_Synthetic_Doc
potassium,3.39,mmol/L,Normal Range,0.901,0.978,1.0,0.0,1.0,1.0,1.0,0,UCI_CKD_HCV_Synthetic_Doc
wbc,8099.3,/uL,Normal Range,0.865,0.963,1.0,0.0,1.0,1.0,1.0,0,UCI_CKD_HCV_Synthetic_Doc
urea,50.55,mg/dL,Normal Range,0.862,0.952,1.0,0.0,1.0,1.0,1.0,0,UCI_CKD_HCV_Synthetic_Doc
potassium,3.38,mmol/L,Normal Range,0.978,0.902,1.0,0.0,1.0,1.0,1.0,0,UCI_CKD_HCV_Synthetic_Doc
albumin,4.93,g/dL,Normal Range,0.911,0.982,1.0,0.0,1.0,1.0,1.0,0,UCI_CKD_HCV_Synthetic_Doc
alt,30.38,U/L,Normal Range,0.879,0.958,1.0,0.0,1.0,1.0,1.0,0,UCI_CKD_HCV_Synthetic_Doc
sodium,137.42,mmol/L,Normal Range,0.88,0.986,1.0,0.0,1.0,1.0,1.0,0,UCI_CKD_HCV_Synthetic_Doc
bilirubin,0.57,mg/dL,Normal Range,0.91,0.895,1.0,0.0,1.0,1.0,1.0,0,UCI_CKD_HCV_Synthetic_Doc
hemoglobin,13.17,g/dL,Normal Range,0.884,0.942,1.0,0.0,1.0,1.0,1.0,0,UCI_CKD_HCV_Synthetic_Doc
alt,44.44,U/L,Normal Range,0.999,0.918,1.0,0.0,1.0,1.0,1.0,0,UCI_CKD_HCV_Synthetic_Doc
creatinine,0.88,mg/dL,Normal Range,0.965,0.914,1.0,0.0,1.0,1.0,1.0,0,UCI_CKD_HCV_Synthetic_Doc
alt,20.66,U/L,Normal Range,0.898,0.851,1.0,0.0,1.0,1.0,1.0,0,UCI_CKD_HCV_Synthetic_Doc
potassium,4.24,mmol/L,Normal Range,0.863,0.931,1.0,0.0,1.0,1.0,1.0,0,UCI_CKD_HCV_Synthetic_Doc
ast,28.91,U/L,Normal Range,0.945,0.943,1.0,0.0,1.0,1.0,1.0,0,UCI_CKD_HCV_Synthetic_Doc
glucose,67.53,mg/dL,Normal Range,0.991,0.891,1.0,0.0,1.0,1.0,1.0,0,UCI_CKD_HCV_Synthetic_Doc
creatinine,1.57,mg/dL,Normal Range,0.882,0.944,1.0,0.0,1.0,1.0,1.0,0,UCI_CKD_HCV_Synthetic_Doc
alt,32.79,U/L,Normal Range,0.86,0.908,1.0,0.0,1.0,1.0,1.0,0,UCI_CKD_HCV_Synthetic_Doc
glucose,115.28,mg/dL,Normal Range,0.881,0.993,1.0,0.0,1.0,1.0,1.0,0,UCI_CKD_HCV_Synthetic_Doc
urea,28.01,mg/dL,Normal Range,0.911,0.886,1.0,0.0,1.0,1.0,1.0,0,UCI_CKD_HCV_Synthetic_Doc
alt,20.53,U/L,Normal Range,0.915,0.98,1.0,0.0,1.0,1.0,1.0,0,UCI_CKD_HCV_Synthetic_Doc
urea,34.42,mg/dL,Normal Range,0.948,0.891,1.0,0.0,1.0,1.0,1.0,0,UCI_CKD_HCV_Synthetic_Doc
hemoglobin,16.83,g/dL,Normal Range,0.923,0.87,1.0,0.0,1.0,1.0,1.0,0,UCI_CKD_HCV_Synthetic_Doc
urea,17.39,mg/dL,Normal Range,0.859,0.895,1.0,0.0,1.0,1.0,1.0,0,UCI_CKD_HCV_Synthetic_Doc
potassium,4.57,mmol/L,Normal Range,0.905,0.95,1.0,0.0,1.0,1.0,1.0,0,UCI_CKD_HCV_Synthetic_Doc
creatinine,0.76,mg/dL,Normal Range,0.937,0.983,1.0,0.0,1.0,1.0,1.0,0,UCI_CKD_HCV_Synthetic_Doc
albumin,4.13,g/dL,Normal Range,0.852,0.901,1.0,0.0,1.0,1.0,1.0,0,UCI_CKD_HCV_Synthetic_Doc
albumin,5.05,g/dL,Normal Range,0.912,0.926,1.0,0.0,1.0,1.0,1.0,0,UCI_CKD_HCV_Synthetic_Doc
urea,19.79,mg/dL,Normal Range,0.99,0.87,1.0,0.0,1.0,1.0,1.0,0,UCI_CKD_HCV_Synthetic_Doc
bilirubin,0.85,mg/dL,Normal Range,0.979,0.92,1.0,0.0,1.0,1.0,1.0,0,UCI_CKD_HCV_Synthetic_Doc
potassium,3.22,mmol/L,Normal Range,0.937,0.97,1.0,0.0,1.0,1.0,1.0,0,UCI_CKD_HCV_Synthetic_Doc
wbc,4462.18,/uL,Normal Range,0.908,0.995,1.0,0.0,1.0,1.0,1.0,0,UCI_CKD_HCV_Synthetic_Doc
ast,0.0,U/L,Normal Range,0.953,0.98,1.0,0.0,1.0,1.0,1.0,0,UCI_CKD_HCV_Synthetic_Doc
urea,18.51,mg/dL,Normal Range,0.932,0.913,1.0,0.0,1.0,1.0,1.0,0,UCI_CKD_HCV_Synthetic_Doc
rbc,4.78,millions/uL,Normal Range,0.881,0.974,1.0,0.0,1.0,1.0,1.0,0,UCI_CKD_HCV_Synthetic_Doc
alt,14.75,U/L,Normal Range,0.925,0.976,1.0,0.0,1.0,1.0,1.0,0,UCI_CKD_HCV_Synthetic_Doc
glucose,54.01,mg/dL,Normal Range,0.896,0.879,1.0,0.0,1.0,1.0,1.0,0,UCI_CKD_HCV_Synthetic_Doc
hemoglobin,15.47,g/dL,Normal Range,0.921,0.884,1.0,0.0,1.0,1.0,1.0,0,UCI_CKD_HCV_Synthetic_Doc
rbc,4.37,millions/uL,Normal Range,0.861,0.906,1.0,0.0,1.0,1.0,1.0,0,UCI_CKD_HCV_Synthetic_Doc
urea,10.06,mg/dL,Normal Range,0.984,0.919,1.0,0.0,1.0,1.0,1.0,0,UCI_CKD_HCV_Synthetic_Doc
ast,27.14,U/L,Normal Range,0.903,0.956,1.0,0.0,1.0,1.0,1.0,0,UCI_CKD_HCV_Synthetic_Doc
alt,28.34,U/L,Normal Range,0.892,0.878,1.0,0.0,1.0,1.0,1.0,0,UCI_CKD_HCV_Synthetic_Doc
alt,18.89,U/L,Normal Range,0.862,0.857,1.0,0.0,1.0,1.0,1.0,0,UCI_CKD_HCV_Synthetic_Doc
potassium,4.15,mmol/L,Normal Range,0.941,0.914,1.0,0.0,1.0,1.0,1.0,0,UCI_CKD_HCV_Synthetic_Doc
glucose,67.3,mg/dL,Normal Range,0.968,0.852,1.0,0.0,1.0,1.0,1.0,0,UCI_CKD_HCV_Synthetic_Doc
bilirubin,0.75,mg/dL,Normal Range,0.93,0.922,1.0,0.0,1.0,1.0,1.0,0,UCI_CKD_HCV_Synthetic_Doc
potassium,4.67,mmol/L,Normal Range,0.926,0.986,1.0,0.0,1.0,1.0,1.0,0,UCI_CKD_HCV_Synthetic_Doc
albumin,4.75,g/dL,Normal Range,0.989,0.994,1.0,0.0,1.0,1.0,1.0,0,UCI_CKD_HCV_Synthetic_Doc
albumin,3.42,g/dL,Normal Range,0.858,0.932,1.0,0.0,1.0,1.0,1.0,0,UCI_CKD_HCV_Synthetic_Doc
sodium,132.41,mmol/L,Normal Range,0.892,0.911,1.0,0.0,1.0,1.0,1.0,0,UCI_CKD_HCV_Synthetic_Doc
creatinine,1.24,mg/dL,Normal Range,0.938,0.973,1.0,0.0,1.0,1.0,1.0,0,UCI_CKD_HCV_Synthetic_Doc
glucose,107.35,mg/dL,Normal Range,0.889,0.897,1.0,0.0,1.0,1.0,1.0,0,UCI_CKD_HCV_Synthetic_Doc
urea,2.0,mg/dL,Normal Range,0.895,0.995,1.0,0.0,1.0,1.0,1.0,0,UCI_CKD_HCV_Synthetic_Doc
albumin,3.47,g/dL,Normal Range,0.902,0.969,1.0,0.0,1.0,1.0,1.0,0,UCI_CKD_HCV_Synthetic_Doc
urea,20.27,mg/dL,Normal Range,0.991,0.952,1.0,0.0,1.0,1.0,1.0,0,UCI_CKD_HCV_Synthetic_Doc
ast,23.51,U/L,Normal Range,0.889,0.917,1.0,0.0,1.0,1.0,1.0,0,UCI_CKD_HCV_Synthetic_Doc
hemoglobin,13.55,g/dL,Normal Range,0.962,0.882,1.0,0.0,1.0,1.0,1.0,0,UCI_CKD_HCV_Synthetic_Doc
urea,34.87,mg/dL,Normal Range,0.93,0.911,1.0,0.0,1.0,1.0,1.0,0,UCI_CKD_HCV_Synthetic_Doc
hemoglobin,9.89,g/dL,Normal Range,0.997,0.978,1.0,0.0,1.0,1.0,1.0,0,UCI_CKD_HCV_Synthetic_Doc
rbc,4.49,millions/uL,Normal Range,0.894,0.864,1.0,0.0,1.0,1.0,1.0,0,UCI_CKD_HCV_Synthetic_Doc
glucose,87.54,mg/dL,Normal Range,0.942,0.906,1.0,0.0,1.0,1.0,1.0,0,UCI_CKD_HCV_Synthetic_Doc
bilirubin,0.85,mg/dL,Normal Range,0.969,0.901,1.0,0.0,1.0,1.0,1.0,0,UCI_CKD_HCV_Synthetic_Doc
hemoglobin,9.3,g/dL,Normal Range,0.886,0.884,1.0,0.0,1.0,1.0,1.0,0,UCI_CKD_HCV_Synthetic_Doc
creatinine,0.78,mg/dL,Normal Range,0.878,0.877,1.0,0.0,1.0,1.0,1.0,0,UCI_CKD_HCV_Synthetic_Doc
ast,22.23,U/L,Normal Range,0.917,0.995,1.0,0.0,1.0,1.0,1.0,0,UCI_CKD_HCV_Synthetic_Doc
wbc,9444.18,/uL,Normal Range,0.981,0.887,1.0,0.0,1.0,1.0,1.0,0,UCI_CKD_HCV_Synthetic_Doc
bilirubin,1.19,mg/dL,Normal Range,0.937,0.958,1.0,0.0,1.0,1.0,1.0,0,UCI_CKD_HCV_Synthetic_Doc
albumin,3.71,g/dL,Normal Range,0.889,0.937,1.0,0.0,1.0,1.0,1.0,0,UCI_CKD_HCV_Synthetic_Doc
sodium,137.82,mmol/L,Normal Range,0.887,0.995,1.0,0.0,1.0,1.0,1.0,0,UCI_CKD_HCV_Synthetic_Doc
glucose,115.07,mg/dL,Normal Range,0.954,0.976,1.0,0.0,1.0,1.0,1.0,0,UCI_CKD_HCV_Synthetic_Doc
sodium,150.59,mmol/L,Normal Range,0.983,0.874,1.0,0.0,1.0,1.0,1.0,0,UCI_CKD_HCV_Synthetic_Doc
ast,19.95,U/L,Normal Range,0.885,0.866,1.0,0.0,1.0,1.0,1.0,0,UCI_CKD_HCV_Synthetic_Doc
bilirubin,0.69,mg/dL,Normal Range,0.871,0.962,1.0,0.0,1.0,1.0,1.0,0,UCI_CKD_HCV_Synthetic_Doc
rbc,4.85,millions/uL,Normal Range,0.851,0.965,1.0,0.0,1.0,1.0,1.0,0,UCI_CKD_HCV_Synthetic_Doc
albumin,4.28,g/dL,Normal Range,0.912,0.917,1.0,0.0,1.0,1.0,1.0,0,UCI_CKD_HCV_Synthetic_Doc
rbc,5.5,millions/uL,Normal Range,0.941,0.863,1.0,0.0,1.0,1.0,1.0,0,UCI_CKD_HCV_Synthetic_Doc
albumin,4.69,g/dL,Normal Range,0.851,0.924,1.0,0.0,1.0,1.0,1.0,0,UCI_CKD_HCV_Synthetic_Doc
potassium,3.84,mmol/L,Normal Range,0.953,0.972,1.0,0.0,1.0,1.0,1.0,0,UCI_CKD_HCV_Synthetic_Doc
alt,6.67,U/L,Normal Range,0.919,0.883,1.0,0.0,1.0,1.0,1.0,0,UCI_CKD_HCV_Synthetic_Doc
ast,17.41,U/L,Normal Range,0.86,0.923,1.0,0.0,1.0,1.0,1.0,0,UCI_CKD_HCV_Synthetic_Doc
creatinine,1.14,mg/dL,Normal Range,0.943,0.932,1.0,0.0,1.0,1.0,1.0,0,UCI_CKD_HCV_Synthetic_Doc
hemoglobin,14.01,g/dL,Normal Range,0.891,0.964,1.0,0.0,1.0,1.0,1.0,0,UCI_CKD_HCV_Synthetic_Doc
potassium,3.96,mmol/L,Normal Range,0.851,0.926,1.0,0.0,1.0,1.0,1.0,0,UCI_CKD_HCV_Synthetic_Doc
alt,28.52,U/L,Normal Range,0.993,0.97,1.0,0.0,1.0,1.0,1.0,0,UCI_CKD_HCV_Synthetic_Doc
sodium,138.73,mmol/L,Normal Range,0.895,0.957,1.0,0.0,1.0,1.0,1.0,0,UCI_CKD_HCV_Synthetic_Doc
glucose,96.11,mg/dL,Normal Range,0.967,0.979,1.0,0.0,1.0,1.0,1.0,0,UCI_CKD_HCV_Synthetic_Doc
wbc,4008.59,/uL,Normal Range,0.947,0.877,1.0,0.0,1.0,1.0,1.0,0,UCI_CKD_HCV_Synthetic_Doc
creatinine,1.06,mg/dL,Normal Range,0.851,0.911,1.0,0.0,1.0,1.0,1.0,0,UCI_CKD_HCV_Synthetic_Doc
hemoglobin,12.83,g/dL,Normal Range,0.876,0.98,1.0,0.0,1.0,1.0,1.0,0,UCI_CKD_HCV_Synthetic_Doc
ast,41.12,U/L,Normal Range,0.894,0.917,1.0,0.0,1.0,1.0,1.0,0,UCI_CKD_HCV_Synthetic_Doc
bilirubin,0.62,mg/dL,Normal Range,0.986,0.978,1.0,0.0,1.0,1.0,1.0,0,UCI_CKD_HCV_Synthetic_Doc
sodium,139.64,mmol/L,Normal Range,0.93,0.919,1.0,0.0,1.0,1.0,1.0,0,UCI_CKD_HCV_Synthetic_Doc
sodium,135.31,mmol/L,Normal Range,0.963,0.935,1.0,0.0,1.0,1.0,1.0,0,UCI_CKD_HCV_Synthetic_Doc
glucose,43.41,mg/dL,Normal Range,0.937,0.983,1.0,0.0,1.0,1.0,1.0,0,UCI_CKD_HCV_Synthetic_Doc
bilirubin,0.7,mg/dL,Normal Range,0.932,0.957,1.0,0.0,1.0,1.0,1.0,0,UCI_CKD_HCV_Synthetic_Doc
glucose,45.85,mg/dL,Normal Range,0.877,0.926,1.0,0.0,1.0,1.0,1.0,0,UCI_CKD_HCV_Synthetic_Doc
sodium,138.67,mmol/L,Normal Range,0.858,0.917,1.0,0.0,1.0,1.0,1.0,0,UCI_CKD_HCV_Synthetic_Doc
rbc,5.04,millions/uL,Normal Range,0.866,0.966,1.0,0.0,1.0,1.0,1.0,0,UCI_CKD_HCV_Synthetic_Doc
urea,40.74,mg/dL,Normal Range,0.985,0.944,1.0,0.0,1.0,1.0,1.0,0,UCI_CKD_HCV_Synthetic_Doc
rbc,4.8,millions/uL,Normal Range,0.965,0.89,1.0,0.0,1.0,1.0,1.0,0,UCI_CKD_HCV_Synthetic_Doc
urea,21.48,mg/dL,Normal Range,0.929,0.855,1.0,0.0,1.0,1.0,1.0,0,UCI_CKD_HCV_Synthetic_Doc
ast,1.45,U/L,Normal Range,0.89,0.915,1.0,0.0,1.0,1.0,1.0,0,UCI_CKD_HCV_Synthetic_Doc
rbc,4.8,millions/uL,Normal Range,0.969,0.875,1.0,0.0,1.0,1.0,1.0,0,UCI_CKD_HCV_Synthetic_Doc
ast,23.04,U/L,Normal Range,0.929,0.95,1.0,0.0,1.0,1.0,1.0,0,UCI_CKD_HCV_Synthetic_Doc
wbc,12762.88,/uL,Normal Range,0.987,0.915,1.0,0.0,1.0,1.0,1.0,0,UCI_CKD_HCV_Synthetic_Doc
albumin,4.41,g/dL,Normal Range,0.861,0.867,1.0,0.0,1.0,1.0,1.0,0,UCI_CKD_HCV_Synthetic_Doc
wbc,9716.09,/uL,Normal Range,0.883,0.917,1.0,0.0,1.0,1.0,1.0,0,UCI_CKD_HCV_Synthetic_Doc
alt,21.35,U/L,Normal Range,0.973,0.995,1.0,0.0,1.0,1.0,1.0,0,UCI_CKD_HCV_Synthetic_Doc
potassium,3.71,mmol/L,Normal Range,0.926,0.936,1.0,0.0,1.0,1.0,1.0,0,UCI_CKD_HCV_Synthetic_Doc
ast,8.44,U/L,Normal Range,1.0,0.89,1.0,0.0,1.0,1.0,1.0,0,UCI_CKD_HCV_Synthetic_Doc
hemoglobin,15.94,g/dL,Normal Range,0.948,1.0,1.0,0.0,1.0,1.0,1.0,0,UCI_CKD_HCV_Synthetic_Doc
wbc,9026.67,/uL,Normal Range,0.996,0.996,1.0,0.0,1.0,1.0,1.0,0,UCI_CKD_HCV_Synthetic_Doc
wbc,8522.65,/uL,Normal Range,0.864,0.952,1.0,0.0,1.0,1.0,1.0,0,UCI_CKD_HCV_Synthetic_Doc
wbc,5741.43,/uL,Normal Range,0.948,0.997,1.0,0.0,1.0,1.0,1.0,0,UCI_CKD_HCV_Synthetic_Doc
sodium,140.39,mmol/L,Normal Range,0.963,0.938,1.0,0.0,1.0,1.0,1.0,0,UCI_CKD_HCV_Synthetic_Doc
glucose,125.09,mg/dL,Normal Range,0.979,0.92,1.0,0.0,1.0,1.0,1.0,0,UCI_CKD_HCV_Synthetic_Doc
ast,32.81,U/L,Normal Range,0.989,0.946,1.0,0.0,1.0,1.0,1.0,0,UCI_CKD_HCV_Synthetic_Doc
rbc,5.2,millions/uL,Normal Range,0.901,0.987,1.0,0.0,1.0,1.0,1.0,0,UCI_CKD_HCV_Synthetic_Doc
glucose,91.01,mg/dL,Normal Range,0.922,0.903,1.0,0.0,1.0,1.0,1.0,0,UCI_CKD_HCV_Synthetic_Doc
alt,40.06,U/L,Normal Range,0.89,0.897,1.0,0.0,1.0,1.0,1.0,0,UCI_CKD_HCV_Synthetic_Doc
wbc,9391.74,/uL,Normal Range,0.865,0.852,1.0,0.0,1.0,1.0,1.0,0,UCI_CKD_HCV_Synthetic_Doc
glucose,50.47,mg/dL,Normal Range,0.862,0.951,1.0,0.0,1.0,1.0,1.0,0,UCI_CKD_HCV_Synthetic_Doc
ast,0.0,U/L,Normal Range,0.925,0.936,1.0,0.0,1.0,1.0,1.0,0,UCI_CKD_HCV_Synthetic_Doc
ast,32.35,U/L,Normal Range,0.879,0.865,1.0,0.0,1.0,1.0,1.0,0,UCI_CKD_HCV_Synthetic_Doc
glucose,55.53,mg/dL,Normal Range,0.945,0.854,1.0,0.0,1.0,1.0,1.0,0,UCI_CKD_HCV_Synthetic_Doc
bilirubin,0.22,mg/dL,Normal Range,0.932,0.864,1.0,0.0,1.0,1.0,1.0,0,UCI_CKD_HCV_Synthetic_Doc
potassium,3.82,mmol/L,Normal Range,0.963,0.959,1.0,0.0,1.0,1.0,1.0,0,UCI_CKD_HCV_Synthetic_Doc
hemoglobin,12.52,g/dL,Normal Range,0.859,0.938,1.0,0.0,1.0,1.0,1.0,0,UCI_CKD_HCV_Synthetic_Doc
bilirubin,0.65,mg/dL,Normal Range,0.869,0.929,1.0,0.0,1.0,1.0,1.0,0,UCI_CKD_HCV_Synthetic_Doc
ast,3.07,U/L,Normal Range,0.999,0.995,1.0,0.0,1.0,1.0,1.0,0,UCI_CKD_HCV_Synthetic_Doc
glucose,103.53,mg/dL,Normal Range,0.889,0.976,1.0,0.0,1.0,1.0,1.0,0,UCI_CKD_HCV_Synthetic_Doc
bilirubin,1.05,mg/dL,Normal Range,0.881,0.903,1.0,0.0,1.0,1.0,1.0,0,UCI_CKD_HCV_Synthetic_Doc
wbc,9825.68,/uL,Normal Range,0.954,0.896,1.0,0.0,1.0,1.0,1.0,0,UCI_CKD_HCV_Synthetic_Doc
sodium,134.41,mmol/L,Normal Range,0.866,0.972,1.0,0.0,1.0,1.0,1.0,0,UCI_CKD_HCV_Synthetic_Doc
potassium,4.43,mmol/L,Normal Range,0.943,0.967,1.0,0.0,1.0,1.0,1.0,0,UCI_CKD_HCV_Synthetic_Doc
potassium,4.73,mmol/L,Normal Range,0.951,0.925,1.0,0.0,1.0,1.0,1.0,0,UCI_CKD_HCV_Synthetic_Doc
bilirubin,0.97,mg/dL,Normal Range,0.893,0.946,1.0,0.0,1.0,1.0,1.0,0,UCI_CKD_HCV_Synthetic_Doc
creatinine,0.81,mg/dL,Normal Range,0.993,0.881,1.0,0.0,1.0,1.0,1.0,0,UCI_CKD_HCV_Synthetic_Doc
glucose,93.27,mg/dL,Normal Range,0.957,0.876,1.0,0.0,1.0,1.0,1.0,0,UCI_CKD_HCV_Synthetic_Doc
ast,21.03,U/L,Normal Range,0.923,0.852,1.0,0.0,1.0,1.0,1.0,0,UCI_CKD_HCV_Synthetic_Doc
potassium,4.27,mmol/L,Normal Range,0.964,0.925,1.0,0.0,1.0,1.0,1.0,0,UCI_CKD_HCV_Synthetic_Doc
bilirubin,0.92,mg/dL,Normal Range,0.885,0.874,1.0,0.0,1.0,1.0,1.0,0,UCI_CKD_HCV_Synthetic_Doc
sodium,135.17,mmol/L,Normal Range,0.903,0.975,1.0,0.0,1.0,1.0,1.0,0,UCI_CKD_HCV_Synthetic_Doc
potassium,3.95,mmol/L,Normal Range,0.911,0.998,1.0,0.0,1.0,1.0,1.0,0,UCI_CKD_HCV_Synthetic_Doc
urea,2.11,mg/dL,Normal Range,0.998,0.986,1.0,0.0,1.0,1.0,1.0,0,UCI_CKD_HCV_Synthetic_Doc
urea,6.25,mg/dL,Normal Range,0.987,0.89,1.0,0.0,1.0,1.0,1.0,0,UCI_CKD_HCV_Synthetic_Doc
potassium,4.41,mmol/L,Normal Range,0.88,0.992,1.0,0.0,1.0,1.0,1.0,0,UCI_CKD_HCV_Synthetic_Doc
urea,29.26,mg/dL,Normal Range,0.992,0.952,1.0,0.0,1.0,1.0,1.0,0,UCI_CKD_HCV_Synthetic_Doc
creatinine,1.2,mg/dL,Normal Range,0.92,0.861,1.0,0.0,1.0,1.0,1.0,0,UCI_CKD_HCV_Synthetic_Doc
ast,39.68,U/L,Normal Range,0.927,0.927,1.0,0.0,1.0,1.0,1.0,0,UCI_CKD_HCV_Synthetic_Doc
alt,2.94,U/L,Normal Range,0.871,0.87,1.0,0.0,1.0,1.0,1.0,0,UCI_CKD_HCV_Synthetic_Doc
wbc,8945.44,/uL,Normal Range,0.932,0.863,1.0,0.0,1.0,1.0,1.0,0,UCI_CKD_HCV_Synthetic_Doc
hemoglobin,14.49,g/dL,Normal Range,0.973,0.903,1.0,0.0,1.0,1.0,1.0,0,UCI_CKD_HCV_Synthetic_Doc
sodium,133.91,mmol/L,Normal Range,0.883,0.858,1.0,0.0,1.0,1.0,1.0,0,UCI_CKD_HCV_Synthetic_Doc
albumin,3.88,g/dL,Normal Range,0.865,0.876,1.0,0.0,1.0,1.0,1.0,0,UCI_CKD_HCV_Synthetic_Doc
creatinine,1.07,mg/dL,Normal Range,0.975,0.999,1.0,0.0,1.0,1.0,1.0,0,UCI_CKD_HCV_Synthetic_Doc
alt,36.34,U/L,Normal Range,0.878,0.851,1.0,0.0,1.0,1.0,1.0,0,UCI_CKD_HCV_Synthetic_Doc
wbc,5371.88,/uL,Normal Range,0.87,0.983,1.0,0.0,1.0,1.0,1.0,0,UCI_CKD_HCV_Synthetic_Doc
urea,40.83,mg/dL,Normal Range,0.866,0.967,1.0,0.0,1.0,1.0,1.0,0,UCI_CKD_HCV_Synthetic_Doc
alt,22.43,U/L,Normal Range,0.923,0.883,1.0,0.0,1.0,1.0,1.0,0,UCI_CKD_HCV_Synthetic_Doc
rbc,5.59,millions/uL,Normal Range,0.897,0.964,1.0,0.0,1.0,1.0,1.0,0,UCI_CKD_HCV_Synthetic_Doc
potassium,4.54,mmol/L,Normal Range,0.993,0.886,1.0,0.0,1.0,1.0,1.0,0,UCI_CKD_HCV_Synthetic_Doc
creatinine,0.97,mg/dL,Normal Range,0.888,0.86,1.0,0.0,1.0,1.0,1.0,0,UCI_CKD_HCV_Synthetic_Doc
sodium,137.21,mmol/L,Normal Range,0.897,0.969,1.0,0.0,1.0,1.0,1.0,0,UCI_CKD_HCV_Synthetic_Doc
hemoglobin,11.49,g/dL,Normal Range,0.944,0.872,1.0,0.0,1.0,1.0,1.0,0,UCI_CKD_HCV_Synthetic_Doc
rbc,5.29,millions/uL,Normal Range,0.877,0.851,1.0,0.0,1.0,1.0,1.0,0,UCI_CKD_HCV_Synthetic_Doc
sodium,139.63,mmol/L,Normal Range,0.882,0.89,1.0,0.0,1.0,1.0,1.0,0,UCI_CKD_HCV_Synthetic_Doc
creatinine,1.58,mg/dL,Normal Range,0.87,0.997,1.0,0.0,1.0,1.0,1.0,0,UCI_CKD_HCV_Synthetic_Doc
sodium,139.06,mmol/L,Normal Range,0.859,0.96,1.0,0.0,1.0,1.0,1.0,0,UCI_CKD_HCV_Synthetic_Doc
glucose,87.88,mg/dL,Normal Range,0.972,0.907,1.0,0.0,1.0,1.0,1.0,0,UCI_CKD_HCV_Synthetic_Doc
sodium,137.0,mmol/L,Normal Range,0.901,0.997,1.0,0.0,1.0,1.0,1.0,0,UCI_CKD_HCV_Synthetic_Doc
hemoglobin,11.13,g/dL,Normal Range,0.998,0.973,1.0,0.0,1.0,1.0,1.0,0,UCI_CKD_HCV_Synthetic_Doc
sodium,137.81,mmol/L,Normal Range,0.853,0.872,1.0,0.0,1.0,1.0,1.0,0,UCI_CKD_HCV_Synthetic_Doc
rbc,4.93,millions/uL,Normal Range,0.989,0.925,1.0,0.0,1.0,1.0,1.0,0,UCI_CKD_HCV_Synthetic_Doc
alt,13.19,U/L,Normal Range,0.917,0.956,1.0,0.0,1.0,1.0,1.0,0,UCI_CKD_HCV_Synthetic_Doc
bilirubin,0.66,mg/dL,Normal Range,0.946,0.861,1.0,0.0,1.0,1.0,1.0,0,UCI_CKD_HCV_Synthetic_Doc
ast,12.88,U/L,Normal Range,0.937,0.895,1.0,0.0,1.0,1.0,1.0,0,UCI_CKD_HCV_Synthetic_Doc
glucose,128.63,mg/dL,Normal Range,0.915,0.969,1.0,0.0,1.0,1.0,1.0,0,UCI_CKD_HCV_Synthetic_Doc
potassium,4.15,mmol/L,Normal Range,0.984,0.972,1.0,0.0,1.0,1.0,1.0,0,UCI_CKD_HCV_Synthetic_Doc
hemoglobin,16.77,g/dL,Normal Range,0.913,0.872,1.0,0.0,1.0,1.0,1.0,0,UCI_CKD_HCV_Synthetic_Doc
bilirubin,1.19,mg/dL,Normal Range,0.854,0.947,1.0,0.0,1.0,1.0,1.0,0,UCI_CKD_HCV_Synthetic_Doc
alt,16.2,U/L,Normal Range,0.96,0.898,1.0,0.0,1.0,1.0,1.0,0,UCI_CKD_HCV_Synthetic_Doc
bilirubin,0.6,mg/dL,Normal Range,0.982,0.994,1.0,0.0,1.0,1.0,1.0,0,UCI_CKD_HCV_Synthetic_Doc
glucose,131.05,mg/dL,Normal Range,0.872,0.851,1.0,0.0,1.0,1.0,1.0,0,UCI_CKD_HCV_Synthetic_Doc
bilirubin,0.65,mg/dL,Normal Range,0.945,0.915,1.0,0.0,1.0,1.0,1.0,0,UCI_CKD_HCV_Synthetic_Doc
glucose,89.01,mg/dL,Normal Range,0.913,0.958,1.0,0.0,1.0,1.0,1.0,0,UCI_CKD_HCV_Synthetic_Doc
glucose,95.22,mg/dL,Normal Range,0.982,0.89,1.0,0.0,1.0,1.0,1.0,0,UCI_CKD_HCV_Synthetic_Doc
albumin,3.62,g/dL,Normal Range,0.903,0.916,1.0,0.0,1.0,1.0,1.0,0,UCI_CKD_HCV_Synthetic_Doc
alt,19.96,U/L,Normal Range,0.974,0.912,1.0,0.0,1.0,1.0,1.0,0,UCI_CKD_HCV_Synthetic_Doc
ast,18.85,U/L,Normal Range,0.955,0.858,1.0,0.0,1.0,1.0,1.0,0,UCI_CKD_HCV_Synthetic_Doc
potassium,4.23,mmol/L,Normal Range,0.904,0.999,1.0,0.0,1.0,1.0,1.0,0,UCI_CKD_HCV_Synthetic_Doc
potassium,3.67,mmol/L,Normal Range,0.894,0.98,1.0,0.0,1.0,1.0,1.0,0,UCI_CKD_HCV_Synthetic_Doc
urea,27.47,mg/dL,Normal Range,0.918,0.958,1.0,0.0,1.0,1.0,1.0,0,UCI_CKD_HCV_Synthetic_Doc
wbc,9088.51,/uL,Normal Range,0.862,0.883,1.0,0.0,1.0,1.0,1.0,0,UCI_CKD_HCV_Synthetic_Doc
potassium,4.93,mmol/L,Normal Range,0.987,0.9,1.0,0.0,1.0,1.0,1.0,0,UCI_CKD_HCV_Synthetic_Doc
ast,38.44,U/L,Normal Range,0.946,0.985,1.0,0.0,1.0,1.0,1.0,0,UCI_CKD_HCV_Synthetic_Doc
albumin,4.19,g/dL,Normal Range,0.872,0.989,1.0,0.0,1.0,1.0,1.0,0,UCI_CKD_HCV_Synthetic_Doc
alt,42.78,U/L,Normal Range,0.883,0.875,1.0,0.0,1.0,1.0,1.0,0,UCI_CKD_HCV_Synthetic_Doc
urea,25.75,mg/dL,Normal Range,0.978,0.99,1.0,0.0,1.0,1.0,1.0,0,UCI_CKD_HCV_Synthetic_Doc
potassium,4.48,mmol/L,Normal Range,0.863,0.998,1.0,0.0,1.0,1.0,1.0,0,UCI_CKD_HCV_Synthetic_Doc
ast,0.0,U/L,Normal Range,0.904,0.945,1.0,0.0,1.0,1.0,1.0,0,UCI_CKD_HCV_Synthetic_Doc
glucose,109.41,mg/dL,Unknown,0.976,0.663,1.0,0.0,0.0,1.0,1.0,1,UCI_CKD_HCV_Synthetic_Doc
rbc,4.04,millions/uL,Unknown,0.916,0.534,1.0,0.0,0.0,1.0,1.0,1,UCI_CKD_HCV_Synthetic_Doc
alt,46.18,U/L,Unknown,0.933,0.788,1.0,0.0,0.0,1.0,1.0,1,UCI_CKD_HCV_Synthetic_Doc
rbc,4.3,millions/uL,Unknown,0.964,0.507,1.0,0.0,0.0,1.0,1.0,1,UCI_CKD_HCV_Synthetic_Doc
glucose,123.54,mg/dL,Unknown,0.946,0.721,1.0,0.0,1.0,1.0,0.0,1,UCI_CKD_HCV_Synthetic_Doc
creatinine,1.25,mg/dL,Unknown,0.712,0.605,1.0,0.0,1.0,1.0,1.0,1,UCI_CKD_HCV_Synthetic_Doc
sodium,134.38,mmol/L,Unknown,0.636,0.822,1.0,0.0,1.0,1.0,1.0,1,UCI_CKD_HCV_Synthetic_Doc
ast,33.47,U/L,Unknown,0.967,0.665,1.0,0.0,0.0,1.0,1.0,1,UCI_CKD_HCV_Synthetic_Doc
wbc,8676.19,/uL,Unknown,0.888,0.789,1.0,0.0,1.0,1.0,0.0,1,UCI_CKD_HCV_Synthetic_Doc
wbc,8814.37,/uL,Unknown,0.517,0.551,1.0,0.0,1.0,1.0,1.0,1,UCI_CKD_HCV_Synthetic_Doc
bilirubin,0.88,mg/dL,Unknown,0.941,0.588,1.0,0.0,0.0,1.0,1.0,1,UCI_CKD_HCV_Synthetic_Doc
wbc,7385.51,/uL,Unknown,0.894,0.704,1.0,0.0,0.0,1.0,1.0,1,UCI_CKD_HCV_Synthetic_Doc
hemoglobin,8.62,g/dL,Unknown,0.866,0.727,1.0,0.0,0.0,1.0,1.0,1,UCI_CKD_HCV_Synthetic_Doc
sodium,149.14,mmol/L,Unknown,0.934,0.551,1.0,0.0,1.0,1.0,0.0,1,UCI_CKD_HCV_Synthetic_Doc
glucose,84.25,mg/dL,Unknown,0.528,0.719,1.0,0.0,1.0,1.0,1.0,1,UCI_CKD_HCV_Synthetic_Doc
alt,31.47,U/L,Unknown,0.954,0.586,1.0,0.0,1.0,1.0,0.0,1,UCI_CKD_HCV_Synthetic_Doc
glucose,113.49,mg/dL,Unknown,0.655,0.756,1.0,0.0,1.0,1.0,1.0,1,UCI_CKD_HCV_Synthetic_Doc
bilirubin,0.86,mg/dL,Unknown,0.884,0.777,1.0,0.0,1.0,1.0,0.0,1,UCI_CKD_HCV_Synthetic_Doc
potassium,4.06,mmol/L,Unknown,0.852,0.535,1.0,0.0,0.0,1.0,1.0,1,UCI_CKD_HCV_Synthetic_Doc
urea,22.68,mg/dL,Unknown,0.827,0.807,1.0,0.0,1.0,1.0,1.0,1,UCI_CKD_HCV_Synthetic_Doc
hemoglobin,12.84,g/dL,Unknown,0.759,0.773,1.0,0.0,1.0,1.0,1.0,1,UCI_CKD_HCV_Synthetic_Doc
urea,21.2,mg/dL,Unknown,0.888,0.515,1.0,0.0,0.0,1.0,1.0,1,UCI_CKD_HCV_Synthetic_Doc
glucose,109.9,mg/dL,Unknown,0.86,0.698,1.0,0.0,0.0,1.0,1.0,1,UCI_CKD_HCV_Synthetic_Doc
alt,12.89,U/L,Unknown,0.661,0.623,1.0,0.0,1.0,1.0,1.0,1,UCI_CKD_HCV_Synthetic_Doc
potassium,2.81,mmol/L,Unknown,0.955,0.616,1.0,0.0,0.0,1.0,1.0,1,UCI_CKD_HCV_Synthetic_Doc
creatinine,1.38,mg/dL,Unknown,0.971,0.7,1.0,0.0,0.0,1.0,1.0,1,UCI_CKD_HCV_Synthetic_Doc
ast,2.71,U/L,Unknown,0.922,0.679,1.0,0.0,0.0,1.0,1.0,1,UCI_CKD_HCV_Synthetic_Doc
potassium,4.45,mmol/L,Unknown,0.951,0.536,1.0,0.0,1.0,1.0,0.0,1,UCI_CKD_HCV_Synthetic_Doc
creatinine,0.98,mg/dL,Unknown,0.889,0.528,1.0,0.0,1.0,1.0,0.0,1,UCI_CKD_HCV_Synthetic_Doc
alt,23.04,U/L,Unknown,0.874,0.595,1.0,0.0,1.0,1.0,0.0,1,UCI_CKD_HCV_Synthetic_Doc
ast,54.59,U/L,Unknown,0.881,0.726,1.0,0.0,1.0,1.0,0.0,1,UCI_CKD_HCV_Synthetic_Doc
hemoglobin,12.88,g/dL,Unknown,0.973,0.746,1.0,0.0,1.0,1.0,0.0,1,UCI_CKD_HCV_Synthetic_Doc
urea,10.81,mg/dL,Unknown,0.567,0.797,1.0,0.0,1.0,1.0,1.0,1,UCI_CKD_HCV_Synthetic_Doc
potassium,5.63,mmol/L,Unknown,0.866,0.808,1.0,0.0,0.0,1.0,1.0,1,UCI_CKD_HCV_Synthetic_Doc
creatinine,0.24,mg/dL,Unknown,0.977,0.821,1.0,0.0,1.0,1.0,0.0,1,UCI_CKD_HCV_Synthetic_Doc
sodium,139.55,mmol/L,Unknown,0.885,0.685,1.0,0.0,0.0,1.0,1.0,1,UCI_CKD_HCV_Synthetic_Doc
potassium,2.37,mmol/L,Unknown,0.865,0.518,1.0,0.0,1.0,1.0,0.0,1,UCI_CKD_HCV_Synthetic_Doc
glucose,82.28,mg/dL,Unknown,0.952,0.773,1.0,0.0,0.0,1.0,1.0,1,UCI_CKD_HCV_Synthetic_Doc
hemoglobin,12.12,g/dL,Unknown,0.948,0.628,1.0,0.0,0.0,1.0,1.0,1,UCI_CKD_HCV_Synthetic_Doc
urea,36.13,mg/dL,Unknown,0.863,0.506,1.0,0.0,0.0,1.0,1.0,1,UCI_CKD_HCV_Synthetic_Doc
hemoglobin,11.92,g/dL,Unknown,0.897,0.659,1.0,0.0,0.0,1.0,1.0,1,UCI_CKD_HCV_Synthetic_Doc
wbc,8310.45,/uL,Unknown,0.54,0.757,1.0,0.0,1.0,1.0,1.0,1,UCI_CKD_HCV_Synthetic_Doc
urea,28.63,mg/dL,Unknown,0.822,0.697,1.0,0.0,1.0,1.0,1.0,1,UCI_CKD_HCV_Synthetic_Doc
rbc,4.53,millions/uL,Unknown,0.874,0.521,1.0,0.0,0.0,1.0,1.0,1,UCI_CKD_HCV_Synthetic_Doc
albumin,4.59,g/dL,Unknown,0.87,0.784,1.0,0.0,0.0,1.0,1.0,1,UCI_CKD_HCV_Synthetic_Doc
rbc,4.23,millions/uL,Unknown,0.858,0.802,1.0,0.0,1.0,1.0,0.0,1,UCI_CKD_HCV_Synthetic_Doc
bilirubin,0.87,mg/dL,Unknown,0.721,0.603,1.0,0.0,1.0,1.0,1.0,1,UCI_CKD_HCV_Synthetic_Doc
bilirubin,0.79,mg/dL,Unknown,0.871,0.626,1.0,0.0,0.0,1.0,1.0,1,UCI_CKD_HCV_Synthetic_Doc
ast,71.58,U/L,Unknown,0.613,0.746,1.0,0.0,1.0,1.0,1.0,1,UCI_CKD_HCV_Synthetic_Doc
creatinine,1.55,mg/dL,Unknown,0.881,0.632,1.0,0.0,0.0,1.0,1.0,1,UCI_CKD_HCV_Synthetic_Doc
ast,15.49,U/L,Unknown,0.876,0.534,1.0,0.0,1.0,1.0,0.0,1,UCI_CKD_HCV_Synthetic_Doc
bilirubin,0.65,mg/dL,Unknown,0.868,0.717,1.0,0.0,0.0,1.0,1.0,1,UCI_CKD_HCV_Synthetic_Doc
urea,22.36,mg/dL,Unknown,0.935,0.813,1.0,0.0,0.0,1.0,1.0,1,UCI_CKD_HCV_Synthetic_Doc
glucose,110.0,mg/dL,Unknown,0.815,0.664,1.0,0.0,1.0,1.0,1.0,1,UCI_CKD_HCV_Synthetic_Doc
urea,41.84,mg/dL,Unknown,0.896,0.636,1.0,0.0,1.0,1.0,0.0,1,UCI_CKD_HCV_Synthetic_Doc
alt,40.06,U/L,Unknown,0.773,0.552,1.0,0.0,1.0,1.0,1.0,1,UCI_CKD_HCV_Synthetic_Doc
albumin,4.02,g/dL,Unknown,0.771,0.74,1.0,0.0,1.0,1.0,1.0,1,UCI_CKD_HCV_Synthetic_Doc
rbc,4.83,millions/uL,Unknown,0.932,0.536,1.0,0.0,0.0,1.0,1.0,1,UCI_CKD_HCV_Synthetic_Doc
urea,30.88,mg/dL,Unknown,0.873,0.688,1.0,0.0,1.0,1.0,0.0,1,UCI_CKD_HCV_Synthetic_Doc
potassium,2.87,mmol/L,Unknown,0.935,0.719,1.0,0.0,1.0,1.0,0.0,1,UCI_CKD_HCV_Synthetic_Doc
glucose,143.14,mg/dL,Unknown,0.946,0.685,1.0,0.0,0.0,1.0,1.0,1,UCI_CKD_HCV_Synthetic_Doc
glucose,63.27,mg/dL,Unknown,0.851,0.564,1.0,0.0,1.0,1.0,0.0,1,UCI_CKD_HCV_Synthetic_Doc
rbc,5.49,millions/uL,Unknown,0.902,0.506,1.0,0.0,0.0,1.0,1.0,1,UCI_CKD_HCV_Synthetic_Doc
glucose,99.16,mg/dL,Unknown,0.959,0.726,1.0,0.0,0.0,1.0,1.0,1,UCI_CKD_HCV_Synthetic_Doc
creatinine,0.97,mg/dL,Unknown,0.96,0.831,1.0,0.0,1.0,1.0,0.0,1,UCI_CKD_HCV_Synthetic_Doc
urea,48.47,mg/dL,Unknown,0.967,0.616,1.0,0.0,1.0,1.0,0.0,1,UCI_CKD_HCV_Synthetic_Doc
wbc,8909.43,/uL,Unknown,0.975,0.784,1.0,0.0,1.0,1.0,0.0,1,UCI_CKD_HCV_Synthetic_Doc
bilirubin,0.73,mg/dL,Unknown,0.711,0.706,1.0,0.0,1.0,1.0,1.0,1,UCI_CKD_HCV_Synthetic_Doc
ast,36.21,U/L,Unknown,0.9,0.521,1.0,0.0,0.0,1.0,1.0,1,UCI_CKD_HCV_Synthetic_Doc
bilirubin,0.64,mg/dL,Unknown,0.535,0.682,1.0,0.0,1.0,1.0,1.0,1,UCI_CKD_HCV_Synthetic_Doc
potassium,3.52,mmol/L,Unknown,0.979,0.744,1.0,0.0,0.0,1.0,1.0,1,UCI_CKD_HCV_Synthetic_Doc
urea,27.27,mg/dL,Unknown,0.6,0.728,1.0,0.0,1.0,1.0,1.0,1,UCI_CKD_HCV_Synthetic_Doc
bilirubin,0.77,mg/dL,Unknown,0.9,0.764,1.0,0.0,0.0,1.0,1.0,1,UCI_CKD_HCV_Synthetic_Doc
ast,27.62,U/L,Unknown,0.628,0.625,1.0,0.0,1.0,1.0,1.0,1,UCI_CKD_HCV_Synthetic_Doc
rbc,6.07,millions/uL,Unknown,0.594,0.817,1.0,0.0,1.0,1.0,1.0,1,UCI_CKD_HCV_Synthetic_Doc
alt,23.21,U/L,Unknown,0.93,0.51,1.0,0.0,1.0,1.0,0.0,1,UCI_CKD_HCV_Synthetic_Doc
sodium,135.91,mmol/L,Unknown,0.974,0.566,1.0,0.0,0.0,1.0,1.0,1,UCI_CKD_HCV_Synthetic_Doc
glucose,88.62,mg/dL,Unknown,0.855,0.518,1.0,0.0,0.0,1.0,1.0,1,UCI_CKD_HCV_Synthetic_Doc
wbc,4001.7,/uL,Unknown,0.583,0.753,1.0,0.0,1.0,1.0,1.0,1,UCI_CKD_HCV_Synthetic_Doc
bilirubin,0.54,mg/dL,Unknown,0.565,0.657,1.0,0.0,1.0,1.0,1.0,1,UCI_CKD_HCV_Synthetic_Doc
rbc,5.33,millions/uL,Unknown,0.957,0.774,1.0,0.0,0.0,1.0,1.0,1,UCI_CKD_HCV_Synthetic_Doc
albumin,3.44,g/dL,Unknown,0.885,0.737,1.0,0.0,1.0,1.0,0.0,1,UCI_CKD_HCV_Synthetic_Doc
wbc,8496.61,/uL,Unknown,0.91,0.684,1.0,0.0,1.0,1.0,0.0,1,UCI_CKD_HCV_Synthetic_Doc
albumin,3.88,g/dL,Unknown,0.881,0.658,1.0,0.0,0.0,1.0,1.0,1,UCI_CKD_HCV_Synthetic_Doc
urea,2.0,mg/dL,Unknown,0.969,0.52,1.0,0.0,0.0,1.0,1.0,1,UCI_CKD_HCV_Synthetic_Doc
alt,40.08,U/L,Unknown,0.566,0.706,1.0,0.0,1.0,1.0,1.0,1,UCI_CKD_HCV_Synthetic_Doc
wbc,11823.7,/uL,Unknown,0.781,0.829,1.0,0.0,1.0,1.0,1.0,1,UCI_CKD_HCV_Synthetic_Doc
wbc,8010.88,/uL,Unknown,0.854,0.68,1.0,0.0,1.0,1.0,0.0,1,UCI_CKD_HCV_Synthetic_Doc
glucose,104.3,mg/dL,Unknown,0.958,0.59,1.0,0.0,0.0,1.0,1.0,1,UCI_CKD_HCV_Synthetic_Doc
ast,36.77,U/L,Unknown,0.932,0.747,1.0,0.0,1.0,1.0,0.0,1,UCI_CKD_HCV_Synthetic_Doc
creatinine,0.1,mg/dL,Unknown,0.921,0.65,1.0,0.0,0.0,1.0,1.0,1,UCI_CKD_HCV_Synthetic_Doc
urea,29.6,mg/dL,Unknown,0.725,0.678,1.0,0.0,1.0,1.0,1.0,1,UCI_CKD_HCV_Synthetic_Doc
bilirubin,0.85,mg/dL,Unknown,0.754,0.571,1.0,0.0,1.0,1.0,1.0,1,UCI_CKD_HCV_Synthetic_Doc
rbc,3.37,millions/uL,Unknown,0.905,0.568,1.0,0.0,0.0,1.0,1.0,1,UCI_CKD_HCV_Synthetic_Doc
rbc,5.33,millions/uL,Unknown,0.91,0.836,1.0,0.0,0.0,1.0,1.0,1,UCI_CKD_HCV_Synthetic_Doc
glucose,120.93,mg/dL,Unknown,0.87,0.648,1.0,0.0,1.0,1.0,0.0,1,UCI_CKD_HCV_Synthetic_Doc
urea,53.46,mg/dL,Unknown,0.972,0.745,1.0,0.0,1.0,1.0,0.0,1,UCI_CKD_HCV_Synthetic_Doc
bilirubin,0.61,mg/dL,Unknown,0.675,0.763,1.0,0.0,1.0,1.0,1.0,1,UCI_CKD_HCV_Synthetic_Doc
wbc,4827.7,/uL,Unknown,0.885,0.68,1.0,0.0,1.0,1.0,0.0,1,UCI_CKD_HCV_Synthetic_Doc
bilirubin,1.35,mg/dL,Unknown,0.869,0.567,1.0,0.0,0.0,1.0,1.0,1,UCI_CKD_HCV_Synthetic_Doc
urea,29.69,mg/dL,Unknown,0.856,0.705,1.0,0.0,0.0,1.0,1.0,1,UCI_CKD_HCV_Synthetic_Doc
potassium,4.5,mmol/L,Unknown,0.511,0.67,1.0,0.0,1.0,1.0,1.0,1,UCI_CKD_HCV_Synthetic_Doc
bilirubin,0.96,mg/dL,Unknown,0.978,0.733,1.0,0.0,0.0,1.0,1.0,1,UCI_CKD_HCV_Synthetic_Doc
rbc,3.93,millions/uL,Unknown,0.955,0.591,1.0,0.0,1.0,1.0,0.0,1,UCI_CKD_HCV_Synthetic_Doc
urea,22.89,mg/dL,Unknown,0.936,0.761,1.0,0.0,1.0,1.0,0.0,1,UCI_CKD_HCV_Synthetic_Doc
potassium,4.78,mmol/L,Unknown,0.943,0.829,1.0,0.0,0.0,1.0,1.0,1,UCI_CKD_HCV_Synthetic_Doc
urea,41.82,mg/dL,Unknown,0.932,0.747,1.0,0.0,1.0,1.0,0.0,1,UCI_CKD_HCV_Synthetic_Doc
alt,44.67,U/L,Unknown,0.865,0.83,1.0,0.0,0.0,1.0,1.0,1,UCI_CKD_HCV_Synthetic_Doc
urea,52.62,mg/dL,Unknown,0.594,0.522,1.0,0.0,1.0,1.0,1.0,1,UCI_CKD_HCV_Synthetic_Doc
albumin,4.18,g/dL,Unknown,0.908,0.632,1.0,0.0,1.0,1.0,0.0,1,UCI_CKD_HCV_Synthetic_Doc
hemoglobin,12.88,g/dL,Unknown,0.929,0.827,1.0,0.0,0.0,1.0,1.0,1,UCI_CKD_HCV_Synthetic_Doc
albumin,4.16,g/dL,Unknown,0.936,0.512,1.0,0.0,1.0,1.0,0.0,1,UCI_CKD_HCV_Synthetic_Doc
hemoglobin,13.86,g/dL,Unknown,0.877,0.814,1.0,0.0,0.0,1.0,1.0,1,UCI_CKD_HCV_Synthetic_Doc
creatinine,1.05,mg/dL,Unknown,0.88,0.673,1.0,0.0,1.0,1.0,0.0,1,UCI_CKD_HCV_Synthetic_Doc
urea,33.33,mg/dL,Unknown,0.953,0.572,1.0,0.0,1.0,1.0,0.0,1,UCI_CKD_HCV_Synthetic_Doc
albumin,3.33,g/dL,Unknown,0.809,0.748,1.0,0.0,1.0,1.0,1.0,1,UCI_CKD_HCV_Synthetic_Doc
rbc,4.49,millions/uL,Unknown,0.792,0.579,1.0,0.0,1.0,1.0,1.0,1,UCI_CKD_HCV_Synthetic_Doc
wbc,10039.25,/uL,Unknown,0.883,0.526,1.0,0.0,1.0,1.0,0.0,1,UCI_CKD_HCV_Synthetic_Doc
ast,15.84,U/L,Unknown,0.955,0.564,1.0,0.0,1.0,1.0,0.0,1,UCI_CKD_HCV_Synthetic_Doc
alt,24.99,U/L,Unknown,0.591,0.668,1.0,0.0,1.0,1.0,1.0,1,UCI_CKD_HCV_Synthetic_Doc
sodium,144.1,mmol/L,Unknown,0.893,0.65,1.0,0.0,1.0,1.0,0.0,1,UCI_CKD_HCV_Synthetic_Doc
alt,42.47,U/L,Unknown,0.503,0.759,1.0,0.0,1.0,1.0,1.0,1,UCI_CKD_HCV_Synthetic_Doc
wbc,9009.04,/uL,Unknown,0.61,0.562,1.0,0.0,1.0,1.0,1.0,1,UCI_CKD_HCV_Synthetic_Doc
albumin,3.99,g/dL,Unknown,0.941,0.621,1.0,0.0,1.0,1.0,0.0,1,UCI_CKD_HCV_Synthetic_Doc
ast,6.13,U/L,Unknown,0.872,0.654,1.0,0.0,0.0,1.0,1.0,1,UCI_CKD_HCV_Synthetic_Doc
creatinine,0.11,mg/dL,Unknown,0.831,0.781,1.0,0.0,1.0,1.0,1.0,1,UCI_CKD_HCV_Synthetic_Doc
bilirubin,0.52,mg/dL,Unknown,0.946,0.82,1.0,0.0,0.0,1.0,1.0,1,UCI_CKD_HCV_Synthetic_Doc
rbc,3.8,millions/uL,Unknown,0.911,0.64,1.0,0.0,1.0,1.0,0.0,1,UCI_CKD_HCV_Synthetic_Doc
creatinine,0.53,mg/dL,Unknown,0.654,0.603,1.0,0.0,1.0,1.0,1.0,1,UCI_CKD_HCV_Synthetic_Doc
glucose,69.79,mg/dL,Unknown,0.968,0.633,1.0,0.0,0.0,1.0,1.0,1,UCI_CKD_HCV_Synthetic_Doc
rbc,4.99,millions/uL,Unknown,0.652,0.687,1.0,0.0,1.0,1.0,1.0,1,UCI_CKD_HCV_Synthetic_Doc
albumin,4.11,g/dL,Unknown,0.884,0.661,1.0,0.0,0.0,1.0,1.0,1,UCI_CKD_HCV_Synthetic_Doc
rbc,5.32,millions/uL,Unknown,0.929,0.529,1.0,0.0,0.0,1.0,1.0,1,UCI_CKD_HCV_Synthetic_Doc
alt,25.88,U/L,Unknown,0.936,0.68,1.0,0.0,1.0,1.0,0.0,1,UCI_CKD_HCV_Synthetic_Doc
sodium,139.15,mmol/L,Unknown,0.935,0.678,1.0,0.0,0.0,1.0,1.0,1,UCI_CKD_HCV_Synthetic_Doc
glucose,25.12,mg/dL,Unknown,0.887,0.831,1.0,0.0,1.0,1.0,0.0,1,UCI_CKD_HCV_Synthetic_Doc
ast,36.93,U/L,Unknown,0.921,0.778,1.0,0.0,0.0,1.0,1.0,1,UCI_CKD_HCV_Synthetic_Doc
urea,63.03,mg/dL,Unknown,0.717,0.615,1.0,0.0,1.0,1.0,1.0,1,UCI_CKD_HCV_Synthetic_Doc
albumin,3.86,g/dL,Unknown,0.914,0.77,1.0,0.0,1.0,1.0,0.0,1,UCI_CKD_HCV_Synthetic_Doc
glucose,49.82,mg/dL,Unknown,0.944,0.589,1.0,0.0,0.0,1.0,1.0,1,UCI_CKD_HCV_Synthetic_Doc
ast,41.77,U/L,Unknown,0.903,0.649,1.0,0.0,0.0,1.0,1.0,1,UCI_CKD_HCV_Synthetic_Doc
urea,37.63,mg/dL,Unknown,0.859,0.551,1.0,0.0,1.0,1.0,0.0,1,UCI_CKD_HCV_Synthetic_Doc
alt,33.81,U/L,Unknown,0.775,0.632,1.0,0.0,1.0,1.0,1.0,1,UCI_CKD_HCV_Synthetic_Doc
albumin,3.16,g/dL,Unknown,0.757,0.613,1.0,0.0,1.0,1.0,1.0,1,UCI_CKD_HCV_Synthetic_Doc
ast,49.77,U/L,Unknown,0.882,0.775,1.0,0.0,1.0,1.0,0.0,1,UCI_CKD_HCV_Synthetic_Doc
bilirubin,0.63,mg/dL,Unknown,0.918,0.707,1.0,0.0,0.0,1.0,1.0,1,UCI_CKD_HCV_Synthetic_Doc
ast,49.68,U/L,Unknown,0.852,0.756,1.0,0.0,1.0,1.0,0.0,1,UCI_CKD_HCV_Synthetic_Doc
alt,62.27,U/L,Unknown,0.505,0.627,1.0,0.0,1.0,1.0,1.0,1,UCI_CKD_HCV_Synthetic_Doc
rbc,4.05,millions/uL,Unknown,0.938,0.574,1.0,0.0,1.0,1.0,0.0,1,UCI_CKD_HCV_Synthetic_Doc
potassium,4.59,mmol/L,Unknown,0.955,0.621,1.0,0.0,1.0,1.0,0.0,1,UCI_CKD_HCV_Synthetic_Doc
urea,49.64,mg/dL,Unknown,0.816,0.685,1.0,0.0,1.0,1.0,1.0,1,UCI_CKD_HCV_Synthetic_Doc
hemoglobin,12.8,g/dL,Unknown,0.534,0.579,1.0,0.0,1.0,1.0,1.0,1,UCI_CKD_HCV_Synthetic_Doc
ast,20.77,U/L,Unknown,0.907,0.53,1.0,0.0,0.0,1.0,1.0,1,UCI_CKD_HCV_Synthetic_Doc
albumin,4.0,g/dL,Unknown,0.701,0.802,1.0,0.0,1.0,1.0,1.0,1,UCI_CKD_HCV_Synthetic_Doc
albumin,4.04,g/dL,Unknown,0.696,0.767,1.0,0.0,1.0,1.0,1.0,1,UCI_CKD_HCV_Synthetic_Doc
bilirubin,1.24,mg/dL,Unknown,0.687,0.792,1.0,0.0,1.0,1.0,1.0,1,UCI_CKD_HCV_Synthetic_Doc
hemoglobin,10.77,g/dL,Unknown,0.691,0.821,1.0,0.0,1.0,1.0,1.0,1,UCI_CKD_HCV_Synthetic_Doc
urea,25.05,mg/dL,Unknown,0.581,0.819,1.0,0.0,1.0,1.0,1.0,1,UCI_CKD_HCV_Synthetic_Doc
creatinine,1.35,mg/dL,Unknown,0.979,0.662,1.0,0.0,0.0,1.0,1.0,1,UCI_CKD_HCV_Synthetic_Doc
alt,34.55,U/L,Unknown,0.525,0.838,1.0,0.0,1.0,1.0,1.0,1,UCI_CKD_HCV_Synthetic_Doc
sodium,136.21,mmol/L,Unknown,0.7,0.559,1.0,0.0,1.0,1.0,1.0,1,UCI_CKD_HCV_Synthetic_Doc
rbc,5.04,millions/uL,Unknown,0.56,0.56,1.0,0.0,1.0,1.0,1.0,1,UCI_CKD_HCV_Synthetic_Doc
urea,16.11,mg/dL,Unknown,0.921,0.831,1.0,0.0,1.0,1.0,0.0,1,UCI_CKD_HCV_Synthetic_Doc
potassium,3.9,mmol/L,Unknown,0.884,0.708,1.0,0.0,1.0,1.0,0.0,1,UCI_CKD_HCV_Synthetic_Doc
hemoglobin,10.97,g/dL,Unknown,0.909,0.751,1.0,0.0,0.0,1.0,1.0,1,UCI_CKD_HCV_Synthetic_Doc
urea,37.7,mg/dL,Unknown,0.913,0.621,1.0,0.0,1.0,1.0,0.0,1,UCI_CKD_HCV_Synthetic_Doc
creatinine,0.26,mg/dL,Unknown,0.962,0.82,1.0,0.0,1.0,1.0,0.0,1,UCI_CKD_HCV_Synthetic_Doc
creatinine,1.32,mg/dL,Unknown,0.866,0.613,1.0,0.0,1.0,1.0,0.0,1,UCI_CKD_HCV_Synthetic_Doc
creatinine,0.47,mg/dL,Unknown,0.869,0.564,1.0,0.0,0.0,1.0,1.0,1,UCI_CKD_HCV_Synthetic_Doc
urea,45.61,mg/dL,Unknown,0.697,0.713,1.0,0.0,1.0,1.0,1.0,1,UCI_CKD_HCV_Synthetic_Doc
glucose,138.87,mg/dL,Unknown,0.751,0.645,1.0,0.0,1.0,1.0,1.0,1,UCI_CKD_HCV_Synthetic_Doc
alt,27.59,U/L,Unknown,0.608,0.763,1.0,0.0,1.0,1.0,1.0,1,UCI_CKD_HCV_Synthetic_Doc
creatinine,1.5,mg/dL,Unknown,0.971,0.58,1.0,0.0,1.0,1.0,0.0,1,UCI_CKD_HCV_Synthetic_Doc
sodium,141.73,mmol/L,Unknown,0.918,0.664,1.0,0.0,0.0,1.0,1.0,1,UCI_CKD_HCV_Synthetic_Doc
wbc,9307.01,/uL,Unknown,0.878,0.567,1.0,0.0,1.0,1.0,0.0,1,UCI_CKD_HCV_Synthetic_Doc
rbc,5.39,millions/uL,Unknown,0.638,0.817,1.0,0.0,1.0,1.0,1.0,1,UCI_CKD_HCV_Synthetic_Doc
alt,31.67,U/L,Unknown,0.553,0.625,1.0,0.0,1.0,1.0,1.0,1,UCI_CKD_HCV_Synthetic_Doc
wbc,7048.29,/uL,Unknown,0.969,0.829,1.0,0.0,0.0,1.0,1.0,1,UCI_CKD_HCV_Synthetic_Doc
sodium,143.63,mmol/L,Unknown,0.904,0.566,1.0,0.0,1.0,1.0,0.0,1,UCI_CKD_HCV_Synthetic_Doc
hemoglobin,15.57,g/dL,Unknown,0.704,0.524,1.0,0.0,1.0,1.0,1.0,1,UCI_CKD_HCV_Synthetic_Doc
potassium,3.01,mmol/L,Unknown,0.893,0.507,1.0,0.0,0.0,1.0,1.0,1,UCI_CKD_HCV_Synthetic_Doc
wbc,4663.59,/uL,Unknown,0.898,0.714,1.0,0.0,1.0,1.0,0.0,1,UCI_CKD_HCV_Synthetic_Doc
bilirubin,0.82,mg/dL,Unknown,0.89,0.607,1.0,0.0,0.0,1.0,1.0,1,UCI_CKD_HCV_Synthetic_Doc
sodium,135.1,mmol/L,Unknown,0.671,0.528,1.0,0.0,1.0,1.0,1.0,1,UCI_CKD_HCV_Synthetic_Doc
alt,7.0,U/L,Unknown,0.875,0.566,1.0,0.0,0.0,1.0,1.0,1,UCI_CKD_HCV_Synthetic_Doc
bilirubin,0.37,mg/dL,Unknown,0.877,0.761,1.0,0.0,1.0,1.0,0.0,1,UCI_CKD_HCV_Synthetic_Doc
albumin,4.9,g/dL,Unknown,0.897,0.57,1.0,0.0,0.0,1.0,1.0,1,UCI_CKD_HCV_Synthetic_Doc
glucose,98.5,mg/dL,Unknown,0.912,0.674,1.0,0.0,1.0,1.0,0.0,1,UCI_CKD_HCV_Synthetic_Doc
hemoglobin,13.09,g/dL,Unknown,0.954,0.539,1.0,0.0,1.0,1.0,0.0,1,UCI_CKD_HCV_Synthetic_Doc
urea,2.0,mg/dL,Unknown,0.962,0.731,1.0,0.0,1.0,1.0,0.0,1,UCI_CKD_HCV_Synthetic_Doc
bilirubin,0.33,mg/dL,Unknown,0.954,0.593,1.0,0.0,0.0,1.0,1.0,1,UCI_CKD_HCV_Synthetic_Doc
sodium,142.81,mmol/L,Unknown,0.858,0.524,1.0,0.0,1.0,1.0,0.0,1,UCI_CKD_HCV_Synthetic_Doc
hemoglobin,11.83,g/dL,Unknown,0.919,0.729,1.0,0.0,0.0,1.0,1.0,1,UCI_CKD_HCV_Synthetic_Doc
ast,11.97,U/L,Unknown,0.872,0.794,1.0,0.0,0.0,1.0,1.0,1,UCI_CKD_HCV_Synthetic_Doc
hemoglobin,18.3,g/dL,Unknown,0.723,0.63,1.0,0.0,1.0,1.0,1.0,1,UCI_CKD_HCV_Synthetic_Doc
sodium,144.47,mmol/L,Unknown,0.745,0.793,1.0,0.0,1.0,1.0,1.0,1,UCI_CKD_HCV_Synthetic_Doc
potassium,4.11,mmol/L,Unknown,0.856,0.652,1.0,0.0,0.0,1.0,1.0,1,UCI_CKD_HCV_Synthetic_Doc
rbc,4.18,millions/uL,Unknown,0.63,0.757,1.0,0.0,1.0,1.0,1.0,1,UCI_CKD_HCV_Synthetic_Doc
potassium,4.77,mmol/L,Unknown,0.868,0.76,1.0,0.0,0.0,1.0,1.0,1,UCI_CKD_HCV_Synthetic_Doc
wbc,13137.84,/uL,Unknown,0.912,0.756,1.0,0.0,0.0,1.0,1.0,1,UCI_CKD_HCV_Synthetic_Doc
bilirubin,0.77,mg/dL,Unknown,0.941,0.73,1.0,0.0,1.0,1.0,0.0,1,UCI_CKD_HCV_Synthetic_Doc
wbc,5343.92,/uL,Unknown,0.681,0.636,1.0,0.0,1.0,1.0,1.0,1,UCI_CKD_HCV_Synthetic_Doc
wbc,11676.63,/uL,Unknown,0.911,0.725,1.0,0.0,1.0,1.0,0.0,1,UCI_CKD_HCV_Synthetic_Doc
hemoglobin,11.79,g/dL,Unknown,0.904,0.521,1.0,0.0,1.0,1.0,0.0,1,UCI_CKD_HCV_Synthetic_Doc
ast,13.93,U/L,Unknown,0.855,0.762,1.0,0.0,1.0,1.0,0.0,1,UCI_CKD_HCV_Synthetic_Doc
urea,20.6,mg/dL,Unknown,0.959,0.818,1.0,0.0,1.0,1.0,0.0,1,UCI_CKD_HCV_Synthetic_Doc
urea,48.95,mg/dL,Unknown,0.66,0.554,1.0,0.0,1.0,1.0,1.0,1,UCI_CKD_HCV_Synthetic_Doc
hemoglobin,13.32,g/dL,Unknown,0.582,0.582,1.0,0.0,1.0,1.0,1.0,1,UCI_CKD_HCV_Synthetic_Doc
ast,10.33,U/L,Unknown,0.855,0.711,1.0,0.0,1.0,1.0,0.0,1,UCI_CKD_HCV_Synthetic_Doc
wbc,2067.05,/uL,Unknown,0.896,0.761,1.0,0.0,0.0,1.0,1.0,1,UCI_CKD_HCV_Synthetic_Doc
glucose,60.64,mg/dL,Unknown,0.774,0.595,1.0,0.0,1.0,1.0,1.0,1,UCI_CKD_HCV_Synthetic_Doc
urea,44.43,mg/dL,Unknown,0.881,0.794,1.0,0.0,0.0,1.0,1.0,1,UCI_CKD_HCV_Synthetic_Doc
rbc,5.34,millions/uL,Unknown,0.928,0.77,1.0,0.0,1.0,1.0,0.0,1,UCI_CKD_HCV_Synthetic_Doc
wbc,5460.71,/uL,Unknown,0.851,0.501,1.0,0.0,1.0,1.0,0.0,1,UCI_CKD_HCV_Synthetic_Doc
sodium,142.11,mmol/L,Unknown,0.654,0.794,1.0,0.0,1.0,1.0,1.0,1,UCI_CKD_HCV_Synthetic_Doc
urea,2.0,mg/dL,Unknown,0.936,0.683,1.0,0.0,1.0,1.0,0.0,1,UCI_CKD_HCV_Synthetic_Doc
rbc,4.92,millions/uL,Unknown,0.551,0.817,1.0,0.0,1.0,1.0,1.0,1,UCI_CKD_HCV_Synthetic_Doc
sodium,151.51,mmol/L,Unknown,0.877,0.507,1.0,0.0,0.0,1.0,1.0,1,UCI_CKD_HCV_Synthetic_Doc
sodium,145.03,mmol/L,Unknown,0.816,0.664,1.0,0.0,1.0,1.0,1.0,1,UCI_CKD_HCV_Synthetic_Doc
ast,24.64,U/L,Unknown,0.882,0.773,1.0,0.0,1.0,1.0,0.0,1,UCI_CKD_HCV_Synthetic_Doc
creatinine,0.54,mg/dL,Unknown,0.951,0.73,1.0,0.0,0.0,1.0,1.0,1,UCI_CKD_HCV_Synthetic_Doc
bilirubin,0.1,mg/dL,Unknown,0.915,0.512,1.0,0.0,0.0,1.0,1.0,1,UCI_CKD_HCV_Synthetic_Doc
wbc,7598.95,/uL,Unknown,0.915,0.525,1.0,0.0,0.0,1.0,1.0,1,UCI_CKD_HCV_Synthetic_Doc
creatinine,1.39,mg/dL,Unknown,0.946,0.689,1.0,0.0,0.0,1.0,1.0,1,UCI_CKD_HCV_Synthetic_Doc
albumin,3.85,g/dL,Unknown,0.665,0.72,1.0,0.0,1.0,1.0,1.0,1,UCI_CKD_HCV_Synthetic_Doc
bilirubin,0.26,mg/dL,Unknown,0.722,0.71,1.0,0.0,1.0,1.0,1.0,1,UCI_CKD_HCV_Synthetic_Doc
potassium,4.33,mmol/L,Unknown,0.515,0.605,1.0,0.0,1.0,1.0,1.0,1,UCI_CKD_HCV_Synthetic_Doc
alt,32.23,U/L,Unknown,0.886,0.722,1.0,0.0,1.0,1.0,0.0,1,UCI_CKD_HCV_Synthetic_Doc
ast,29.91,U/L,Unknown,0.882,0.51,1.0,0.0,0.0,1.0,1.0,1,UCI_CKD_HCV_Synthetic_Doc
albumin,4.48,g/dL,Unknown,0.939,0.536,1.0,0.0,1.0,1.0,0.0,1,UCI_CKD_HCV_Synthetic_Doc
alt,37.94,U/L,Unknown,0.924,0.735,1.0,0.0,0.0,1.0,1.0,1,UCI_CKD_HCV_Synthetic_Doc
bilirubin,0.81,mg/dL,Unknown,0.913,0.639,1.0,0.0,1.0,1.0,0.0,1,UCI_CKD_HCV_Synthetic_Doc
ast,12.27,U/L,Unknown,0.922,0.81,1.0,0.0,0.0,1.0,1.0,1,UCI_CKD_HCV_Synthetic_Doc
albumin,3.49,g/dL,Unknown,0.963,0.751,1.0,0.0,0.0,1.0,1.0,1,UCI_CKD_HCV_Synthetic_Doc
sodium,142.22,mmol/L,Unknown,0.763,0.59,1.0,0.0,1.0,1.0,1.0,1,UCI_CKD_HCV_Synthetic_Doc
sodium,144.66,mmol/L,Unknown,0.916,0.803,1.0,0.0,0.0,1.0,1.0,1,UCI_CKD_HCV_Synthetic_Doc
alt,44.2,U/L,Unknown,0.581,0.595,1.0,0.0,1.0,1.0,1.0,1,UCI_CKD_HCV_Synthetic_Doc
urea,40.47,mg/dL,Unknown,0.91,0.676,1.0,0.0,0.0,1.0,1.0,1,UCI_CKD_HCV_Synthetic_Doc
hemoglobin,15.9,g/dL,Unknown,0.941,0.714,1.0,0.0,1.0,1.0,0.0,1,UCI_CKD_HCV_Synthetic_Doc
sodium,134.7,mmol/L,Unknown,0.948,0.545,1.0,0.0,0.0,1.0,1.0,1,UCI_CKD_HCV_Synthetic_Doc
potassium,4.14,mmol/L,Unknown,0.863,0.755,1.0,0.0,0.0,1.0,1.0,1,UCI_CKD_HCV_Synthetic_Doc
potassium,3.23,mmol/L,Unknown,0.837,0.762,1.0,0.0,1.0,1.0,1.0,1,UCI_CKD_HCV_Synthetic_Doc
rbc,3.62,millions/uL,Unknown,0.765,0.762,1.0,0.0,1.0,1.0,1.0,1,UCI_CKD_HCV_Synthetic_Doc
potassium,3.63,mmol/L,Unknown,0.814,0.701,1.0,0.0,1.0,1.0,1.0,1,UCI_CKD_HCV_Synthetic_Doc
sodium,136.91,mmol/L,Unknown,0.948,0.758,1.0,0.0,0.0,1.0,1.0,1,UCI_CKD_HCV_Synthetic_Doc
albumin,3.82,g/dL,Unknown,0.95,0.545,1.0,0.0,0.0,1.0,1.0,1,UCI_CKD_HCV_Synthetic_Doc
bilirubin,1.13,mg/dL,Unknown,0.865,0.676,1.0,0.0,0.0,1.0,1.0,1,UCI_CKD_HCV_Synthetic_Doc
sodium,134.65,mmol/L,Unknown,0.903,0.586,1.0,0.0,0.0,1.0,1.0,1,UCI_CKD_HCV_Synthetic_Doc
hemoglobin,12.99,g/dL,Unknown,0.797,0.524,1.0,0.0,1.0,1.0,1.0,1,UCI_CKD_HCV_Synthetic_Doc
ast,51.92,U/L,Unknown,0.864,0.535,1.0,0.0,1.0,1.0,0.0,1,UCI_CKD_HCV_Synthetic_Doc
creatinine,0.81,mg/dL,Unknown,0.921,0.792,1.0,0.0,1.0,1.0,0.0,1,UCI_CKD_HCV_Synthetic_Doc
creatinine,0.64,mg/dL,Unknown,0.86,0.691,1.0,0.0,1.0,1.0,0.0,1,UCI_CKD_HCV_Synthetic_Doc
albumin,4.24,g/dL,Unknown,0.94,0.549,1.0,0.0,0.0,1.0,1.0,1,UCI_CKD_HCV_Synthetic_Doc
potassium,3.84,mmol/L,Unknown,0.648,0.779,1.0,0.0,1.0,1.0,1.0,1,UCI_CKD_HCV_Synthetic_Doc
albumin,5.17,g/dL,Unknown,0.516,0.727,1.0,0.0,1.0,1.0,1.0,1,UCI_CKD_HCV_Synthetic_Doc
potassium,4.7,mmol/L,Unknown,0.776,0.79,1.0,0.0,1.0,1.0,1.0,1,UCI_CKD_HCV_Synthetic_Doc
creatinine,0.36,mg/dL,Unknown,0.517,0.515,1.0,0.0,1.0,1.0,1.0,1,UCI_CKD_HCV_Synthetic_Doc
alt,48.41,U/L,Unknown,0.767,0.611,1.0,0.0,1.0,1.0,1.0,1,UCI_CKD_HCV_Synthetic_Doc
creatinine,0.78,mg/dL,Unknown,0.866,0.805,1.0,0.0,1.0,1.0,0.0,1,UCI_CKD_HCV_Synthetic_Doc
urea,8.13,mg/dL,Unknown,0.936,0.524,1.0,0.0,0.0,1.0,1.0,1,UCI_CKD_HCV_Synthetic_Doc
alt,28.06,U/L,Unknown,0.864,0.517,1.0,0.0,0.0,1.0,1.0,1,UCI_CKD_HCV_Synthetic_Doc
rbc,4.56,millions/uL,Unknown,0.679,0.78,1.0,0.0,1.0,1.0,1.0,1,UCI_CKD_HCV_Synthetic_Doc
sodium,130.51,mmol/L,Unknown,0.975,0.616,1.0,0.0,0.0,1.0,1.0,1,UCI_CKD_HCV_Synthetic_Doc
ast,34.16,U/L,Unknown,0.522,0.719,1.0,0.0,1.0,1.0,1.0,1,UCI_CKD_HCV_Synthetic_Doc
potassium,2.84,mmol/L,Unknown,0.888,0.714,1.0,0.0,1.0,1.0,0.0,1,UCI_CKD_HCV_Synthetic_Doc
creatinine,0.9,mg/dL,Unknown,0.514,0.811,1.0,0.0,1.0,1.0,1.0,1,UCI_CKD_HCV_Synthetic_Doc
glucose,89.87,mg/dL,Unknown,0.511,0.829,1.0,0.0,1.0,1.0,1.0,1,UCI_CKD_HCV_Synthetic_Doc
creatinine,1.88,mg/dL,Unknown,0.979,0.523,1.0,0.0,0.0,1.0,1.0,1,UCI_CKD_HCV_Synthetic_Doc
ast,12.28,U/L,Unknown,0.584,0.681,1.0,0.0,1.0,1.0,1.0,1,UCI_CKD_HCV_Synthetic_Doc
sodium,140.26,mmol/L,Unknown,0.571,0.777,1.0,0.0,1.0,1.0,1.0,1,UCI_CKD_HCV_Synthetic_Doc
ast,39.72,U/L,Unknown,0.922,0.696,1.0,0.0,0.0,1.0,1.0,1,UCI_CKD_HCV_Synthetic_Doc
wbc,5493.38,/uL,Unknown,0.519,0.527,1.0,0.0,1.0,1.0,1.0,1,UCI_CKD_HCV_Synthetic_Doc
alt,37.23,U/L,Unknown,0.958,0.673,1.0,0.0,0.0,1.0,1.0,1,UCI_CKD_HCV_Synthetic_Doc
albumin,3.44,g/dL,Unknown,0.866,0.544,1.0,0.0,0.0,1.0,1.0,1,UCI_CKD_HCV_Synthetic_Doc
ast,59.1,U/L,Unknown,0.852,0.72,1.0,0.0,0.0,1.0,1.0,1,UCI_CKD_HCV_Synthetic_Doc
alt,21.23,U/L,Unknown,0.873,0.731,1.0,0.0,1.0,1.0,0.0,1,UCI_CKD_HCV_Synthetic_Doc
potassium,4.38,mmol/L,Unknown,0.723,0.633,1.0,0.0,1.0,1.0,1.0,1,UCI_CKD_HCV_Synthetic_Doc
urea,25.71,mg/dL,Unknown,0.749,0.552,1.0,0.0,1.0,1.0,1.0,1,UCI_CKD_HCV_Synthetic_Doc
sodium,132.8,mmol/L,Unknown,0.863,0.715,1.0,0.0,0.0,1.0,1.0,1,UCI_CKD_HCV_Synthetic_Doc
potassium,4.4,mmol/L,Unknown,0.541,0.527,1.0,0.0,1.0,1.0,1.0,1,UCI_CKD_HCV_Synthetic_Doc
glucose,55.52,mg/dL,Unknown,0.873,0.647,1.0,0.0,0.0,1.0,1.0,1,UCI_CKD_HCV_Synthetic_Doc
urea,16.95,mg/dL,Unknown,0.691,0.734,1.0,0.0,1.0,1.0,1.0,1,UCI_CKD_HCV_Synthetic_Doc
wbc,8856.3,/uL,Unknown,0.934,0.644,1.0,0.0,0.0,1.0,1.0,1,UCI_CKD_HCV_Synthetic_Doc
rbc,4.58,millions/uL,Unknown,0.521,0.555,1.0,0.0,1.0,1.0,1.0,1,UCI_CKD_HCV_Synthetic_Doc
wbc,9732.89,/uL,Unknown,0.926,0.672,1.0,0.0,0.0,1.0,1.0,1,UCI_CKD_HCV_Synthetic_Doc
wbc,3979.95,/uL,Unknown,0.928,0.56,1.0,0.0,0.0,1.0,1.0,1,UCI_CKD_HCV_Synthetic_Doc
potassium,3.03,mmol/L,Unknown,0.781,0.665,1.0,0.0,1.0,1.0,1.0,1,UCI_CKD_HCV_Synthetic_Doc
urea,13.91,mg/dL,Unknown,0.861,0.562,1.0,0.0,0.0,1.0,1.0,1,UCI_CKD_HCV_Synthetic_Doc
potassium,3.59,mmol/L,Unknown,0.922,0.55,1.0,0.0,1.0,1.0,0.0,1,UCI_CKD_HCV_Synthetic_Doc
creatinine,2.01,mg/dL,Unknown,0.941,0.802,1.0,0.0,0.0,1.0,1.0,1,UCI_CKD_HCV_Synthetic_Doc
creatinine,0.34,mg/dL,Unknown,0.918,0.787,1.0,0.0,0.0,1.0,1.0,1,UCI_CKD_HCV_Synthetic_Doc
glucose,89.63,mg/dL,Unknown,0.502,0.512,1.0,0.0,1.0,1.0,1.0,1,UCI_CKD_HCV_Synthetic_Doc
potassium,4.04,mmol/L,Unknown,0.942,0.615,1.0,0.0,1.0,1.0,0.0,1,UCI_CKD_HCV_Synthetic_Doc
alt,46.61,U/L,Unknown,0.587,0.721,1.0,0.0,1.0,1.0,1.0,1,UCI_CKD_HCV_Synthetic_Doc
wbc,7789.45,/uL,Unknown,0.963,0.705,1.0,0.0,1.0,1.0,0.0,1,UCI_CKD_HCV_Synthetic_Doc
albumin,4.14,g/dL,Unknown,0.883,0.577,1.0,0.0,0.0,1.0,1.0,1,UCI_CKD_HCV_Synthetic_Doc
creatinine,1.17,mg/dL,Unknown,0.9,0.627,1.0,0.0,0.0,1.0,1.0,1,UCI_CKD_HCV_Synthetic_Doc
creatinine,1.52,mg/dL,Unknown,0.888,0.737,1.0,0.0,0.0,1.0,1.0,1,UCI_CKD_HCV_Synthetic_Doc
alt,0.0,U/L,Unknown,0.79,0.548,1.0,0.0,1.0,1.0,1.0,1,UCI_CKD_HCV_Synthetic_Doc
sodium,140.5,mmol/L,Unknown,0.857,0.532,1.0,0.0,0.0,1.0,1.0,1,UCI_CKD_HCV_Synthetic_Doc
creatinine,0.92,mg/dL,Unknown,0.731,0.643,1.0,0.0,1.0,1.0,1.0,1,UCI_CKD_HCV_Synthetic_Doc
alt,0.0,U/L,Unknown,0.962,0.817,1.0,0.0,0.0,1.0,1.0,1,UCI_CKD_HCV_Synthetic_Doc
albumin,4.85,g/dL,Unknown,0.525,0.789,1.0,0.0,1.0,1.0,1.0,1,UCI_CKD_HCV_Synthetic_Doc
rbc,4.95,millions/uL,Unknown,0.727,0.685,1.0,0.0,1.0,1.0,1.0,1,UCI_CKD_HCV_Synthetic_Doc
urea,18.43,mg/dL,Unknown,0.641,0.611,1.0,0.0,1.0,1.0,1.0,1,UCI_CKD_HCV_Synthetic_Doc
potassium,4.61,mmol/L,Unknown,0.816,0.785,1.0,0.0,1.0,1.0,1.0,1,UCI_CKD_HCV_Synthetic_Doc
alt,33.14,U/L,Unknown,0.887,0.779,1.0,0.0,1.0,1.0,0.0,1,UCI_CKD_HCV_Synthetic_Doc
rbc,4.79,millions/uL,Unknown,0.768,0.519,1.0,0.0,1.0,1.0,1.0,1,UCI_CKD_HCV_Synthetic_Doc
glucose,122.22,mg/dL,Unknown,0.926,0.708,1.0,0.0,1.0,1.0,0.0,1,UCI_CKD_HCV_Synthetic_Doc
bilirubin,1.26,mg/dL,Unknown,0.718,0.588,1.0,0.0,1.0,1.0,1.0,1,UCI_CKD_HCV_Synthetic_Doc
alt,20.79,U/L,Unknown,0.855,0.667,1.0,0.0,0.0,1.0,1.0,1,UCI_CKD_HCV_Synthetic_Doc
hemoglobin,12.53,g/dL,Unknown,0.964,0.599,1.0,0.0,1.0,1.0,0.0,1,UCI_CKD_HCV_Synthetic_Doc
glucose,99.1,mg/dL,Unknown,0.881,0.656,1.0,0.0,1.0,1.0,0.0,1,UCI_CKD_HCV_Synthetic_Doc
hemoglobin,13.56,g/dL,Unknown,0.924,0.536,1.0,0.0,1.0,1.0,0.0,1,UCI_CKD_HCV_Synthetic_Doc
bilirubin,0.64,mg/dL,Unknown,0.921,0.73,1.0,0.0,0.0,1.0,1.0,1,UCI_CKD_HCV_Synthetic_Doc
hemoglobin,18.43,g/dL,Unknown,0.854,0.779,1.0,0.0,1.0,1.0,0.0,1,UCI_CKD_HCV_Synthetic_Doc
alt,29.87,U/L,Unknown,0.958,0.616,1.0,0.0,0.0,1.0,1.0,1,UCI_CKD_HCV_Synthetic_Doc
sodium,136.16,mmol/L,Unknown,0.974,0.532,1.0,0.0,1.0,1.0,0.0,1,UCI_CKD_HCV_Synthetic_Doc
bilirubin,0.96,mg/dL,Unknown,0.913,0.817,1.0,0.0,1.0,1.0,0.0,1,UCI_CKD_HCV_Synthetic_Doc
wbc,5967.39,/uL,Unknown,0.728,0.634,1.0,0.0,1.0,1.0,1.0,1,UCI_CKD_HCV_Synthetic_Doc
sodium,144.71,mmol/L,Unknown,0.63,0.576,1.0,0.0,1.0,1.0,1.0,1,UCI_CKD_HCV_Synthetic_Doc
wbc,9944.78,/uL,Unknown,0.525,0.565,1.0,0.0,1.0,1.0,1.0,1,UCI_CKD_HCV_Synthetic_Doc
albumin,3.91,g/dL,Unknown,0.937,0.596,1.0,0.0,1.0,1.0,0.0,1,UCI_CKD_HCV_Synthetic_Doc
urea,51.12,mg/dL,Unknown,0.892,0.807,1.0,0.0,1.0,1.0,0.0,1,UCI_CKD_HCV_Synthetic_Doc
sodium,141.09,mmol/L,Unknown,0.891,0.572,1.0,0.0,0.0,1.0,1.0,1,UCI_CKD_HCV_Synthetic_Doc
sodium,141.68,mmol/L,Unknown,0.933,0.513,1.0,0.0,1.0,1.0,0.0,1,UCI_CKD_HCV_Synthetic_Doc
rbc,5.59,millions/uL,Unknown,0.531,0.748,1.0,0.0,1.0,1.0,1.0,1,UCI_CKD_HCV_Synthetic_Doc
creatinine,0.91,mg/dL,Unknown,0.732,0.627,1.0,0.0,1.0,1.0,1.0,1,UCI_CKD_HCV_Synthetic_Doc
sodium,143.34,mmol/L,Unknown,0.919,0.514,1.0,0.0,0.0,1.0,1.0,1,UCI_CKD_HCV_Synthetic_Doc
glucose,90.97,mg/dL,Unknown,0.727,0.515,1.0,0.0,1.0,1.0,1.0,1,UCI_CKD_HCV_Synthetic_Doc
urea,20.05,mg/dL,Unknown,0.856,0.831,1.0,0.0,1.0,1.0,0.0,1,UCI_CKD_HCV_Synthetic_Doc
albumin,4.29,g/dL,Unknown,0.556,0.734,1.0,0.0,1.0,1.0,1.0,1,UCI_CKD_HCV_Synthetic_Doc
albumin,4.17,g/dL,Unknown,0.966,0.507,1.0,0.0,1.0,1.0,0.0,1,UCI_CKD_HCV_Synthetic_Doc
wbc,4993.45,/uL,Unknown,0.776,0.775,1.0,0.0,1.0,1.0,1.0,1,UCI_CKD_HCV_Synthetic_Doc
rbc,5.49,millions/uL,Unknown,0.553,0.789,1.0,0.0,1.0,1.0,1.0,1,UCI_CKD_HCV_Synthetic_Doc
albumin,4.93,g/dL,Unknown,0.896,0.67,1.0,0.0,0.0,1.0,1.0,1,UCI_CKD_HCV_Synthetic_Doc
sodium,137.58,mmol/L,Unknown,0.762,0.691,1.0,0.0,1.0,1.0,1.0,1,UCI_CKD_HCV_Synthetic_Doc
bilirubin,1.22,mg/dL,Unknown,0.971,0.674,1.0,0.0,0.0,1.0,1.0,1,UCI_CKD_HCV_Synthetic_Doc
creatinine,2.11,mg/dL,Unknown,0.947,0.761,1.0,0.0,0.0,1.0,1.0,1,UCI_CKD_HCV_Synthetic_Doc
creatinine,1.29,mg/dL,Unknown,0.946,0.694,1.0,0.0,1.0,1.0,0.0,1,UCI_CKD_HCV_Synthetic_Doc
glucose,101.26,mg/dL,Unknown,0.731,0.641,1.0,0.0,1.0,1.0,1.0,1,UCI_CKD_HCV_Synthetic_Doc
potassium,4.78,mmol/L,Unknown,0.594,0.839,1.0,0.0,1.0,1.0,1.0,1,UCI_CKD_HCV_Synthetic_Doc
alt,25.91,U/L,Unknown,0.949,0.688,1.0,0.0,0.0,1.0,1.0,1,UCI_CKD_HCV_Synthetic_Doc
glucose,80.29,mg/dL,Unknown,0.898,0.511,1.0,0.0,0.0,1.0,1.0,1,UCI_CKD_HCV_Synthetic_Doc
rbc,5.24,millions/uL,Unknown,0.97,0.576,1.0,0.0,0.0,1.0,1.0,1,UCI_CKD_HCV_Synthetic_Doc
glucose,46.16,mg/dL,Unknown,0.864,0.56,1.0,0.0,1.0,1.0,0.0,1,UCI_CKD_HCV_Synthetic_Doc
urea,42.66,mg/dL,Unknown,0.975,0.561,1.0,0.0,0.0,1.0,1.0,1,UCI_CKD_HCV_Synthetic_Doc
sodium,138.41,mmol/L,Unknown,0.923,0.797,1.0,0.0,1.0,1.0,0.0,1,UCI_CKD_HCV_Synthetic_Doc
potassium,4.57,mmol/L,Unknown,0.867,0.729,1.0,0.0,1.0,1.0,0.0,1,UCI_CKD_HCV_Synthetic_Doc
bilirubin,0.4,mg/dL,Unknown,0.872,0.704,1.0,0.0,0.0,1.0,1.0,1,UCI_CKD_HCV_Synthetic_Doc
rbc,4.69,millions/uL,Unknown,0.802,0.677,1.0,0.0,1.0,1.0,1.0,1,UCI_CKD_HCV_Synthetic_Doc
potassium,3.56,mmol/L,Unknown,0.728,0.827,1.0,0.0,1.0,1.0,1.0,1,UCI_CKD_HCV_Synthetic_Doc
urea,27.94,mg/dL,Unknown,0.972,0.696,1.0,0.0,0.0,1.0,1.0,1,UCI_CKD_HCV_Synthetic_Doc
sodium,139.71,mmol/L,Unknown,0.899,0.596,1.0,0.0,0.0,1.0,1.0,1,UCI_CKD_HCV_Synthetic_Doc
sodium,132.57,mmol/L,Unknown,0.892,0.585,1.0,0.0,1.0,1.0,0.0,1,UCI_CKD_HCV_Synthetic_Doc
potassium,4.94,mmol/L,Unknown,0.954,0.616,1.0,0.0,0.0,1.0,1.0,1,UCI_CKD_HCV_Synthetic_Doc
glucose,116.76,mg/dL,Unknown,0.852,0.799,1.0,0.0,1.0,1.0,0.0,1,UCI_CKD_HCV_Synthetic_Doc
bilirubin,0.76,mg/dL,Unknown,0.97,0.616,1.0,0.0,0.0,1.0,1.0,1,UCI_CKD_HCV_Synthetic_Doc
alt,44.12,U/L,Unknown,0.646,0.722,1.0,0.0,1.0,1.0,1.0,1,UCI_CKD_HCV_Synthetic_Doc
hemoglobin,18.8,g/dL,Unknown,0.5,0.819,1.0,0.0,1.0,1.0,1.0,1,UCI_CKD_HCV_Synthetic_Doc
albumin,3.61,g/dL,Unknown,0.513,0.542,1.0,0.0,1.0,1.0,1.0,1,UCI_CKD_HCV_Synthetic_Doc
sodium,141.73,mmol/L,Unknown,0.864,0.539,1.0,0.0,1.0,1.0,0.0,1,UCI_CKD_HCV_Synthetic_Doc
rbc,4.83,millions/uL,Unknown,0.857,0.576,1.0,0.0,0.0,1.0,1.0,1,UCI_CKD_HCV_Synthetic_Doc
rbc,3.61,millions/uL,Unknown,0.917,0.578,1.0,0.0,1.0,1.0,0.0,1,UCI_CKD_HCV_Synthetic_Doc
rbc,5.88,millions/uL,Unknown,0.9,0.621,1.0,0.0,0.0,1.0,1.0,1,UCI_CKD_HCV_Synthetic_Doc
albumin,4.93,g/dL,Unknown,0.961,0.654,1.0,0.0,0.0,1.0,1.0,1,UCI_CKD_HCV_Synthetic_Doc
glucose,87.2,mg/dL,Unknown,0.638,0.543,1.0,0.0,1.0,1.0,1.0,1,UCI_CKD_HCV_Synthetic_Doc
hemoglobin,10.38,g/dL,Unknown,0.909,0.554,1.0,0.0,1.0,1.0,0.0,1,UCI_CKD_HCV_Synthetic_Doc
alt,0.0,U/L,Unknown,0.91,0.523,1.0,0.0,0.0,1.0,1.0,1,UCI_CKD_HCV_Synthetic_Doc
glucose,70.95,mg/dL,Unknown,0.852,0.54,1.0,0.0,1.0,1.0,0.0,1,UCI_CKD_HCV_Synthetic_Doc
potassium,4.79,mmol/L,Unknown,0.903,0.643,1.0,0.0,0.0,1.0,1.0,1,UCI_CKD_HCV_Synthetic_Doc
bilirubin,1.04,mg/dL,Unknown,0.8,0.639,1.0,0.0,1.0,1.0,1.0,1,UCI_CKD_HCV_Synthetic_Doc
potassium,3.87,mmol/L,Unknown,0.951,0.704,1.0,0.0,0.0,1.0,1.0,1,UCI_CKD_HCV_Synthetic_Doc
albumin,3.54,g/dL,Unknown,0.612,0.708,1.0,0.0,1.0,1.0,1.0,1,UCI_CKD_HCV_Synthetic_Doc
urea,3.56,mg/dL,Unknown,0.515,0.518,1.0,0.0,1.0,1.0,1.0,1,UCI_CKD_HCV_Synthetic_Doc
wbc,6678.3,/uL,Unknown,0.864,0.802,1.0,0.0,1.0,1.0,0.0,1,UCI_CKD_HCV_Synthetic_Doc
ast,15.8,U/L,Unknown,0.87,0.636,1.0,0.0,1.0,1.0,0.0,1,UCI_CKD_HCV_Synthetic_Doc
sodium,145.95,mmol/L,Unknown,0.914,0.65,1.0,0.0,0.0,1.0,1.0,1,UCI_CKD_HCV_Synthetic_Doc
rbc,3.73,millions/uL,Unknown,0.885,0.575,1.0,0.0,0.0,1.0,1.0,1,UCI_CKD_HCV_Synthetic_Doc
rbc,3.53,millions/uL,Unknown,0.837,0.544,1.0,0.0,1.0,1.0,1.0,1,UCI_CKD_HCV_Synthetic_Doc
sodium,141.78,mmol/L,Unknown,0.85,0.517,1.0,0.0,0.0,1.0,1.0,1,UCI_CKD_HCV_Synthetic_Doc
sodium,144.03,mmol/L,Unknown,0.652,0.661,1.0,0.0,1.0,1.0,1.0,1,UCI_CKD_HCV_Synthetic_Doc
hemoglobin,13.13,g/dL,Unknown,0.972,0.527,1.0,0.0,0.0,1.0,1.0,1,UCI_CKD_HCV_Synthetic_Doc
hemoglobin,11.23,g/dL,Unknown,0.95,0.794,1.0,0.0,0.0,1.0,1.0,1,UCI_CKD_HCV_Synthetic_Doc
creatinine,1.13,mg/dL,Unknown,0.884,0.615,1.0,0.0,0.0,1.0,1.0,1,UCI_CKD_HCV_Synthetic_Doc
albumin,3.92,g/dL,Unknown,0.897,0.699,1.0,0.0,0.0,1.0,1.0,1,UCI_CKD_HCV_Synthetic_Doc
bilirubin,1.3,mg/dL,Unknown,0.571,0.549,1.0,0.0,1.0,1.0,1.0,1,UCI_CKD_HCV_Synthetic_Doc
bilirubin,0.32,mg/dL,Unknown,0.712,0.748,1.0,0.0,1.0,1.0,1.0,1,UCI_CKD_HCV_Synthetic_Doc
albumin,3.46,g/dL,Unknown,0.857,0.705,1.0,0.0,0.0,1.0,1.0,1,UCI_CKD_HCV_Synthetic_Doc
glucose,134.02,mg/dL,Unknown,0.958,0.728,1.0,0.0,1.0,1.0,0.0,1,UCI_CKD_HCV_Synthetic_Doc
wbc,5641.29,/uL,Unknown,0.544,0.509,1.0,0.0,1.0,1.0,1.0,1,UCI_CKD_HCV_Synthetic_Doc
potassium,3.97,mmol/L,Unknown,0.933,0.834,1.0,0.0,0.0,1.0,1.0,1,UCI_CKD_HCV_Synthetic_Doc
glucose,96.09,mg/dL,Unknown,0.62,0.64,1.0,0.0,1.0,1.0,1.0,1,UCI_CKD_HCV_Synthetic_Doc
sodium,143.37,mmol/L,Unknown,0.93,0.774,1.0,0.0,1.0,1.0,0.0,1,UCI_CKD_HCV_Synthetic_Doc
glucose,63.79,mg/dL,Unknown,0.889,0.785,1.0,0.0,1.0,1.0,0.0,1,UCI_CKD_HCV_Synthetic_Doc
bilirubin,1.05,mg/dL,Unknown,0.547,0.734,1.0,0.0,1.0,1.0,1.0,1,UCI_CKD_HCV_Synthetic_Doc
alt,11.62,U/L,Unknown,0.827,0.713,1.0,0.0,1.0,1.0,1.0,1,UCI_CKD_HCV_Synthetic_Doc
glucose,60.98,mg/dL,Unknown,0.944,0.536,1.0,0.0,0.0,1.0,1.0,1,UCI_CKD_HCV_Synthetic_Doc
potassium,4.07,mmol/L,Unknown,0.531,0.729,1.0,0.0,1.0,1.0,1.0,1,UCI_CKD_HCV_Synthetic_Doc
urea,14.34,mg/dL,Unknown,0.729,0.787,1.0,0.0,1.0,1.0,1.0,1,UCI_CKD_HCV_Synthetic_Doc
hemoglobin,15.16,g/dL,Unknown,0.885,0.773,1.0,0.0,0.0,1.0,1.0,1,UCI_CKD_HCV_Synthetic_Doc
rbc,4.02,millions/uL,Unknown,0.57,0.585,1.0,0.0,1.0,1.0,1.0,1,UCI_CKD_HCV_Synthetic_Doc
hemoglobin,10.73,g/dL,Unknown,0.88,0.781,1.0,0.0,0.0,1.0,1.0,1,UCI_CKD_HCV_Synthetic_Doc
bilirubin,1.61,mg/dL,Unknown,0.933,0.62,1.0,0.0,0.0,1.0,1.0,1,UCI_CKD_HCV_Synthetic_Doc
potassium,4.41,mmol/L,Unknown,0.534,0.592,1.0,0.0,1.0,1.0,1.0,1,UCI_CKD_HCV_Synthetic_Doc
ast,32.6,U/L,Unknown,0.909,0.518,1.0,0.0,1.0,1.0,0.0,1,UCI_CKD_HCV_Synthetic_Doc
potassium,3.64,mmol/L,Unknown,0.942,0.66,1.0,0.0,0.0,1.0,1.0,1,UCI_CKD_HCV_Synthetic_Doc
ast,26.09,U/L,Unknown,0.538,0.74,1.0,0.0,1.0,1.0,1.0,1,UCI_CKD_HCV_Synthetic_Doc
rbc,5.66,millions/uL,Unknown,0.912,0.58,1.0,0.0,0.0,1.0,1.0,1,UCI_CKD_HCV_Synthetic_Doc
rbc,5.28,millions/uL,Unknown,0.973,0.587,1.0,0.0,0.0,1.0,1.0,1,UCI_CKD_HCV_Synthetic_Doc
wbc,6271.67,/uL,Unknown,0.945,0.641,1.0,0.0,0.0,1.0,1.0,1,UCI_CKD_HCV_Synthetic_Doc
albumin,4.54,g/dL,Unknown,0.585,0.707,1.0,0.0,1.0,1.0,1.0,1,UCI_CKD_HCV_Synthetic_Doc
potassium,4.05,mmol/L,Unknown,0.946,0.764,1.0,0.0,0.0,1.0,1.0,1,UCI_CKD_HCV_Synthetic_Doc
sodium,127.95,mmol/L,Unknown,0.857,0.748,1.0,0.0,0.0,1.0,1.0,1,UCI_CKD_HCV_Synthetic_Doc
hemoglobin,11.94,g/dL,Unknown,0.892,0.546,1.0,0.0,1.0,1.0,0.0,1,UCI_CKD_HCV_Synthetic_Doc
glucose,55.2,mg/dL,Unknown,0.926,0.65,1.0,0.0,1.0,1.0,0.0,1,UCI_CKD_HCV_Synthetic_Doc
wbc,8936.69,/uL,Unknown,0.516,0.772,1.0,0.0,1.0,1.0,1.0,1,UCI_CKD_HCV_Synthetic_Doc
albumin,4.62,g/dL,Unknown,0.947,0.668,1.0,0.0,1.0,1.0,0.0,1,UCI_CKD_HCV_Synthetic_Doc
alt,14.04,U/L,Unknown,0.903,0.726,1.0,0.0,1.0,1.0,0.0,1,UCI_CKD_HCV_Synthetic_Doc
glucose,106.26,mg/dL,Unknown,0.872,0.582,1.0,0.0,1.0,1.0,0.0,1,UCI_CKD_HCV_Synthetic_Doc
sodium,138.81,mmol/L,Unknown,0.963,0.817,1.0,0.0,1.0,1.0,0.0,1,UCI_CKD_HCV_Synthetic_Doc
glucose,91.58,mg/dL,Unknown,0.976,0.707,1.0,0.0,1.0,1.0,0.0,1,UCI_CKD_HCV_Synthetic_Doc
alt,19.17,U/L,Unknown,0.92,0.828,1.0,0.0,0.0,1.0,1.0,1,UCI_CKD_HCV_Synthetic_Doc
potassium,4.39,mmol/L,Unknown,0.855,0.637,1.0,0.0,1.0,1.0,0.0,1,UCI_CKD_HCV_Synthetic_Doc
creatinine,0.69,mg/dL,Unknown,0.883,0.609,1.0,0.0,0.0,1.0,1.0,1,UCI_CKD_HCV_Synthetic_Doc
glucose,105.35,mg/dL,Unknown,0.973,0.535,1.0,0.0,1.0,1.0,0.0,1,UCI_CKD_HCV_Synthetic_Doc
bilirubin,0.8,mg/dL,Unknown,0.952,0.637,1.0,0.0,1.0,1.0,0.0,1,UCI_CKD_HCV_Synthetic_Doc
alt,52.08,U/L,Unknown,0.913,0.643,1.0,0.0,0.0,1.0,1.0,1,UCI_CKD_HCV_Synthetic_Doc
albumin,5.12,g/dL,Unknown,0.933,0.601,1.0,0.0,1.0,1.0,0.0,1,UCI_CKD_HCV_Synthetic_Doc
ast,48.37,U/L,Unknown,0.58,0.748,1.0,0.0,1.0,1.0,1.0,1,UCI_CKD_HCV_Synthetic_Doc
alt,15.34,U/L,Unknown,0.678,0.57,1.0,0.0,1.0,1.0,1.0,1,UCI_CKD_HCV_Synthetic_Doc
potassium,3.5,mmol/L,Unknown,0.94,0.546,1.0,0.0,1.0,1.0,0.0,1,UCI_CKD_HCV_Synthetic_Doc
urea,20.64,mg/dL,Unknown,0.598,0.696,1.0,0.0,1.0,1.0,1.0,1,UCI_CKD_HCV_Synthetic_Doc
wbc,4511.92,/uL,Unknown,0.864,0.817,1.0,0.0,1.0,1.0,0.0,1,UCI_CKD_HCV_Synthetic_Doc
potassium,3.48,mmol/L,Unknown,0.52,0.604,1.0,0.0,1.0,1.0,1.0,1,UCI_CKD_HCV_Synthetic_Doc
potassium,4.69,mmol/L,Unknown,0.923,0.505,1.0,0.0,0.0,1.0,1.0,1,UCI_CKD_HCV_Synthetic_Doc
creatinine,0.61,mg/dL,Unknown,0.945,0.6,1.0,0.0,0.0,1.0,1.0,1,UCI_CKD_HCV_Synthetic_Doc
potassium,4.04,mmol/L,Unknown,0.565,0.533,1.0,0.0,1.0,1.0,1.0,1,UCI_CKD_HCV_Synthetic_Doc
glucose,64.95,mg/dL,Unknown,0.622,0.543,1.0,0.0,1.0,1.0,1.0,1,UCI_CKD_HCV_Synthetic_Doc
ast,19.98,U/L,Unknown,0.909,0.569,1.0,0.0,0.0,1.0,1.0,1,UCI_CKD_HCV_Synthetic_Doc
sodium,135.52,mmol/L,Unknown,0.739,0.77,1.0,0.0,1.0,1.0,1.0,1,UCI_CKD_HCV_Synthetic_Doc
hemoglobin,12.71,g/dL,Unknown,0.938,0.741,1.0,0.0,1.0,1.0,0.0,1,UCI_CKD_HCV_Synthetic_Doc
bilirubin,0.68,mg/dL,Unknown,0.927,0.573,1.0,0.0,0.0,1.0,1.0,1,UCI_CKD_HCV_Synthetic_Doc
glucose,146.08,mg/dL,Unknown,0.851,0.833,1.0,0.0,0.0,1.0,1.0,1,UCI_CKD_HCV_Synthetic_Doc
hemoglobin,12.59,g/dL,Unknown,0.529,0.562,1.0,0.0,1.0,1.0,1.0,1,UCI_CKD_HCV_Synthetic_Doc
potassium,3.71,mmol/L,Unknown,0.935,0.505,1.0,0.0,0.0,1.0,1.0,1,UCI_CKD_HCV_Synthetic_Doc
hemoglobin,16.74,g/dL,Unknown,0.867,0.668,1.0,0.0,1.0,1.0,0.0,1,UCI_CKD_HCV_Synthetic_Doc
sodium,138.59,mmol/L,Unknown,0.902,0.644,1.0,0.0,1.0,1.0,0.0,1,UCI_CKD_HCV_Synthetic_Doc
creatinine,0.74,mg/dL,Unknown,0.926,0.612,1.0,0.0,0.0,1.0,1.0,1,UCI_CKD_HCV_Synthetic_Doc
wbc,5997.27,/uL,Unknown,0.65,0.506,1.0,0.0,1.0,1.0,1.0,1,UCI_CKD_HCV_Synthetic_Doc
rbc,5.16,millions/uL,Unknown,0.918,0.532,1.0,0.0,1.0,1.0,0.0,1,UCI_CKD_HCV_Synthetic_Doc
rbc,4.81,millions/uL,Unknown,0.854,0.719,1.0,0.0,1.0,1.0,0.0,1,UCI_CKD_HCV_Synthetic_Doc
sodium,138.92,mmol/L,Unknown,0.855,0.573,1.0,0.0,1.0,1.0,0.0,1,UCI_CKD_HCV_Synthetic_Doc
rbc,4.51,millions/uL,Unknown,0.904,0.615,1.0,0.0,1.0,1.0,0.0,1,UCI_CKD_HCV_Synthetic_Doc
glucose,96.47,mg/dL,Unknown,0.901,0.706,1.0,0.0,1.0,1.0,0.0,1,UCI_CKD_HCV_Synthetic_Doc
albumin,4.21,g/dL,Unknown,0.962,0.754,1.0,0.0,0.0,1.0,1.0,1,UCI_CKD_HCV_Synthetic_Doc
wbc,8836.44,/uL,Unknown,0.522,0.781,1.0,0.0,1.0,1.0,1.0,1,UCI_CKD_HCV_Synthetic_Doc
bilirubin,0.1,mg/dL,Unknown,0.794,0.658,1.0,0.0,1.0,1.0,1.0,1,UCI_CKD_HCV_Synthetic_Doc
ast,10.71,U/L,Unknown,0.972,0.657,1.0,0.0,1.0,1.0,0.0,1,UCI_CKD_HCV_Synthetic_Doc
wbc,7028.1,/uL,Unknown,0.657,0.767,1.0,0.0,1.0,1.0,1.0,1,UCI_CKD_HCV_Synthetic_Doc
wbc,8983.41,/uL,Unknown,0.856,0.782,1.0,0.0,1.0,1.0,0.0,1,UCI_CKD_HCV_Synthetic_Doc
sodium,140.84,mmol/L,Unknown,0.891,0.567,1.0,0.0,1.0,1.0,0.0,1,UCI_CKD_HCV_Synthetic_Doc
wbc,7323.4,/uL,Unknown,0.867,0.776,1.0,0.0,0.0,1.0,1.0,1,UCI_CKD_HCV_Synthetic_Doc
hemoglobin,15.85,g/dL,Unknown,0.935,0.739,1.0,0.0,1.0,1.0,0.0,1,UCI_CKD_HCV_Synthetic_Doc
sodium,141.48,mmol/L,Unknown,0.94,0.662,1.0,0.0,1.0,1.0,0.0,1,UCI_CKD_HCV_Synthetic_Doc
sodium,145.08,mmol/L,Unknown,0.888,0.659,1.0,0.0,0.0,1.0,1.0,1,UCI_CKD_HCV_Synthetic_Doc
wbc,8463.51,/uL,Unknown,0.936,0.558,1.0,0.0,0.0,1.0,1.0,1,UCI_CKD_HCV_Synthetic_Doc
rbc,3.75,millions/uL,Unknown,0.588,0.667,1.0,0.0,1.0,1.0,1.0,1,UCI_CKD_HCV_Synthetic_Doc
rbc,4.04,millions/uL,Unknown,0.976,0.761,1.0,0.0,0.0,1.0,1.0,1,UCI_CKD_HCV_Synthetic_Doc
glucose,125.79,mg/dL,Unknown,0.927,0.739,1.0,0.0,0.0,1.0,1.0,1,UCI_CKD_HCV_Synthetic_Doc
wbc,9525.01,/uL,Unknown,0.67,0.817,1.0,0.0,1.0,1.0,1.0,1,UCI_CKD_HCV_Synthetic_Doc
potassium,3.83,mmol/L,Unknown,0.85,0.571,1.0,0.0,1.0,1.0,0.0,1,UCI_CKD_HCV_Synthetic_Doc
alt,0.0,U/L,Unknown,0.974,0.759,1.0,0.0,0.0,1.0,1.0,1,UCI_CKD_HCV_Synthetic_Doc
rbc,5.03,millions/uL,Unknown,0.924,0.551,1.0,0.0,0.0,1.0,1.0,1,UCI_CKD_HCV_Synthetic_Doc
rbc,4.52,millions/uL,Unknown,0.963,0.501,1.0,0.0,0.0,1.0,1.0,1,UCI_CKD_HCV_Synthetic_Doc
ast,15.19,U/L,Unknown,0.915,0.591,1.0,0.0,0.0,1.0,1.0,1,UCI_CKD_HCV_Synthetic_Doc
rbc,4.57,millions/uL,Unknown,0.885,0.641,1.0,0.0,0.0,1.0,1.0,1,UCI_CKD_HCV_Synthetic_Doc
alt,2.02,U/L,Unknown,0.722,0.642,1.0,0.0,1.0,1.0,1.0,1,UCI_CKD_HCV_Synthetic_Doc
rbc,5.25,millions/uL,Unknown,0.967,0.595,1.0,0.0,1.0,1.0,0.0,1,UCI_CKD_HCV_Synthetic_Doc
creatinine,1.87,mg/dL,Unknown,0.969,0.812,1.0,0.0,0.0,1.0,1.0,1,UCI_CKD_HCV_Synthetic_Doc
sodium,141.15,mmol/L,Unknown,0.827,0.807,1.0,0.0,1.0,1.0,1.0,1,UCI_CKD_HCV_Synthetic_Doc
creatinine,0.81,mg/dL,Unknown,0.883,0.839,1.0,0.0,1.0,1.0,0.0,1,UCI_CKD_HCV_Synthetic_Doc
albumin,4.75,g/dL,Unknown,0.887,0.575,1.0,0.0,0.0,1.0,1.0,1,UCI_CKD_HCV_Synthetic_Doc
rbc,3.68,millions/uL,Unknown,0.809,0.745,1.0,0.0,1.0,1.0,1.0,1,UCI_CKD_HCV_Synthetic_Doc
potassium,5.1,mmol/L,Unknown,0.882,0.501,1.0,0.0,0.0,1.0,1.0,1,UCI_CKD_HCV_Synthetic_Doc
sodium,139.58,mmol/L,Unknown,0.868,0.512,1.0,0.0,0.0,1.0,1.0,1,UCI_CKD_HCV_Synthetic_Doc
bilirubin,0.23,mg/dL,Unknown,0.546,0.659,1.0,0.0,1.0,1.0,1.0,1,UCI_CKD_HCV_Synthetic_Doc
wbc,7695.24,/uL,Unknown,0.833,0.838,1.0,0.0,1.0,1.0,1.0,1,UCI_CKD_HCV_Synthetic_Doc
alt,27.26,U/L,Unknown,0.87,0.831,1.0,0.0,0.0,1.0,1.0,1,UCI_CKD_HCV_Synthetic_Doc
wbc,10070.04,/uL,Unknown,0.969,0.703,1.0,0.0,1.0,1.0,0.0,1,UCI_CKD_HCV_Synthetic_Doc
creatinine,1.25,mg/dL,Unknown,0.883,0.609,1.0,0.0,0.0,1.0,1.0,1,UCI_CKD_HCV_Synthetic_Doc
sodium,133.82,mmol/L,Unknown,0.814,0.655,1.0,0.0,1.0,1.0,1.0,1,UCI_CKD_HCV_Synthetic_Doc
alt,24.42,U/L,Unknown,0.92,0.645,1.0,0.0,0.0,1.0,1.0,1,UCI_CKD_HCV_Synthetic_Doc
bilirubin,0.35,mg/dL,Unknown,0.68,0.633,1.0,0.0,1.0,1.0,1.0,1,UCI_CKD_HCV_Synthetic_Doc
alt,35.52,U/L,Unknown,0.633,0.638,1.0,0.0,1.0,1.0,1.0,1,UCI_CKD_HCV_Synthetic_Doc
alt,28.47,U/L,Unknown,0.552,0.56,1.0,0.0,1.0,1.0,1.0,1,UCI_CKD_HCV_Synthetic_Doc
hemoglobin,15.99,g/dL,Unknown,0.902,0.724,1.0,0.0,1.0,1.0,0.0,1,UCI_CKD_HCV_Synthetic_Doc
ast,36.91,U/L,Unknown,0.862,0.632,1.0,0.0,0.0,1.0,1.0,1,UCI_CKD_HCV_Synthetic_Doc
wbc,4992.39,/uL,Unknown,0.896,0.691,1.0,0.0,1.0,1.0,0.0,1,UCI_CKD_HCV_Synthetic_Doc
hemoglobin,17.78,g/dL,Unknown,0.905,0.726,1.0,0.0,0.0,1.0,1.0,1,UCI_CKD_HCV_Synthetic_Doc
sodium,142.9,mmol/L,Unknown,0.913,0.527,1.0,0.0,0.0,1.0,1.0,1,UCI_CKD_HCV_Synthetic_Doc
alt,29.78,U/L,Unknown,0.908,0.824,1.0,0.0,0.0,1.0,1.0,1,UCI_CKD_HCV_Synthetic_Doc
hemoglobin,11.97,g/dL,Unknown,0.872,0.73,1.0,0.0,1.0,1.0,0.0,1,UCI_CKD_HCV_Synthetic_Doc
alt,12.38,U/L,Unknown,0.521,0.592,1.0,0.0,1.0,1.0,1.0,1,UCI_CKD_HCV_Synthetic_Doc
glucose,75.0,mg/dL,Unknown,0.964,0.66,1.0,0.0,0.0,1.0,1.0,1,UCI_CKD_HCV_Synthetic_Doc
sodium,137.48,mmol/L,Unknown,0.674,0.728,1.0,0.0,1.0,1.0,1.0,1,UCI_CKD_HCV_Synthetic_Doc
glucose,108.26,mg/dL,Unknown,0.971,0.503,1.0,0.0,0.0,1.0,1.0,1,UCI_CKD_HCV_Synthetic_Doc
creatinine,0.68,mg/dL,Unknown,0.625,0.637,1.0,0.0,1.0,1.0,1.0,1,UCI_CKD_HCV_Synthetic_Doc
potassium,5.19,mmol/L,Unknown,0.903,0.654,1.0,0.0,1.0,1.0,0.0,1,UCI_CKD_HCV_Synthetic_Doc
wbc,7454.37,/uL,Unknown,0.666,0.553,1.0,0.0,1.0,1.0,1.0,1,UCI_CKD_HCV_Synthetic_Doc
sodium,142.96,mmol/L,Unknown,0.694,0.807,1.0,0.0,1.0,1.0,1.0,1,UCI_CKD_HCV_Synthetic_Doc
bilirubin,0.74,mg/dL,Unknown,0.852,0.533,1.0,0.0,1.0,1.0,0.0,1,UCI_CKD_HCV_Synthetic_Doc
alt,28.37,U/L,Unknown,0.886,0.706,1.0,0.0,1.0,1.0,0.0,1,UCI_CKD_HCV_Synthetic_Doc
rbc,4.83,millions/uL,Unknown,0.938,0.733,1.0,0.0,1.0,1.0,0.0,1,UCI_CKD_HCV_Synthetic_Doc
ast,29.73,U/L,Unknown,0.598,0.775,1.0,0.0,1.0,1.0,1.0,1,UCI_CKD_HCV_Synthetic_Doc
glucose,123.67,mg/dL,Unknown,0.929,0.706,1.0,0.0,0.0,1.0,1.0,1,UCI_CKD_HCV_Synthetic_Doc
wbc,4524.87,/uL,Unknown,0.688,0.669,1.0,0.0,1.0,1.0,1.0,1,UCI_CKD_HCV_Synthetic_Doc
bilirubin,0.14,mg/dL,Unknown,0.815,0.7,1.0,0.0,1.0,1.0,1.0,1,UCI_CKD_HCV_Synthetic_Doc
potassium,3.83,mmol/L,Unknown,0.865,0.67,1.0,0.0,0.0,1.0,1.0,1,UCI_CKD_HCV_Synthetic_Doc
sodium,136.19,mmol/L,Unknown,0.663,0.805,1.0,0.0,1.0,1.0,1.0,1,UCI_CKD_HCV_Synthetic_Doc
potassium,3.02,mmol/L,Unknown,0.975,0.817,1.0,0.0,0.0,1.0,1.0,1,UCI_CKD_HCV_Synthetic_Doc
glucose,50.57,mg/dL,Unknown,0.853,0.722,1.0,0.0,1.0,1.0,0.0,1,UCI_CKD_HCV_Synthetic_Doc
glucose,50.13,mg/dL,Unknown,0.927,0.67,1.0,0.0,0.0,1.0,1.0,1,UCI_CKD_HCV_Synthetic_Doc
creatinine,0.99,mg/dL,Unknown,0.955,0.503,1.0,0.0,0.0,1.0,1.0,1,UCI_CKD_HCV_Synthetic_Doc
wbc,6883.14,/uL,Unknown,0.861,0.607,1.0,0.0,1.0,1.0,0.0,1,UCI_CKD_HCV_Synthetic_Doc
alt,38.41,U/L,Unknown,0.936,0.646,1.0,0.0,0.0,1.0,1.0,1,UCI_CKD_HCV_Synthetic_Doc
rbc,3.99,millions/uL,Unknown,0.782,0.61,1.0,0.0,1.0,1.0,1.0,1,UCI_CKD_HCV_Synthetic_Doc
sodium,127.8,mmol/L,Unknown,0.589,0.672,1.0,0.0,1.0,1.0,1.0,1,UCI_CKD_HCV_Synthetic_Doc
wbc,8462.26,/uL,Unknown,0.888,0.774,1.0,0.0,0.0,1.0,1.0,1,UCI_CKD_HCV_Synthetic_Doc
potassium,4.7,mmol/L,Unknown,0.753,0.788,1.0,0.0,1.0,1.0,1.0,1,UCI_CKD_HCV_Synthetic_Doc
albumin,5.36,g/dL,Unknown,0.806,0.78,1.0,0.0,1.0,1.0,1.0,1,UCI_CKD_HCV_Synthetic_Doc
bilirubin,0.89,mg/dL,Unknown,0.738,0.747,1.0,0.0,1.0,1.0,1.0,1,UCI_CKD_HCV_Synthetic_Doc
rbc,5.09,millions/uL,Unknown,0.573,0.621,1.0,0.0,1.0,1.0,1.0,1,UCI_CKD_HCV_Synthetic_Doc
rbc,5.59,millions/uL,Unknown,0.883,0.753,1.0,0.0,0.0,1.0,1.0,1,UCI_CKD_HCV_Synthetic_Doc
hemoglobin,13.95,g/dL,Unknown,0.927,0.531,1.0,0.0,1.0,1.0,0.0,1,UCI_CKD_HCV_Synthetic_Doc
rbc,4.77,millions/uL,Unknown,0.857,0.647,1.0,0.0,0.0,1.0,1.0,1,UCI_CKD_HCV_Synthetic_Doc
glucose,97.65,mg/dL,Unknown,0.942,0.817,1.0,0.0,0.0,1.0,1.0,1,UCI_CKD_HCV_Synthetic_Doc
rbc,4.55,millions/uL,Unknown,0.567,0.764,1.0,0.0,1.0,1.0,1.0,1,UCI_CKD_HCV_Synthetic_Doc
rbc,4.28,millions/uL,Unknown,0.642,0.75,1.0,0.0,1.0,1.0,1.0,1,UCI_CKD_HCV_Synthetic_Doc
alt,8.79,U/L,Unknown,0.871,0.806,1.0,0.0,1.0,1.0,0.0,1,UCI_CKD_HCV_Synthetic_Doc
ast,32.5,U/L,Unknown,0.922,0.59,1.0,0.0,0.0,1.0,1.0,1,UCI_CKD_HCV_Synthetic_Doc
rbc,3.59,millions/uL,Unknown,0.864,0.615,1.0,0.0,0.0,1.0,1.0,1,UCI_CKD_HCV_Synthetic_Doc
bilirubin,0.56,mg/dL,Unknown,0.936,0.605,1.0,0.0,1.0,1.0,0.0,1,UCI_CKD_HCV_Synthetic_Doc
glucose,131.43,mg/dL,Unknown,0.945,0.669,1.0,0.0,0.0,1.0,1.0,1,UCI_CKD_HCV_Synthetic_Doc
alt,20.36,U/L,Unknown,0.673,0.713,1.0,0.0,1.0,1.0,1.0,1,UCI_CKD_HCV_Synthetic_Doc
hemoglobin,11.62,g/dL,Unknown,0.871,0.664,1.0,0.0,1.0,1.0,0.0,1,UCI_CKD_HCV_Synthetic_Doc
glucose,31.22,mg/dL,Unknown,0.959,0.733,1.0,0.0,0.0,1.0,1.0,1,UCI_CKD_HCV_Synthetic_Doc
ast,26.38,U/L,Unknown,0.866,0.514,1.0,0.0,1.0,1.0,0.0,1,UCI_CKD_HCV_Synthetic_Doc
albumin,4.86,g/dL,Unknown,0.861,0.6,1.0,0.0,1.0,1.0,0.0,1,UCI_CKD_HCV_Synthetic_Doc
hemoglobin,12.75,g/dL,Unknown,0.861,0.616,1.0,0.0,0.0,1.0,1.0,1,UCI_CKD_HCV_Synthetic_Doc
ast,15.43,U/L,Unknown,0.959,0.682,1.0,0.0,0.0,1.0,1.0,1,UCI_CKD_HCV_Synthetic_Doc
alt,31.02,U/L,Unknown,0.916,0.745,1.0,0.0,0.0,1.0,1.0,1,UCI_CKD_HCV_Synthetic_Doc
albumin,3.53,g/dL,Unknown,0.889,0.62,1.0,0.0,1.0,1.0,0.0,1,UCI_CKD_HCV_Synthetic_Doc
hemoglobin,11.04,g/dL,Unknown,0.866,0.528,1.0,0.0,1.0,1.0,0.0,1,UCI_CKD_HCV_Synthetic_Doc
alt,27.81,U/L,Unknown,0.722,0.521,1.0,0.0,1.0,1.0,1.0,1,UCI_CKD_HCV_Synthetic_Doc
creatinine,1.26,mg/dL,Unknown,0.97,0.549,1.0,0.0,1.0,1.0,0.0,1,UCI_CKD_HCV_Synthetic_Doc
bilirubin,1.49,mg/dL,Unknown,0.952,0.784,1.0,0.0,0.0,1.0,1.0,1,UCI_CKD_HCV_Synthetic_Doc
rbc,5.64,millions/uL,Unknown,0.876,0.783,1.0,0.0,1.0,1.0,0.0,1,UCI_CKD_HCV_Synthetic_Doc
rbc,3.85,millions/uL,Unknown,0.863,0.576,1.0,0.0,0.0,1.0,1.0,1,UCI_CKD_HCV_Synthetic_Doc
albumin,4.99,g/dL,Unknown,0.953,0.552,1.0,0.0,0.0,1.0,1.0,1,UCI_CKD_HCV_Synthetic_Doc
creatinine,1.05,mg/dL,Unknown,0.906,0.521,1.0,0.0,1.0,1.0,0.0,1,UCI_CKD_HCV_Synthetic_Doc
hemoglobin,15.54,g/dL,Unknown,0.914,0.833,1.0,0.0,1.0,1.0,0.0,1,UCI_CKD_HCV_Synthetic_Doc
albumin,4.24,g/dL,Unknown,0.892,0.679,1.0,0.0,1.0,1.0,0.0,1,UCI_CKD_HCV_Synthetic_Doc
urea,75.85,mg/dL,Unknown,0.615,0.507,1.0,0.0,1.0,1.0,1.0,1,UCI_CKD_HCV_Synthetic_Doc
urea,58.94,mg/dL,Unknown,0.869,0.538,1.0,0.0,1.0,1.0,0.0,1,UCI_CKD_HCV_Synthetic_Doc
urea,54.36,mg/dL,Unknown,0.955,0.509,1.0,0.0,1.0,1.0,0.0,1,UCI_CKD_HCV_Synthetic_Doc
bilirubin,0.71,mg/dL,Unknown,0.782,0.651,1.0,0.0,1.0,1.0,1.0,1,UCI_CKD_HCV_Synthetic_Doc
glucose,101.93,mg/dL,Unknown,0.513,0.709,1.0,0.0,1.0,1.0,1.0,1,UCI_CKD_HCV_Synthetic_Doc
sodium,140.49,mmol/L,Unknown,0.896,0.788,1.0,0.0,0.0,1.0,1.0,1,UCI_CKD_HCV_Synthetic_Doc
wbc,4794.57,/uL,Unknown,0.577,0.558,1.0,0.0,1.0,1.0,1.0,1,UCI_CKD_HCV_Synthetic_Doc
ast,54.97,U/L,Unknown,0.733,0.625,1.0,0.0,1.0,1.0,1.0,1,UCI_CKD_HCV_Synthetic_Doc
rbc,5.68,millions/uL,Unknown,0.891,0.539,1.0,0.0,0.0,1.0,1.0,1,UCI_CKD_HCV_Synthetic_Doc
albumin,4.66,g/dL,Unknown,0.922,0.836,1.0,0.0,1.0,1.0,0.0,1,UCI_CKD_HCV_Synthetic_Doc
creatinine,0.8,mg/dL,Unknown,0.923,0.502,1.0,0.0,1.0,1.0,0.0,1,UCI_CKD_HCV_Synthetic_Doc
alt,4.38,U/L,Unknown,0.918,0.59,1.0,0.0,1.0,1.0,0.0,1,UCI_CKD_HCV_Synthetic_Doc
sodium,140.49,mmol/L,Unknown,0.936,0.689,1.0,0.0,0.0,1.0,1.0,1,UCI_CKD_HCV_Synthetic_Doc
alt,5.51,U/L,Unknown,0.928,0.54,1.0,0.0,1.0,1.0,0.0,1,UCI_CKD_HCV_Synthetic_Doc
creatinine,1.07,mg/dL,Unknown,0.922,0.646,1.0,0.0,1.0,1.0,0.0,1,UCI_CKD_HCV_Synthetic_Doc
hemoglobin,16.77,g/dL,Unknown,0.757,0.721,1.0,0.0,1.0,1.0,1.0,1,UCI_CKD_HCV_Synthetic_Doc
potassium,4.84,mmol/L,Unknown,0.941,0.627,1.0,0.0,0.0,1.0,1.0,1,UCI_CKD_HCV_Synthetic_Doc
glucose,49.65,mg/dL,Unknown,0.931,0.69,1.0,0.0,0.0,1.0,1.0,1,UCI_CKD_HCV_Synthetic_Doc
rbc,5.19,millions/uL,Unknown,0.556,0.832,1.0,0.0,1.0,1.0,1.0,1,UCI_CKD_HCV_Synthetic_Doc
hemoglobin,17.75,g/dL,Unknown,0.79,0.69,1.0,0.0,1.0,1.0,1.0,1,UCI_CKD_HCV_Synthetic_Doc
creatinine,1.1,mg/dL,Unknown,0.697,0.669,1.0,0.0,1.0,1.0,1.0,1,UCI_CKD_HCV_Synthetic_Doc
albumin,5.42,g/dL,Unknown,0.586,0.525,1.0,0.0,1.0,1.0,1.0,1,UCI_CKD_HCV_Synthetic_Doc
wbc,6220.08,/uL,Unknown,0.936,0.513,1.0,0.0,1.0,1.0,0.0,1,UCI_CKD_HCV_Synthetic_Doc
glucose,87.13,mg/dL,Unknown,0.923,0.63,1.0,0.0,0.0,1.0,1.0,1,UCI_CKD_HCV_Synthetic_Doc
ast,31.35,U/L,Unknown,0.895,0.645,1.0,0.0,1.0,1.0,0.0,1,UCI_CKD_HCV_Synthetic_Doc
potassium,4.42,mmol/L,Unknown,0.654,0.745,1.0,0.0,1.0,1.0,1.0,1,UCI_CKD_HCV_Synthetic_Doc
ast,1.77,U/L,Unknown,0.739,0.716,1.0,0.0,1.0,1.0,1.0,1,UCI_CKD_HCV_Synthetic_Doc
creatinine,0.79,mg/dL,Unknown,0.936,0.642,1.0,0.0,1.0,1.0,0.0,1,UCI_CKD_HCV_Synthetic_Doc
ast,13.86,U/L,Unknown,0.979,0.647,1.0,0.0,1.0,1.0,0.0,1,UCI_CKD_HCV_Synthetic_Doc
bilirubin,0.87,mg/dL,Unknown,0.888,0.839,1.0,0.0,1.0,1.0,0.0,1,UCI_CKD_HCV_Synthetic_Doc
alt,43.86,U/L,Unknown,0.888,0.742,1.0,0.0,1.0,1.0,0.0,1,UCI_CKD_HCV_Synthetic_Doc
glucose,79.16,mg/dL,Unknown,0.971,0.594,1.0,0.0,0.0,1.0,1.0,1,UCI_CKD_HCV_Synthetic_Doc
wbc,10747.37,/uL,Unknown,0.792,0.591,1.0,0.0,1.0,1.0,1.0,1,UCI_CKD_HCV_Synthetic_Doc
alt,29.4,U/L,Unknown,0.856,0.678,1.0,0.0,0.0,1.0,1.0,1,UCI_CKD_HCV_Synthetic_Doc
creatinine,0.64,mg/dL,Unknown,0.74,0.754,1.0,0.0,1.0,1.0,1.0,1,UCI_CKD_HCV_Synthetic_Doc
urea,23.16,mg/dL,Unknown,0.547,0.636,1.0,0.0,1.0,1.0,1.0,1,UCI_CKD_HCV_Synthetic_Doc
alt,48.02,U/L,Unknown,0.859,0.647,1.0,0.0,0.0,1.0,1.0,1,UCI_CKD_HCV_Synthetic_Doc
ast,44.39,U/L,Unknown,0.797,0.598,1.0,0.0,1.0,1.0,1.0,1,UCI_CKD_HCV_Synthetic_Doc
wbc,8135.02,/uL,Unknown,0.918,0.762,1.0,0.0,0.0,1.0,1.0,1,UCI_CKD_HCV_Synthetic_Doc
glucose,88.97,mg/dL,Unknown,0.906,0.772,1.0,0.0,1.0,1.0,0.0,1,UCI_CKD_HCV_Synthetic_Doc
sodium,137.84,mmol/L,Unknown,0.59,0.739,1.0,0.0,1.0,1.0,1.0,1,UCI_CKD_HCV_Synthetic_Doc
rbc,3.31,millions/uL,Unknown,0.712,0.691,1.0,0.0,1.0,1.0,1.0,1,UCI_CKD_HCV_Synthetic_Doc
rbc,6.33,millions/uL,Unknown,0.883,0.687,1.0,0.0,0.0,1.0,1.0,1,UCI_CKD_HCV_Synthetic_Doc
creatinine,1.15,mg/dL,Unknown,0.882,0.819,1.0,0.0,0.0,1.0,1.0,1,UCI_CKD_HCV_Synthetic_Doc
hemoglobin,14.86,g/dL,Unknown,0.734,0.731,1.0,0.0,1.0,1.0,1.0,1,UCI_CKD_HCV_Synthetic_Doc
potassium,4.37,mmol/L,Unknown,0.897,0.77,1.0,0.0,1.0,1.0,0.0,1,UCI_CKD_HCV_Synthetic_Doc
bilirubin,1.34,mg/dL,Unknown,0.916,0.827,1.0,0.0,1.0,1.0,0.0,1,UCI_CKD_HCV_Synthetic_Doc
bilirubin,0.4,mg/dL,Unknown,0.921,0.639,1.0,0.0,1.0,1.0,0.0,1,UCI_CKD_HCV_Synthetic_Doc
creatinine,1.89,mg/dL,Unknown,0.914,0.546,1.0,0.0,1.0,1.0,0.0,1,UCI_CKD_HCV_Synthetic_Doc
rbc,5.98,millions/uL,Unknown,0.689,0.537,1.0,0.0,1.0,1.0,1.0,1,UCI_CKD_HCV_Synthetic_Doc
glucose,127.36,mg/dL,Unknown,0.957,0.826,1.0,0.0,1.0,1.0,0.0,1,UCI_CKD_HCV_Synthetic_Doc
creatinine,0.1,mg/dL,Unknown,0.597,0.592,1.0,0.0,1.0,1.0,1.0,1,UCI_CKD_HCV_Synthetic_Doc
alt,31.99,U/L,Unknown,0.876,0.593,1.0,0.0,1.0,1.0,0.0,1,UCI_CKD_HCV_Synthetic_Doc
potassium,4.61,mmol/L,Unknown,0.502,0.646,1.0,0.0,1.0,1.0,1.0,1,UCI_CKD_HCV_Synthetic_Doc
sodium,139.67,mmol/L,Unknown,0.91,0.728,1.0,0.0,1.0,1.0,0.0,1,UCI_CKD_HCV_Synthetic_Doc
bilirubin,1.06,mg/dL,Unknown,0.964,0.543,1.0,0.0,0.0,1.0,1.0,1,UCI_CKD_HCV_Synthetic_Doc
glucose,149.59,mg/dL,Unknown,0.526,0.67,1.0,0.0,1.0,1.0,1.0,1,UCI_CKD_HCV_Synthetic_Doc
ast,34.49,U/L,Unknown,0.689,0.771,1.0,0.0,1.0,1.0,1.0,1,UCI_CKD_HCV_Synthetic_Doc
glucose,135.78,mg/dL,Unknown,0.92,0.612,1.0,0.0,0.0,1.0,1.0,1,UCI_CKD_HCV_Synthetic_Doc
glucose,118.13,mg/dL,Unknown,0.888,0.633,1.0,0.0,1.0,1.0,0.0,1,UCI_CKD_HCV_Synthetic_Doc
hemoglobin,11.88,g/dL,Unknown,0.918,0.67,1.0,0.0,1.0,1.0,0.0,1,UCI_CKD_HCV_Synthetic_Doc
rbc,4.41,millions/uL,Unknown,0.909,0.815,1.0,0.0,0.0,1.0,1.0,1,UCI_CKD_HCV_Synthetic_Doc
potassium,3.99,mmol/L,Unknown,0.894,0.713,1.0,0.0,0.0,1.0,1.0,1,UCI_CKD_HCV_Synthetic_Doc
wbc,4890.57,/uL,Unknown,0.786,0.675,1.0,0.0,1.0,1.0,1.0,1,UCI_CKD_HCV_Synthetic_Doc
rbc,5.7,millions/uL,Unknown,0.581,0.652,1.0,0.0,1.0,1.0,1.0,1,UCI_CKD_HCV_Synthetic_Doc
alt,15.99,U/L,Unknown,0.95,0.603,1.0,0.0,0.0,1.0,1.0,1,UCI_CKD_HCV_Synthetic_Doc
glucose,65.65,mg/dL,Unknown,0.951,0.557,1.0,0.0,1.0,1.0,0.0,1,UCI_CKD_HCV_Synthetic_Doc
ast,41.92,U/L,Unknown,0.955,0.715,1.0,0.0,0.0,1.0,1.0,1,UCI_CKD_HCV_Synthetic_Doc
glucose,72.61,mg/dL,Unknown,0.891,0.825,1.0,0.0,0.0,1.0,1.0,1,UCI_CKD_HCV_Synthetic_Doc
urea,34.03,mg/dL,Unknown,0.955,0.526,1.0,0.0,0.0,1.0,1.0,1,UCI_CKD_HCV_Synthetic_Doc
hemoglobin,8.83,g/dL,Unknown,0.508,0.527,1.0,0.0,1.0,1.0,1.0,1,UCI_CKD_HCV_Synthetic_Doc
hemoglobin,13.71,g/dL,Unknown,0.818,0.786,1.0,0.0,1.0,1.0,1.0,1,UCI_CKD_HCV_Synthetic_Doc
hemoglobin,13.92,g/dL,Unknown,0.976,0.77,1.0,0.0,1.0,1.0,0.0,1,UCI_CKD_HCV_Synthetic_Doc
urea,2.0,mg/dL,Unknown,0.954,0.798,1.0,0.0,1.0,1.0,0.0,1,UCI_CKD_HCV_Synthetic_Doc
rbc,6.3,millions/uL,Unknown,0.59,0.668,1.0,0.0,1.0,1.0,1.0,1,UCI_CKD_HCV_Synthetic_Doc
wbc,6269.89,/uL,Unknown,0.945,0.586,1.0,0.0,1.0,1.0,0.0,1,UCI_CKD_HCV_Synthetic_Doc
creatinine,0.91,mg/dL,Unknown,0.895,0.59,1.0,0.0,0.0,1.0,1.0,1,UCI_CKD_HCV_Synthetic_Doc
wbc,9645.79,/uL,Unknown,0.668,0.767,1.0,0.0,1.0,1.0,1.0,1,UCI_CKD_HCV_Synthetic_Doc
bilirubin,0.84,mg/dL,Unknown,0.93,0.585,1.0,0.0,0.0,1.0,1.0,1,UCI_CKD_HCV_Synthetic_Doc
urea,29.62,mg/dL,Unknown,0.877,0.757,1.0,0.0,1.0,1.0,0.0,1,UCI_CKD_HCV_Synthetic_Doc
ast,32.61,U/L,Unknown,0.907,0.76,1.0,0.0,0.0,1.0,1.0,1,UCI_CKD_HCV_Synthetic_Doc
sodium,145.73,mmol/L,Unknown,0.701,0.736,1.0,0.0,1.0,1.0,1.0,1,UCI_CKD_HCV_Synthetic_Doc
wbc,5516.01,/uL,Unknown,0.801,0.661,1.0,0.0,1.0,1.0,1.0,1,UCI_CKD_HCV_Synthetic_Doc
glucose,112.17,mg/dL,Unknown,0.635,0.638,1.0,0.0,1.0,1.0,1.0,1,UCI_CKD_HCV_Synthetic_Doc
wbc,8452.91,/uL,Unknown,0.888,0.78,1.0,0.0,1.0,1.0,0.0,1,UCI_CKD_HCV_Synthetic_Doc
alt,32.66,U/L,Unknown,0.918,0.734,1.0,0.0,1.0,1.0,0.0,1,UCI_CKD_HCV_Synthetic_Doc
glucose,108.7,mg/dL,Unknown,0.643,0.566,1.0,0.0,1.0,1.0,1.0,1,UCI_CKD_HCV_Synthetic_Doc
rbc,4.37,millions/uL,Unknown,0.875,0.765,1.0,0.0,1.0,1.0,0.0,1,UCI_CKD_HCV_Synthetic_Doc
bilirubin,1.06,mg/dL,Unknown,0.765,0.668,1.0,0.0,1.0,1.0,1.0,1,UCI_CKD_HCV_Synthetic_Doc
rbc,4.24,millions/uL,Unknown,0.873,0.51,1.0,0.0,1.0,1.0,0.0,1,UCI_CKD_HCV_Synthetic_Doc
sodium,146.99,mmol/L,Unknown,0.856,0.709,1.0,0.0,0.0,1.0,1.0,1,UCI_CKD_HCV_Synthetic_Doc
albumin,4.06,g/dL,Unknown,0.925,0.524,1.0,0.0,1.0,1.0,0.0,1,UCI_CKD_HCV_Synthetic_Doc
albumin,4.44,g/dL,Unknown,0.747,0.629,1.0,0.0,1.0,1.0,1.0,1,UCI_CKD_HCV_Synthetic_Doc
sodium,140.13,mmol/L,Unknown,0.888,0.734,1.0,0.0,0.0,1.0,1.0,1,UCI_CKD_HCV_Synthetic_Doc
rbc,5.93,millions/uL,Unknown,0.903,0.557,1.0,0.0,0.0,1.0,1.0,1,UCI_CKD_HCV_Synthetic_Doc
creatinine,0.33,mg/dL,Unknown,0.857,0.739,1.0,0.0,1.0,1.0,0.0,1,UCI_CKD_HCV_Synthetic_Doc
creatinine,1.08,mg/dL,Unknown,0.933,0.805,1.0,0.0,1.0,1.0,0.0,1,UCI_CKD_HCV_Synthetic_Doc
urea,33.62,mg/dL,Unknown,0.503,0.572,1.0,0.0,1.0,1.0,1.0,1,UCI_CKD_HCV_Synthetic_Doc
urea,2.0,mg/dL,Unknown,0.854,0.835,1.0,0.0,0.0,1.0,1.0,1,UCI_CKD_HCV_Synthetic_Doc
rbc,5.36,millions/uL,Unknown,0.97,0.593,1.0,0.0,1.0,1.0,0.0,1,UCI_CKD_HCV_Synthetic_Doc
wbc,6338.56,/uL,Unknown,0.725,0.84,1.0,0.0,1.0,1.0,1.0,1,UCI_CKD_HCV_Synthetic_Doc
ast,12.72,U/L,Unknown,0.9,0.655,1.0,0.0,1.0,1.0,0.0,1,UCI_CKD_HCV_Synthetic_Doc
albumin,4.66,g/dL,Unknown,0.976,0.515,1.0,0.0,1.0,1.0,0.0,1,UCI_CKD_HCV_Synthetic_Doc
potassium,4.36,mmol/L,Unknown,0.962,0.564,1.0,0.0,1.0,1.0,0.0,1,UCI_CKD_HCV_Synthetic_Doc
rbc,4.95,millions/uL,Unknown,0.936,0.796,1.0,0.0,1.0,1.0,0.0,1,UCI_CKD_HCV_Synthetic_Doc
urea,28.28,mg/dL,Unknown,0.825,0.815,1.0,0.0,1.0,1.0,1.0,1,UCI_CKD_HCV_Synthetic_Doc
hemoglobin,17.65,g/dL,Unknown,0.674,0.622,1.0,0.0,1.0,1.0,1.0,1,UCI_CKD_HCV_Synthetic_Doc
ast,17.75,U/L,Unknown,0.57,0.812,1.0,0.0,1.0,1.0,1.0,1,UCI_CKD_HCV_Synthetic_Doc
alt,30.22,U/L,Unknown,0.864,0.595,1.0,0.0,0.0,1.0,1.0,1,UCI_CKD_HCV_Synthetic_Doc
glucose,119.81,mg/dL,Unknown,0.756,0.536,1.0,0.0,1.0,1.0,1.0,1,UCI_CKD_HCV_Synthetic_Doc
creatinine,0.27,mg/dL,Unknown,0.897,0.534,1.0,0.0,1.0,1.0,0.0,1,UCI_CKD_HCV_Synthetic_Doc
hemoglobin,13.2,g/dL,Unknown,0.926,0.694,1.0,0.0,1.0,1.0,0.0,1,UCI_CKD_HCV_Synthetic_Doc
ast,21.74,U/L,Unknown,0.93,0.658,1.0,0.0,1.0,1.0,0.0,1,UCI_CKD_HCV_Synthetic_Doc
wbc,8455.35,/uL,Unknown,0.629,0.658,1.0,0.0,1.0,1.0,1.0,1,UCI_CKD_HCV_Synthetic_Doc
albumin,5.19,g/dL,Unknown,0.871,0.598,1.0,0.0,1.0,1.0,0.0,1,UCI_CKD_HCV_Synthetic_Doc
wbc,5575.53,/uL,Unknown,0.882,0.574,1.0,0.0,0.0,1.0,1.0,1,UCI_CKD_HCV_Synthetic_Doc
urea,31.1,mg/dL,Unknown,0.574,0.586,1.0,0.0,1.0,1.0,1.0,1,UCI_CKD_HCV_Synthetic_Doc
rbc,4.17,millions/uL,Unknown,0.803,0.532,1.0,0.0,1.0,1.0,1.0,1,UCI_CKD_HCV_Synthetic_Doc
alt,5.05,U/L,Unknown,0.823,0.527,1.0,0.0,1.0,1.0,1.0,1,UCI_CKD_HCV_Synthetic_Doc
hemoglobin,15.94,g/dL,Unknown,0.65,0.716,1.0,0.0,1.0,1.0,1.0,1,UCI_CKD_HCV_Synthetic_Doc
sodium,137.06,mmol/L,Unknown,0.877,0.524,1.0,0.0,0.0,1.0,1.0,1,UCI_CKD_HCV_Synthetic_Doc
albumin,3.94,g/dL,Unknown,0.904,0.634,1.0,0.0,1.0,1.0,0.0,1,UCI_CKD_HCV_Synthetic_Doc
potassium,2.93,mmol/L,Unknown,0.942,0.533,1.0,0.0,1.0,1.0,0.0,1,UCI_CKD_HCV_Synthetic_Doc
wbc,9407.82,/uL,Unknown,0.886,0.718,1.0,0.0,1.0,1.0,0.0,1,UCI_CKD_HCV_Synthetic_Doc
potassium,5.01,mmol/L,Unknown,0.767,0.8,1.0,0.0,1.0,1.0,1.0,1,UCI_CKD_HCV_Synthetic_Doc
hemoglobin,14.0,g/dL,Unknown,0.725,0.741,1.0,0.0,1.0,1.0,1.0,1,UCI_CKD_HCV_Synthetic_Doc
potassium,3.92,mmol/L,Unknown,0.649,0.787,1.0,0.0,1.0,1.0,1.0,1,UCI_CKD_HCV_Synthetic_Doc
creatinine,0.83,mg/dL,Unknown,0.939,0.57,1.0,0.0,0.0,1.0,1.0,1,UCI_CKD_HCV_Synthetic_Doc
ast,48.04,U/L,Unknown,0.883,0.554,1.0,0.0,1.0,1.0,0.0,1,UCI_CKD_HCV_Synthetic_Doc
glucose,73.25,mg/dL,Unknown,0.87,0.505,1.0,0.0,1.0,1.0,0.0,1,UCI_CKD_HCV_Synthetic_Doc
potassium,3.66,mmol/L,Unknown,0.909,0.674,1.0,0.0,1.0,1.0,0.0,1,UCI_CKD_HCV_Synthetic_Doc
bilirubin,0.82,mg/dL,Unknown,0.884,0.635,1.0,0.0,1.0,1.0,0.0,1,UCI_CKD_HCV_Synthetic_Doc
potassium,5.08,mmol/L,Unknown,0.617,0.582,1.0,0.0,1.0,1.0,1.0,1,UCI_CKD_HCV_Synthetic_Doc
rbc,5.66,millions/uL,Unknown,0.87,0.583,1.0,0.0,1.0,1.0,0.0,1,UCI_CKD_HCV_Synthetic_Doc
bilirubin,1.04,mg/dL,Unknown,0.659,0.637,1.0,0.0,1.0,1.0,1.0,1,UCI_CKD_HCV_Synthetic_Doc
albumin,4.45,g/dL,Unknown,0.905,0.813,1.0,0.0,1.0,1.0,0.0,1,UCI_CKD_HCV_Synthetic_Doc
glucose,119.23,mg/dL,Unknown,0.752,0.631,1.0,0.0,1.0,1.0,1.0,1,UCI_CKD_HCV_Synthetic_Doc
glucose,85.35,mg/dL,Unknown,0.516,0.631,1.0,0.0,1.0,1.0,1.0,1,UCI_CKD_HCV_Synthetic_Doc
glucose,135.12,mg/dL,Unknown,0.734,0.6,1.0,0.0,1.0,1.0,1.0,1,UCI_CKD_HCV_Synthetic_Doc
albumin,4.72,g/dL,Unknown,0.853,0.649,1.0,0.0,1.0,1.0,0.0,1,UCI_CKD_HCV_Synthetic_Doc
bilirubin,0.57,mg/dL,Unknown,0.727,0.532,1.0,0.0,1.0,1.0,1.0,1,UCI_CKD_HCV_Synthetic_Doc
albumin,5.1,g/dL,Unknown,0.876,0.701,1.0,0.0,0.0,1.0,1.0,1,UCI_CKD_HCV_Synthetic_Doc
albumin,3.55,g/dL,Unknown,0.555,0.585,1.0,0.0,1.0,1.0,1.0,1,UCI_CKD_HCV_Synthetic_Doc
potassium,4.49,mmol/L,Unknown,0.933,0.566,1.0,0.0,0.0,1.0,1.0,1,UCI_CKD_HCV_Synthetic_Doc
urea,34.05,mg/dL,Unknown,0.884,0.587,1.0,0.0,1.0,1.0,0.0,1,UCI_CKD_HCV_Synthetic_Doc
sodium,134.49,mmol/L,Unknown,0.942,0.575,1.0,0.0,1.0,1.0,0.0,1,UCI_CKD_HCV_Synthetic_Doc
glucose,102.4,mg/dL,Unknown,0.934,0.733,1.0,0.0,0.0,1.0,1.0,1,UCI_CKD_HCV_Synthetic_Doc
ast,52.12,U/L,Unknown,0.912,0.7,1.0,0.0,0.0,1.0,1.0,1,UCI_CKD_HCV_Synthetic_Doc
albumin,3.1,g/dL,Unknown,0.508,0.606,1.0,0.0,1.0,1.0,1.0,1,UCI_CKD_HCV_Synthetic_Doc
hemoglobin,7.82,g/dL,Unknown,0.976,0.784,1.0,0.0,0.0,1.0,1.0,1,UCI_CKD_HCV_Synthetic_Doc
glucose,64.4,mg/dL,Unknown,0.608,0.761,1.0,0.0,1.0,1.0,1.0,1,UCI_CKD_HCV_Synthetic_Doc
potassium,3.29,mmol/L,Unknown,0.951,0.775,1.0,0.0,0.0,1.0,1.0,1,UCI_CKD_HCV_Synthetic_Doc
alt,29.24,U/L,Unknown,0.976,0.671,1.0,0.0,0.0,1.0,1.0,1,UCI_CKD_HCV_Synthetic_Doc
rbc,3.32,millions/uL,Unknown,0.548,0.574,1.0,0.0,1.0,1.0,1.0,1,UCI_CKD_HCV_Synthetic_Doc
creatinine,0.67,mg/dL,Unknown,0.912,0.55,1.0,0.0,1.0,1.0,0.0,1,UCI_CKD_HCV_Synthetic_Doc
ast,16.22,U/L,Unknown,0.744,0.762,1.0,0.0,1.0,1.0,1.0,1,UCI_CKD_HCV_Synthetic_Doc
potassium,3.67,mmol/L,Unknown,0.871,0.589,1.0,0.0,1.0,1.0,0.0,1,UCI_CKD_HCV_Synthetic_Doc
rbc,4.44,millions/uL,Unknown,0.885,0.656,1.0,0.0,1.0,1.0,0.0,1,UCI_CKD_HCV_Synthetic_Doc
rbc,5.19,millions/uL,Unknown,0.944,0.646,1.0,0.0,1.0,1.0,0.0,1,UCI_CKD_HCV_Synthetic_Doc
wbc,4784.63,/uL,Unknown,0.934,0.728,1.0,0.0,1.0,1.0,0.0,1,UCI_CKD_HCV_Synthetic_Doc
sodium,143.26,mmol/L,Unknown,0.894,0.72,1.0,0.0,0.0,1.0,1.0,1,UCI_CKD_HCV_Synthetic_Doc
potassium,3.76,mmol/L,Unknown,0.876,0.837,1.0,0.0,0.0,1.0,1.0,1,UCI_CKD_HCV_Synthetic_Doc
sodium,142.38,mmol/L,Unknown,0.815,0.55,1.0,0.0,1.0,1.0,1.0,1,UCI_CKD_HCV_Synthetic_Doc
rbc,5.71,millions/uL,Unknown,0.949,0.716,1.0,0.0,0.0,1.0,1.0,1,UCI_CKD_HCV_Synthetic_Doc
hemoglobin,15.54,g/dL,Unknown,0.894,0.76,1.0,0.0,0.0,1.0,1.0,1,UCI_CKD_HCV_Synthetic_Doc
sodium,141.71,mmol/L,Unknown,0.979,0.683,1.0,0.0,0.0,1.0,1.0,1,UCI_CKD_HCV_Synthetic_Doc
alt,10.89,U/L,Unknown,0.855,0.808,1.0,0.0,0.0,1.0,1.0,1,UCI_CKD_HCV_Synthetic_Doc
hemoglobin,13.67,g/dL,Unknown,0.53,0.572,1.0,0.0,1.0,1.0,1.0,1,UCI_CKD_HCV_Synthetic_Doc
creatinine,1.34,mg/dL,Unknown,0.527,0.759,1.0,0.0,1.0,1.0,1.0,1,UCI_CKD_HCV_Synthetic_Doc
urea,29.74,mg/dL,Unknown,0.893,0.818,1.0,0.0,1.0,1.0,0.0,1,UCI_CKD_HCV_Synthetic_Doc
glucose,78.14,mg/dL,Unknown,0.767,0.568,1.0,0.0,1.0,1.0,1.0,1,UCI_CKD_HCV_Synthetic_Doc
hemoglobin,8.94,g/dL,Unknown,0.768,0.751,1.0,0.0,1.0,1.0,1.0,1,UCI_CKD_HCV_Synthetic_Doc
potassium,4.0,mmol/L,Unknown,0.835,0.681,1.0,0.0,1.0,1.0,1.0,1,UCI_CKD_HCV_Synthetic_Doc
hemoglobin,13.04,g/dL,Unknown,0.949,0.798,1.0,0.0,0.0,1.0,1.0,1,UCI_CKD_HCV_Synthetic_Doc
sodium,139.31,mmol/L,Unknown,0.934,0.593,1.0,0.0,0.0,1.0,1.0,1,UCI_CKD_HCV_Synthetic_Doc
potassium,4.15,mmol/L,Unknown,0.912,0.769,1.0,0.0,0.0,1.0,1.0,1,UCI_CKD_HCV_Synthetic_Doc
rbc,5.61,millions/uL,Unknown,0.762,0.725,1.0,0.0,1.0,1.0,1.0,1,UCI_CKD_HCV_Synthetic_Doc
bilirubin,1.1,mg/dL,Unknown,0.838,0.54,1.0,0.0,1.0,1.0,1.0,1,UCI_CKD_HCV_Synthetic_Doc
creatinine,0.54,mg/dL,Unknown,0.98,0.54,1.0,0.0,0.0,1.0,1.0,1,UCI_CKD_HCV_Synthetic_Doc
potassium,4.93,mmol/L,Unknown,0.96,0.638,1.0,0.0,0.0,1.0,1.0,1,UCI_CKD_HCV_Synthetic_Doc
albumin,3.99,g/dL,Unknown,0.968,0.515,1.0,0.0,0.0,1.0,1.0,1,UCI_CKD_HCV_Synthetic_Doc
potassium,4.26,mmol/L,Unknown,0.913,0.796,1.0,0.0,0.0,1.0,1.0,1,UCI_CKD_HCV_Synthetic_Doc
albumin,3.82,g/dL,Unknown,0.923,0.625,1.0,0.0,1.0,1.0,0.0,1,UCI_CKD_HCV_Synthetic_Doc
ast,38.19,U/L,Unknown,0.719,0.614,1.0,0.0,1.0,1.0,1.0,1,UCI_CKD_HCV_Synthetic_Doc
albumin,4.78,g/dL,Unknown,0.598,0.761,1.0,0.0,1.0,1.0,1.0,1,UCI_CKD_HCV_Synthetic_Doc
potassium,3.17,mmol/L,Unknown,0.858,0.53,1.0,0.0,1.0,1.0,0.0,1,UCI_CKD_HCV_Synthetic_Doc
potassium,4.27,mmol/L,Unknown,0.905,0.689,1.0,0.0,0.0,1.0,1.0,1,UCI_CKD_HCV_Synthetic_Doc
urea,39.09,mg/dL,Unknown,0.955,0.803,1.0,0.0,0.0,1.0,1.0,1,UCI_CKD_HCV_Synthetic_Doc
albumin,4.24,g/dL,Unknown,0.568,0.837,1.0,0.0,1.0,1.0,1.0,1,UCI_CKD_HCV_Synthetic_Doc
wbc,9843.3,/uL,Unknown,0.744,0.731,1.0,0.0,1.0,1.0,1.0,1,UCI_CKD_HCV_Synthetic_Doc
rbc,5.47,millions/uL,Unknown,0.514,0.508,1.0,0.0,1.0,1.0,1.0,1,UCI_CKD_HCV_Synthetic_Doc
glucose,116.19,mg/dL,Unknown,0.932,0.809,1.0,0.0,1.0,1.0,0.0,1,UCI_CKD_HCV_Synthetic_Doc
hemoglobin,13.15,g/dL,Unknown,0.929,0.533,1.0,0.0,0.0,1.0,1.0,1,UCI_CKD_HCV_Synthetic_Doc
sodium,136.79,mmol/L,Unknown,0.625,0.809,1.0,0.0,1.0,1.0,1.0,1,UCI_CKD_HCV_Synthetic_Doc
alt,15.18,U/L,Unknown,0.706,0.709,1.0,0.0,1.0,1.0,1.0,1,UCI_CKD_HCV_Synthetic_Doc
potassium,4.46,mmol/L,Unknown,0.966,0.784,1.0,0.0,1.0,1.0,0.0,1,UCI_CKD_HCV_Synthetic_Doc
rbc,3.74,millions/uL,Unknown,0.535,0.577,1.0,0.0,1.0,1.0,1.0,1,UCI_CKD_HCV_Synthetic_Doc
albumin,4.12,g/dL,Unknown,0.964,0.73,1.0,0.0,1.0,1.0,0.0,1,UCI_CKD_HCV_Synthetic_Doc
creatinine,1.24,mg/dL,Unknown,0.527,0.785,1.0,0.0,1.0,1.0,1.0,1,UCI_CKD_HCV_Synthetic_Doc
bilirubin,0.75,mg/dL,Unknown,0.924,0.66,1.0,0.0,1.0,1.0,0.0,1,UCI_CKD_HCV_Synthetic_Doc
potassium,3.69,mmol/L,Unknown,0.872,0.585,1.0,0.0,0.0,1.0,1.0,1,UCI_CKD_HCV_Synthetic_Doc
hemoglobin,16.27,g/dL,Unknown,0.926,0.58,1.0,0.0,0.0,1.0,1.0,1,UCI_CKD_HCV_Synthetic_Doc
creatinine,0.55,mg/dL,Unknown,0.914,0.687,1.0,0.0,0.0,1.0,1.0,1,UCI_CKD_HCV_Synthetic_Doc
rbc,5.25,millions/uL,Unknown,0.859,0.546,1.0,0.0,1.0,1.0,0.0,1,UCI_CKD_HCV_Synthetic_Doc
wbc,11103.57,/uL,Unknown,0.908,0.521,1.0,0.0,0.0,1.0,1.0,1,UCI_CKD_HCV_Synthetic_Doc
hemoglobin,7.87,g/dL,Unknown,0.896,0.716,1.0,0.0,1.0,1.0,0.0,1,UCI_CKD_HCV_Synthetic_Doc
hemoglobin,11.97,g/dL,Unknown,0.963,0.809,1.0,0.0,0.0,1.0,1.0,1,UCI_CKD_HCV_Synthetic_Doc
glucose,59.17,mg/dL,Unknown,0.973,0.698,1.0,0.0,1.0,1.0,0.0,1,UCI_CKD_HCV_Synthetic_Doc
ast,10.99,U/L,Unknown,0.792,0.805,1.0,0.0,1.0,1.0,1.0,1,UCI_CKD_HCV_Synthetic_Doc
urea,2.0,mg/dL,Unknown,0.873,0.613,1.0,0.0,0.0,1.0,1.0,1,UCI_CKD_HCV_Synthetic_Doc
wbc,6523.09,/uL,Unknown,0.972,0.608,1.0,0.0,0.0,1.0,1.0,1,UCI_CKD_HCV_Synthetic_Doc
glucose,118.19,mg/dL,Unknown,0.914,0.703,1.0,0.0,0.0,1.0,1.0,1,UCI_CKD_HCV_Synthetic_Doc
urea,44.1,mg/dL,Unknown,0.923,0.642,1.0,0.0,0.0,1.0,1.0,1,UCI_CKD_HCV_Synthetic_Doc
alt,21.05,U/L,Unknown,0.927,0.818,1.0,0.0,1.0,1.0,0.0,1,UCI_CKD_HCV_Synthetic_Doc
albumin,3.93,g/dL,Unknown,0.886,0.739,1.0,0.0,1.0,1.0,0.0,1,UCI_CKD_HCV_Synthetic_Doc
rbc,5.74,millions/uL,Unknown,0.672,0.832,1.0,0.0,1.0,1.0,1.0,1,UCI_CKD_HCV_Synthetic_Doc
urea,51.08,mg/dL,Unknown,0.818,0.826,1.0,0.0,1.0,1.0,1.0,1,UCI_CKD_HCV_Synthetic_Doc
glucose,85.46,mg/dL,Unknown,0.979,0.677,1.0,0.0,1.0,1.0,0.0,1,UCI_CKD_HCV_Synthetic_Doc
creatinine,1.29,mg/dL,Unknown,0.911,0.712,1.0,0.0,0.0,1.0,1.0,1,UCI_CKD_HCV_Synthetic_Doc
bilirubin,0.72,mg/dL,Unknown,0.91,0.775,1.0,0.0,0.0,1.0,1.0,1,UCI_CKD_HCV_Synthetic_Doc
alt,24.06,U/L,Unknown,0.912,0.678,1.0,0.0,0.0,1.0,1.0,1,UCI_CKD_HCV_Synthetic_Doc
ast,0.0,U/L,Unknown,0.747,0.541,1.0,0.0,1.0,1.0,1.0,1,UCI_CKD_HCV_Synthetic_Doc
urea,35.18,mg/dL,Unknown,0.939,0.722,1.0,0.0,0.0,1.0,1.0,1,UCI_CKD_HCV_Synthetic_Doc
hemoglobin,15.84,g/dL,Unknown,0.861,0.565,1.0,0.0,0.0,1.0,1.0,1,UCI_CKD_HCV_Synthetic_Doc
hemoglobin,13.52,g/dL,Unknown,0.932,0.678,1.0,0.0,1.0,1.0,0.0,1,UCI_CKD_HCV_Synthetic_Doc
albumin,5.01,g/dL,Unknown,0.904,0.761,1.0,0.0,0.0,1.0,1.0,1,UCI_CKD_HCV_Synthetic_Doc
ast,63.27,U/L,Unknown,0.864,0.521,1.0,0.0,1.0,1.0,0.0,1,UCI_CKD_HCV_Synthetic_Doc
bilirubin,0.41,mg/dL,Unknown,0.833,0.828,1.0,0.0,1.0,1.0,1.0,1,UCI_CKD_HCV_Synthetic_Doc
potassium,3.4,mmol/L,Unknown,0.872,0.582,1.0,0.0,0.0,1.0,1.0,1,UCI_CKD_HCV_Synthetic_Doc
hemoglobin,12.88,g/dL,Unknown,0.879,0.739,1.0,0.0,0.0,1.0,1.0,1,UCI_CKD_HCV_Synthetic_Doc
hemoglobin,19.42,g/dL,Unknown,0.872,0.609,1.0,0.0,0.0,1.0,1.0,1,UCI_CKD_HCV_Synthetic_Doc
creatinine,0.16,mg/dL,Unknown,0.872,0.532,1.0,0.0,0.0,1.0,1.0,1,UCI_CKD_HCV_Synthetic_Doc
urea,38.17,mg/dL,Unknown,0.851,0.826,1.0,0.0,1.0,1.0,0.0,1,UCI_CKD_HCV_Synthetic_Doc
urea,38.27,mg/dL,Unknown,0.914,0.779,1.0,0.0,0.0,1.0,1.0,1,UCI_CKD_HCV_Synthetic_Doc
bilirubin,0.69,mg/dL,Unknown,0.876,0.648,1.0,0.0,1.0,1.0,0.0,1,UCI_CKD_HCV_Synthetic_Doc
bilirubin,0.55,mg/dL,Unknown,0.541,0.721,1.0,0.0,1.0,1.0,1.0,1,UCI_CKD_HCV_Synthetic_Doc
bilirubin,1.6,mg/dL,Unknown,0.911,0.511,1.0,0.0,0.0,1.0,1.0,1,UCI_CKD_HCV_Synthetic_Doc
albumin,4.0,g/dL,Unknown,0.961,0.802,1.0,0.0,1.0,1.0,0.0,1,UCI_CKD_HCV_Synthetic_Doc
hemoglobin,15.76,g/dL,Unknown,0.802,0.582,1.0,0.0,1.0,1.0,1.0,1,UCI_CKD_HCV_Synthetic_Doc
ast,0.0,U/L,Unknown,0.588,0.625,1.0,0.0,1.0,1.0,1.0,1,UCI_CKD_HCV_Synthetic_Doc
glucose,39.86,mg/dL,Unknown,0.545,0.655,1.0,0.0,1.0,1.0,1.0,1,UCI_CKD_HCV_Synthetic_Doc
albumin,4.01,g/dL,Unknown,0.904,0.543,1.0,0.0,1.0,1.0,0.0,1,UCI_CKD_HCV_Synthetic_Doc
creatinine,1.58,mg/dL,Unknown,0.917,0.656,1.0,0.0,1.0,1.0,0.0,1,UCI_CKD_HCV_Synthetic_Doc
glucose,90.85,mg/dL,Unknown,0.949,0.522,1.0,0.0,1.0,1.0,0.0,1,UCI_CKD_HCV_Synthetic_Doc
potassium,3.27,mmol/L,Unknown,0.938,0.747,1.0,0.0,0.0,1.0,1.0,1,UCI_CKD_HCV_Synthetic_Doc
albumin,3.22,g/dL,Unknown,0.96,0.668,1.0,0.0,1.0,1.0,0.0,1,UCI_CKD_HCV_Synthetic_Doc
hemoglobin,14.11,g/dL,Unknown,0.853,0.564,1.0,0.0,0.0,1.0,1.0,1,UCI_CKD_HCV_Synthetic_Doc
creatinine,1.46,mg/dL,Unknown,0.928,0.744,1.0,0.0,0.0,1.0,1.0,1,UCI_CKD_HCV_Synthetic_Doc
bilirubin,1.08,mg/dL,Unknown,0.877,0.554,1.0,0.0,0.0,1.0,1.0,1,UCI_CKD_HCV_Synthetic_Doc
wbc,10681.02,/uL,Unknown,0.714,0.832,1.0,0.0,1.0,1.0,1.0,1,UCI_CKD_HCV_Synthetic_Doc
ast,42.1,U/L,Unknown,0.968,0.694,1.0,0.0,0.0,1.0,1.0,1,UCI_CKD_HCV_Synthetic_Doc
albumin,4.21,g/dL,Unknown,0.74,0.599,1.0,0.0,1.0,1.0,1.0,1,UCI_CKD_HCV_Synthetic_Doc
potassium,5.35,mmol/L,Unknown,0.963,0.798,1.0,0.0,0.0,1.0,1.0,1,UCI_CKD_HCV_Synthetic_Doc
alt,51.07,U/L,Unknown,0.899,0.641,1.0,0.0,0.0,1.0,1.0,1,UCI_CKD_HCV_Synthetic_Doc
alt,30.75,U/L,Unknown,0.7,0.72,1.0,0.0,1.0,1.0,1.0,1,UCI_CKD_HCV_Synthetic_Doc
glucose,105.77,mg/dL,Unknown,0.852,0.642,1.0,0.0,0.0,1.0,1.0,1,UCI_CKD_HCV_Synthetic_Doc
albumin,5.0,g/dL,Unknown,0.891,0.662,1.0,0.0,1.0,1.0,0.0,1,UCI_CKD_HCV_Synthetic_Doc
ast,9.6,U/L,Unknown,0.853,0.835,1.0,0.0,1.0,1.0,0.0,1,UCI_CKD_HCV_Synthetic_Doc
urea,30.53,mg/dL,Unknown,0.586,0.514,1.0,0.0,1.0,1.0,1.0,1,UCI_CKD_HCV_Synthetic_Doc
potassium,4.34,mmol/L,Unknown,0.964,0.67,1.0,0.0,0.0,1.0,1.0,1,UCI_CKD_HCV_Synthetic_Doc
wbc,8887.89,/uL,Unknown,0.732,0.731,1.0,0.0,1.0,1.0,1.0,1,UCI_CKD_HCV_Synthetic_Doc
creatinine,1.19,mg/dL,Unknown,0.857,0.813,1.0,0.0,0.0,1.0,1.0,1,UCI_CKD_HCV_Synthetic_Doc
rbc,4.94,millions/uL,Unknown,0.951,0.708,1.0,0.0,1.0,1.0,0.0,1,UCI_CKD_HCV_Synthetic_Doc
potassium,5.59,mmol/L,Unknown,0.926,0.772,1.0,0.0,1.0,1.0,0.0,1,UCI_CKD_HCV_Synthetic_Doc
potassium,3.98,mmol/L,Unknown,0.937,0.755,1.0,0.0,0.0,1.0,1.0,1,UCI_CKD_HCV_Synthetic_Doc
creatinine,0.92,mg/dL,Unknown,0.858,0.727,1.0,0.0,0.0,1.0,1.0,1,UCI_CKD_HCV_Synthetic_Doc
ast,12.26,U/L,Unknown,0.913,0.73,1.0,0.0,0.0,1.0,1.0,1,UCI_CKD_HCV_Synthetic_Doc
glucose,101.93,mg/dL,Unknown,0.955,0.751,1.0,0.0,1.0,1.0,0.0,1,UCI_CKD_HCV_Synthetic_Doc
glucose,139.31,mg/dL,Unknown,0.944,0.588,1.0,0.0,1.0,1.0,0.0,1,UCI_CKD_HCV_Synthetic_Doc
urea,11.38,mg/dL,Unknown,0.857,0.824,1.0,0.0,1.0,1.0,0.0,1,UCI_CKD_HCV_Synthetic_Doc
bilirubin,1.46,mg/dL,Unknown,0.86,0.689,1.0,0.0,0.0,1.0,1.0,1,UCI_CKD_HCV_Synthetic_Doc
creatinine,1.11,mg/dL,Unknown,0.586,0.644,1.0,0.0,1.0,1.0,1.0,1,UCI_CKD_HCV_Synthetic_Doc
ast,5.38,U/L,Unknown,0.956,0.52,1.0,0.0,1.0,1.0,0.0,1,UCI_CKD_HCV_Synthetic_Doc
sodium,144.21,mmol/L,Unknown,0.893,0.62,1.0,0.0,1.0,1.0,0.0,1,UCI_CKD_HCV_Synthetic_Doc
glucose,94.24,mg/dL,Unknown,0.98,0.812,1.0,0.0,0.0,1.0,1.0,1,UCI_CKD_HCV_Synthetic_Doc
rbc,5.47,millions/uL,Unknown,0.909,0.829,1.0,0.0,1.0,1.0,0.0,1,UCI_CKD_HCV_Synthetic_Doc
hemoglobin,12.57,g/dL,Unknown,0.648,0.666,1.0,0.0,1.0,1.0,1.0,1,UCI_CKD_HCV_Synthetic_Doc
potassium,4.2,mmol/L,Unknown,0.734,0.536,1.0,0.0,1.0,1.0,1.0,1,UCI_CKD_HCV_Synthetic_Doc
bilirubin,0.71,mg/dL,Unknown,0.648,0.525,1.0,0.0,1.0,1.0,1.0,1,UCI_CKD_HCV_Synthetic_Doc
ast,48.23,U/L,Unknown,0.965,0.799,1.0,0.0,1.0,1.0,0.0,1,UCI_CKD_HCV_Synthetic_Doc
albumin,4.61,g/dL,Unknown,0.899,0.501,1.0,0.0,0.0,1.0,1.0,1,UCI_CKD_HCV_Synthetic_Doc
sodium,132.75,mmol/L,Unknown,0.624,0.808,1.0,0.0,1.0,1.0,1.0,1,UCI_CKD_HCV_Synthetic_Doc
sodium,133.06,mmol/L,Unknown,0.914,0.839,1.0,0.0,0.0,1.0,1.0,1,UCI_CKD_HCV_Synthetic_Doc
urea,54.51,mg/dL,Unknown,0.883,0.741,1.0,0.0,1.0,1.0,0.0,1,UCI_CKD_HCV_Synthetic_Doc
sodium,139.27,mmol/L,Unknown,0.867,0.566,1.0,0.0,0.0,1.0,1.0,1,UCI_CKD_HCV_Synthetic_Doc
alt,34.34,U/L,Unknown,0.934,0.684,1.0,0.0,0.0,1.0,1.0,1,UCI_CKD_HCV_Synthetic_Doc
bilirubin,0.16,mg/dL,Unknown,0.934,0.672,1.0,0.0,1.0,1.0,0.0,1,UCI_CKD_HCV_Synthetic_Doc
bilirubin,0.28,mg/dL,Unknown,0.875,0.554,1.0,0.0,1.0,1.0,0.0,1,UCI_CKD_HCV_Synthetic_Doc
urea,45.36,mg/dL,Unknown,0.927,0.592,1.0,0.0,0.0,1.0,1.0,1,UCI_CKD_HCV_Synthetic_Doc
urea,34.28,mg/dL,Unknown,0.888,0.581,1.0,0.0,0.0,1.0,1.0,1,UCI_CKD_HCV_Synthetic_Doc
bilirubin,0.72,mg/dL,Unknown,0.737,0.528,1.0,0.0,1.0,1.0,1.0,1,UCI_CKD_HCV_Synthetic_Doc
hemoglobin,10.33,g/dL,Unknown,0.877,0.754,1.0,0.0,1.0,1.0,0.0,1,UCI_CKD_HCV_Synthetic_Doc
ast,32.21,U/L,Unknown,0.61,0.785,1.0,0.0,1.0,1.0,1.0,1,UCI_CKD_HCV_Synthetic_Doc
urea,3.49,mg/dL,Unknown,0.911,0.718,1.0,0.0,0.0,1.0,1.0,1,UCI_CKD_HCV_Synthetic_Doc
urea,13.89,mg/dL,Unknown,0.915,0.598,1.0,0.0,1.0,1.0,0.0,1,UCI_CKD_HCV_Synthetic_Doc
wbc,8144.44,/uL,Unknown,0.976,0.79,1.0,0.0,1.0,1.0,0.0,1,UCI_CKD_HCV_Synthetic_Doc
bilirubin,0.69,mg/dL,Unknown,0.938,0.634,1.0,0.0,1.0,1.0,0.0,1,UCI_CKD_HCV_Synthetic_Doc
sodium,131.5,mmol/L,Unknown,0.91,0.777,1.0,0.0,0.0,1.0,1.0,1,UCI_CKD_HCV_Synthetic_Doc
ast,40.18,U/L,Unknown,0.698,0.557,1.0,0.0,1.0,1.0,1.0,1,UCI_CKD_HCV_Synthetic_Doc
alt,31.55,U/L,Unknown,0.972,0.737,1.0,0.0,0.0,1.0,1.0,1,UCI_CKD_HCV_Synthetic_Doc
bilirubin,0.81,mg/dL,Unknown,0.535,0.518,1.0,0.0,1.0,1.0,1.0,1,UCI_CKD_HCV_Synthetic_Doc
urea,49.23,mg/dL,Unknown,0.545,0.743,1.0,0.0,1.0,1.0,1.0,1,UCI_CKD_HCV_Synthetic_Doc
wbc,8427.09,/uL,Unknown,0.913,0.517,1.0,0.0,1.0,1.0,0.0,1,UCI_CKD_HCV_Synthetic_Doc
hemoglobin,15.65,g/dL,Unknown,0.856,0.583,1.0,0.0,0.0,1.0,1.0,1,UCI_CKD_HCV_Synthetic_Doc
wbc,9540.21,/uL,Unknown,0.919,0.777,1.0,0.0,1.0,1.0,0.0,1,UCI_CKD_HCV_Synthetic_Doc
urea,20.42,mg/dL,Unknown,0.947,0.673,1.0,0.0,1.0,1.0,0.0,1,UCI_CKD_HCV_Synthetic_Doc
ast,21.47,U/L,Unknown,0.853,0.513,1.0,0.0,0.0,1.0,1.0,1,UCI_CKD_HCV_Synthetic_Doc
sodium,135.55,mmol/L,Unknown,0.647,0.654,1.0,0.0,1.0,1.0,1.0,1,UCI_CKD_HCV_Synthetic_Doc
albumin,4.23,g/dL,Unknown,0.742,0.593,1.0,0.0,1.0,1.0,1.0,1,UCI_CKD_HCV_Synthetic_Doc
albumin,3.92,g/dL,Unknown,0.65,0.72,1.0,0.0,1.0,1.0,1.0,1,UCI_CKD_HCV_Synthetic_Doc
creatinine,1.2,mg/dL,Unknown,0.711,0.685,1.0,0.0,1.0,1.0,1.0,1,UCI_CKD_HCV_Synthetic_Doc
rbc,4.96,millions/uL,Unknown,0.854,0.803,1.0,0.0,1.0,1.0,0.0,1,UCI_CKD_HCV_Synthetic_Doc
alt,27.78,U/L,Unknown,0.889,0.635,1.0,0.0,1.0,1.0,0.0,1,UCI_CKD_HCV_Synthetic_Doc
ast,0.0,U/L,Unknown,0.957,0.701,1.0,0.0,0.0,1.0,1.0,1,UCI_CKD_HCV_Synthetic_Doc
rbc,4.24,millions/uL,Unknown,0.89,0.558,1.0,0.0,0.0,1.0,1.0,1,UCI_CKD_HCV_Synthetic_Doc
potassium,4.53,mmol/L,Unknown,0.9,0.572,1.0,0.0,0.0,1.0,1.0,1,UCI_CKD_HCV_Synthetic_Doc
hemoglobin,13.24,g/dL,Unknown,0.947,0.698,1.0,0.0,0.0,1.0,1.0,1,UCI_CKD_HCV_Synthetic_Doc
rbc,5.86,millions/uL,Unknown,0.605,0.83,1.0,0.0,1.0,1.0,1.0,1,UCI_CKD_HCV_Synthetic_Doc
hemoglobin,11.45,g/dL,Unknown,0.918,0.82,1.0,0.0,0.0,1.0,1.0,1,UCI_CKD_HCV_Synthetic_Doc
sodium,142.78,mmol/L,Unknown,0.883,0.605,1.0,0.0,0.0,1.0,1.0,1,UCI_CKD_HCV_Synthetic_Doc
potassium,4.48,mmol/L,Unknown,0.879,0.565,1.0,0.0,1.0,1.0,0.0,1,UCI_CKD_HCV_Synthetic_Doc
bilirubin,0.68,mg/dL,Unknown,0.938,0.503,1.0,0.0,0.0,1.0,1.0,1,UCI_CKD_HCV_Synthetic_Doc
alt,42.49,U/L,Unknown,0.879,0.609,1.0,0.0,1.0,1.0,0.0,1,UCI_CKD_HCV_Synthetic_Doc
albumin,5.84,g/dL,Unknown,0.639,0.586,1.0,0.0,1.0,1.0,1.0,1,UCI_CKD_HCV_Synthetic_Doc
ast,14.78,U/L,Unknown,0.738,0.686,1.0,0.0,1.0,1.0,1.0,1,UCI_CKD_HCV_Synthetic_Doc
hemoglobin,12.57,g/dL,Unknown,0.572,0.823,1.0,0.0,1.0,1.0,1.0,1,UCI_CKD_HCV_Synthetic_Doc
creatinine,1.08,mg/dL,Unknown,0.611,0.814,1.0,0.0,1.0,1.0,1.0,1,UCI_CKD_HCV_Synthetic_Doc
wbc,9606.11,/uL,Unknown,0.966,0.727,1.0,0.0,0.0,1.0,1.0,1,UCI_CKD_HCV_Synthetic_Doc
glucose,105.55,mg/dL,Unknown,0.954,0.702,1.0,0.0,0.0,1.0,1.0,1,UCI_CKD_HCV_Synthetic_Doc
sodium,138.12,mmol/L,Unknown,0.967,0.709,1.0,0.0,1.0,1.0,0.0,1,UCI_CKD_HCV_Synthetic_Doc
albumin,4.08,g/dL,Unknown,0.857,0.743,1.0,0.0,1.0,1.0,0.0,1,UCI_CKD_HCV_Synthetic_Doc
rbc,6.71,millions/uL,Unknown,0.897,0.625,1.0,0.0,0.0,1.0,1.0,1,UCI_CKD_HCV_Synthetic_Doc
rbc,5.66,millions/uL,Unknown,0.651,0.757,1.0,0.0,1.0,1.0,1.0,1,UCI_CKD_HCV_Synthetic_Doc
sodium,135.97,mmol/L,Unknown,0.973,0.662,1.0,0.0,1.0,1.0,0.0,1,UCI_CKD_HCV_Synthetic_Doc
rbc,5.16,millions/uL,Unknown,0.96,0.803,1.0,0.0,1.0,1.0,0.0,1,UCI_CKD_HCV_Synthetic_Doc
urea,29.25,mg/dL,Unknown,0.924,0.787,1.0,0.0,0.0,1.0,1.0,1,UCI_CKD_HCV_Synthetic_Doc
alt,27.69,U/L,Unknown,0.92,0.647,1.0,0.0,0.0,1.0,1.0,1,UCI_CKD_HCV_Synthetic_Doc
potassium,3.62,mmol/L,Invalid,0.241,0.444,0.0,0.0,1.0,1.0,1.0,2,UCI_CKD_HCV_Synthetic_Doc
wbc,-15.0,/uL,Invalid,0.816,0.201,1.0,1.0,1.0,1.0,1.0,2,UCI_CKD_HCV_Synthetic_Doc
albumin,88888.0,g/dL,Invalid,0.945,0.105,1.0,1.0,1.0,1.0,1.0,2,UCI_CKD_HCV_Synthetic_Doc
hemoglobin,12.27,g/dL,Invalid,0.255,0.46,1.0,0.0,1.0,1.0,1.0,2,UCI_CKD_HCV_Synthetic_Doc
albumin,-2.5,g/dL,Invalid,0.786,0.128,1.0,1.0,1.0,1.0,1.0,2,UCI_CKD_HCV_Synthetic_Doc
rbc,4.48,millions/uL,Invalid,0.133,0.43,1.0,0.0,1.0,1.0,1.0,2,UCI_CKD_HCV_Synthetic_Doc
alt,22.9,U/L,Invalid,0.19,0.363,1.0,0.0,1.0,1.0,1.0,2,UCI_CKD_HCV_Synthetic_Doc
bilirubin,0.77,mg/dL,Invalid,0.963,0.212,1.0,1.0,1.0,1.0,1.0,2,UCI_CKD_HCV_Synthetic_Doc
urea,-2.5,mg/dL,Invalid,0.765,0.195,1.0,1.0,1.0,1.0,1.0,2,UCI_CKD_HCV_Synthetic_Doc
hemoglobin,12.25,g/dL,Invalid,0.746,0.432,1.0,1.0,1.0,1.0,1.0,2,UCI_CKD_HCV_Synthetic_Doc
wbc,88888.0,/uL,Invalid,0.741,0.432,1.0,1.0,1.0,1.0,1.0,2,UCI_CKD_HCV_Synthetic_Doc
urea,9999.0,mg/dL,Invalid,0.741,0.288,1.0,1.0,1.0,1.0,1.0,2,UCI_CKD_HCV_Synthetic_Doc
creatinine,1.63,mg/dL,Invalid,0.084,0.393,0.0,0.0,1.0,1.0,1.0,2,UCI_CKD_HCV_Synthetic_Doc
bilirubin,0.35,mg/dL,Invalid,0.749,0.424,1.0,0.0,1.0,0.0,1.0,2,UCI_CKD_HCV_Synthetic_Doc
alt,-15.0,U/L,Invalid,0.911,0.383,1.0,1.0,1.0,1.0,1.0,2,UCI_CKD_HCV_Synthetic_Doc
potassium,3.72,mmol/L,Invalid,0.069,0.294,0.0,0.0,1.0,1.0,1.0,2,UCI_CKD_HCV_Synthetic_Doc
bilirubin,1.29,mg/dL,Invalid,0.321,0.41,0.0,0.0,1.0,1.0,1.0,2,UCI_CKD_HCV_Synthetic_Doc
creatinine,0.71,mg/dL,Invalid,0.307,0.288,0.0,0.0,1.0,1.0,1.0,2,UCI_CKD_HCV_Synthetic_Doc
sodium,133.51,mmol/L,Invalid,0.179,0.102,0.0,0.0,1.0,1.0,1.0,2,UCI_CKD_HCV_Synthetic_Doc
hemoglobin,12.89,g/dL,Invalid,0.184,0.293,0.0,0.0,1.0,1.0,1.0,2,UCI_CKD_HCV_Synthetic_Doc
glucose,88888.0,mg/dL,Invalid,0.951,0.186,1.0,1.0,1.0,1.0,1.0,2,UCI_CKD_HCV_Synthetic_Doc
potassium,4.68,mmol/L,Invalid,0.402,0.232,0.0,0.0,1.0,1.0,1.0,2,UCI_CKD_HCV_Synthetic_Doc
wbc,-1.0,/uL,Invalid,0.727,0.236,1.0,1.0,1.0,1.0,1.0,2,UCI_CKD_HCV_Synthetic_Doc
potassium,3.69,mmol/L,Invalid,0.455,0.126,0.0,0.0,1.0,1.0,1.0,2,UCI_CKD_HCV_Synthetic_Doc
albumin,4.38,g/dL,Invalid,0.8,0.225,1.0,1.0,1.0,1.0,1.0,2,UCI_CKD_HCV_Synthetic_Doc
glucose,48.42,mg/dL,Invalid,0.433,0.325,0.0,0.0,1.0,1.0,1.0,2,UCI_CKD_HCV_Synthetic_Doc
alt,14.77,U/L,Invalid,0.401,0.332,1.0,0.0,1.0,1.0,1.0,2,UCI_CKD_HCV_Synthetic_Doc
sodium,140.55,mmol/L,Invalid,0.096,0.467,1.0,0.0,1.0,1.0,1.0,2,UCI_CKD_HCV_Synthetic_Doc
alt,25.69,U/L,Invalid,0.859,0.117,1.0,0.0,1.0,0.0,1.0,2,UCI_CKD_HCV_Synthetic_Doc
ast,35.58,U/L,Invalid,0.223,0.115,0.0,0.0,1.0,1.0,1.0,2,UCI_CKD_HCV_Synthetic_Doc
potassium,-2.5,mmol/L,Invalid,0.889,0.329,1.0,1.0,1.0,1.0,1.0,2,UCI_CKD_HCV_Synthetic_Doc
urea,24.11,mg/dL,Invalid,0.391,0.344,0.0,0.0,1.0,1.0,1.0,2,UCI_CKD_HCV_Synthetic_Doc
wbc,6059.09,/uL,Invalid,0.458,0.336,0.0,0.0,1.0,1.0,1.0,2,UCI_CKD_HCV_Synthetic_Doc
creatinine,1.16,mg/dL,Invalid,0.087,0.467,1.0,0.0,1.0,1.0,1.0,2,UCI_CKD_HCV_Synthetic_Doc
glucose,99.05,mg/dL,Invalid,0.874,0.126,1.0,1.0,1.0,1.0,1.0,2,UCI_CKD_HCV_Synthetic_Doc
creatinine,1.65,mg/dL,Invalid,0.156,0.408,1.0,0.0,1.0,1.0,1.0,2,UCI_CKD_HCV_Synthetic_Doc
glucose,91.91,mg/dL,Invalid,0.141,0.305,1.0,0.0,1.0,1.0,1.0,2,UCI_CKD_HCV_Synthetic_Doc
glucose,74.85,mg/dL,Invalid,0.905,0.191,1.0,0.0,1.0,0.0,1.0,2,UCI_CKD_HCV_Synthetic_Doc
potassium,4.47,mmol/L,Invalid,0.278,0.288,0.0,0.0,1.0,1.0,1.0,2,UCI_CKD_HCV_Synthetic_Doc
sodium,-15.0,mmol/L,Invalid,0.924,0.151,1.0,1.0,1.0,1.0,1.0,2,UCI_CKD_HCV_Synthetic_Doc
sodium,141.45,mmol/L,Invalid,0.833,0.261,1.0,1.0,1.0,1.0,1.0,2,UCI_CKD_HCV_Synthetic_Doc
bilirubin,1.14,mg/dL,Invalid,0.052,0.19,0.0,0.0,1.0,1.0,1.0,2,UCI_CKD_HCV_Synthetic_Doc
rbc,-2.5,millions/uL,Invalid,0.703,0.38,1.0,1.0,1.0,1.0,1.0,2,UCI_CKD_HCV_Synthetic_Doc
hemoglobin,-15.0,g/dL,Invalid,0.862,0.46,1.0,1.0,1.0,1.0,1.0,2,UCI_CKD_HCV_Synthetic_Doc
glucose,86.51,mg/dL,Invalid,0.236,0.133,1.0,0.0,1.0,1.0,1.0,2,UCI_CKD_HCV_Synthetic_Doc
alt,36.53,U/L,Invalid,0.051,0.154,1.0,0.0,1.0,1.0,1.0,2,UCI_CKD_HCV_Synthetic_Doc
sodium,141.87,mmol/L,Invalid,0.773,0.237,1.0,0.0,1.0,0.0,1.0,2,UCI_CKD_HCV_Synthetic_Doc
sodium,137.95,mmol/L,Invalid,0.419,0.224,1.0,0.0,1.0,1.0,1.0,2,UCI_CKD_HCV_Synthetic_Doc
potassium,4.77,mmol/L,Invalid,0.836,0.304,1.0,1.0,1.0,1.0,1.0,2,UCI_CKD_HCV_Synthetic_Doc
wbc,7869.72,/uL,Invalid,0.902,0.136,1.0,1.0,1.0,1.0,1.0,2,UCI_CKD_HCV_Synthetic_Doc
ast,88888.0,U/L,Invalid,0.789,0.466,1.0,1.0,1.0,1.0,1.0,2,UCI_CKD_HCV_Synthetic_Doc
potassium,4.62,mmol/L,Invalid,0.428,0.203,1.0,0.0,1.0,1.0,1.0,2,UCI_CKD_HCV_Synthetic_Doc
bilirubin,0.86,mg/dL,Invalid,0.08,0.346,1.0,0.0,1.0,1.0,1.0,2,UCI_CKD_HCV_Synthetic_Doc
hemoglobin,9999.0,g/dL,Invalid,0.896,0.24,1.0,1.0,1.0,1.0,1.0,2,UCI_CKD_HCV_Synthetic_Doc
glucose,66.9,mg/dL,Invalid,0.715,0.223,1.0,0.0,1.0,0.0,1.0,2,UCI_CKD_HCV_Synthetic_Doc
potassium,4.25,mmol/L,Invalid,0.978,0.364,1.0,0.0,1.0,0.0,1.0,2,UCI_CKD_HCV_Synthetic_Doc
wbc,8479.82,/uL,Invalid,0.42,0.274,1.0,0.0,1.0,1.0,1.0,2,UCI_CKD_HCV_Synthetic_Doc
potassium,4.03,mmol/L,Invalid,0.068,0.374,0.0,0.0,1.0,1.0,1.0,2,UCI_CKD_HCV_Synthetic_Doc
hemoglobin,-15.0,g/dL,Invalid,0.726,0.158,1.0,1.0,1.0,1.0,1.0,2,UCI_CKD_HCV_Synthetic_Doc
albumin,3.63,g/dL,Invalid,0.704,0.174,1.0,0.0,1.0,0.0,1.0,2,UCI_CKD_HCV_Synthetic_Doc
potassium,4.59,mmol/L,Invalid,0.466,0.431,1.0,0.0,1.0,1.0,1.0,2,UCI_CKD_HCV_Synthetic_Doc
bilirubin,88888.0,mg/dL,Invalid,0.837,0.378,1.0,1.0,1.0,1.0,1.0,2,UCI_CKD_HCV_Synthetic_Doc
ast,88888.0,U/L,Invalid,0.818,0.235,1.0,1.0,1.0,1.0,1.0,2,UCI_CKD_HCV_Synthetic_Doc
bilirubin,0.97,mg/dL,Invalid,0.158,0.142,0.0,0.0,1.0,1.0,1.0,2,UCI_CKD_HCV_Synthetic_Doc
rbc,4.87,millions/uL,Invalid,0.442,0.204,0.0,0.0,1.0,1.0,1.0,2,UCI_CKD_HCV_Synthetic_Doc
glucose,42.51,mg/dL,Invalid,0.849,0.217,1.0,1.0,1.0,1.0,1.0,2,UCI_CKD_HCV_Synthetic_Doc
hemoglobin,12.2,g/dL,Invalid,0.792,0.488,1.0,0.0,1.0,0.0,1.0,2,UCI_CKD_HCV_Synthetic_Doc
bilirubin,-1.0,mg/dL,Invalid,0.953,0.272,1.0,1.0,1.0,1.0,1.0,2,UCI_CKD_HCV_Synthetic_Doc
urea,60.77,mg/dL,Invalid,0.711,0.41,1.0,0.0,1.0,0.0,1.0,2,UCI_CKD_HCV_Synthetic_Doc
glucose,77.65,mg/dL,Invalid,0.703,0.33,1.0,0.0,1.0,0.0,1.0,2,UCI_CKD_HCV_Synthetic_Doc
glucose,110.48,mg/dL,Invalid,0.366,0.095,1.0,0.0,1.0,1.0,1.0,2,UCI_CKD_HCV_Synthetic_Doc
glucose,85.61,mg/dL,Invalid,0.884,0.214,1.0,0.0,1.0,0.0,1.0,2,UCI_CKD_HCV_Synthetic_Doc
wbc,5047.91,/uL,Invalid,0.962,0.257,1.0,1.0,1.0,1.0,1.0,2,UCI_CKD_HCV_Synthetic_Doc
alt,21.56,U/L,Invalid,0.328,0.065,1.0,0.0,1.0,1.0,1.0,2,UCI_CKD_HCV_Synthetic_Doc
wbc,6813.33,/uL,Invalid,0.384,0.432,0.0,0.0,1.0,1.0,1.0,2,UCI_CKD_HCV_Synthetic_Doc
bilirubin,1.14,mg/dL,Invalid,0.858,0.365,1.0,0.0,1.0,0.0,1.0,2,UCI_CKD_HCV_Synthetic_Doc
hemoglobin,14.76,g/dL,Invalid,0.38,0.485,0.0,0.0,1.0,1.0,1.0,2,UCI_CKD_HCV_Synthetic_Doc
albumin,4.05,g/dL,Invalid,0.059,0.338,1.0,0.0,1.0,1.0,1.0,2,UCI_CKD_HCV_Synthetic_Doc
urea,88888.0,mg/dL,Invalid,0.907,0.109,1.0,1.0,1.0,1.0,1.0,2,UCI_CKD_HCV_Synthetic_Doc
urea,24.28,mg/dL,Invalid,0.964,0.221,1.0,0.0,1.0,0.0,1.0,2,UCI_CKD_HCV_Synthetic_Doc
urea,43.11,mg/dL,Invalid,0.201,0.294,0.0,0.0,1.0,1.0,1.0,2,UCI_CKD_HCV_Synthetic_Doc
creatinine,1.07,mg/dL,Invalid,0.229,0.344,0.0,0.0,1.0,1.0,1.0,2,UCI_CKD_HCV_Synthetic_Doc
creatinine,1.14,mg/dL,Invalid,0.47,0.326,1.0,0.0,1.0,1.0,1.0,2,UCI_CKD_HCV_Synthetic_Doc
glucose,-2.5,mg/dL,Invalid,0.888,0.322,1.0,1.0,1.0,1.0,1.0,2,UCI_CKD_HCV_Synthetic_Doc
bilirubin,0.88,mg/dL,Invalid,0.87,0.35,1.0,0.0,1.0,0.0,1.0,2,UCI_CKD_HCV_Synthetic_Doc
rbc,4.41,millions/uL,Invalid,0.164,0.409,1.0,0.0,1.0,1.0,1.0,2,UCI_CKD_HCV_Synthetic_Doc
wbc,8913.01,/uL,Invalid,0.311,0.252,0.0,0.0,1.0,1.0,1.0,2,UCI_CKD_HCV_Synthetic_Doc
ast,27.73,U/L,Invalid,0.917,0.457,1.0,1.0,1.0,1.0,1.0,2,UCI_CKD_HCV_Synthetic_Doc
sodium,138.72,mmol/L,Invalid,0.334,0.377,0.0,0.0,1.0,1.0,1.0,2,UCI_CKD_HCV_Synthetic_Doc
alt,21.55,U/L,Invalid,0.337,0.269,0.0,0.0,1.0,1.0,1.0,2,UCI_CKD_HCV_Synthetic_Doc
bilirubin,0.75,mg/dL,Invalid,0.816,0.457,1.0,0.0,1.0,0.0,1.0,2,UCI_CKD_HCV_Synthetic_Doc
potassium,3.87,mmol/L,Invalid,0.324,0.104,0.0,0.0,1.0,1.0,1.0,2,UCI_CKD_HCV_Synthetic_Doc
potassium,3.76,mmol/L,Invalid,0.843,0.173,1.0,0.0,1.0,0.0,1.0,2,UCI_CKD_HCV_Synthetic_Doc
wbc,7999.11,/uL,Invalid,0.841,0.108,1.0,1.0,1.0,1.0,1.0,2,UCI_CKD_HCV_Synthetic_Doc
sodium,144.16,mmol/L,Invalid,0.464,0.2,1.0,0.0,1.0,1.0,1.0,2,UCI_CKD_HCV_Synthetic_Doc
ast,-15.0,U/L,Invalid,0.952,0.483,1.0,1.0,1.0,1.0,1.0,2,UCI_CKD_HCV_Synthetic_Doc
albumin,4.17,g/dL,Invalid,0.167,0.207,0.0,0.0,1.0,1.0,1.0,2,UCI_CKD_HCV_Synthetic_Doc
creatinine,0.89,mg/dL,Invalid,0.903,0.271,1.0,0.0,1.0,0.0,1.0,2,UCI_CKD_HCV_Synthetic_Doc
albumin,3.67,g/dL,Invalid,0.114,0.089,1.0,0.0,1.0,1.0,1.0,2,UCI_CKD_HCV_Synthetic_Doc
rbc,5.17,millions/uL,Invalid,0.869,0.21,1.0,0.0,1.0,0.0,1.0,2,UCI_CKD_HCV_Synthetic_Doc
glucose,73.01,mg/dL,Invalid,0.946,0.103,1.0,1.0,1.0,1.0,1.0,2,UCI_CKD_HCV_Synthetic_Doc
potassium,3.79,mmol/L,Invalid,0.823,0.233,1.0,1.0,1.0,1.0,1.0,2,UCI_CKD_HCV_Synthetic_Doc
ast,3.99,U/L,Invalid,0.712,0.385,1.0,0.0,1.0,0.0,1.0,2,UCI_CKD_HCV_Synthetic_Doc
sodium,-15.0,mmol/L,Invalid,0.797,0.359,1.0,1.0,1.0,1.0,1.0,2,UCI_CKD_HCV_Synthetic_Doc
hemoglobin,15.22,g/dL,Invalid,0.965,0.215,1.0,1.0,1.0,1.0,1.0,2,UCI_CKD_HCV_Synthetic_Doc
rbc,5.6,millions/uL,Invalid,0.178,0.387,0.0,0.0,1.0,1.0,1.0,2,UCI_CKD_HCV_Synthetic_Doc
bilirubin,0.85,mg/dL,Invalid,0.737,0.359,1.0,1.0,1.0,1.0,1.0,2,UCI_CKD_HCV_Synthetic_Doc
wbc,-1.0,/uL,Invalid,0.892,0.436,1.0,1.0,1.0,1.0,1.0,2,UCI_CKD_HCV_Synthetic_Doc
sodium,9999.0,mmol/L,Invalid,0.773,0.399,1.0,1.0,1.0,1.0,1.0,2,UCI_CKD_HCV_Synthetic_Doc
hemoglobin,16.31,g/dL,Invalid,0.249,0.296,0.0,0.0,1.0,1.0,1.0,2,UCI_CKD_HCV_Synthetic_Doc
urea,52.79,mg/dL,Invalid,0.843,0.432,1.0,0.0,1.0,0.0,1.0,2,UCI_CKD_HCV_Synthetic_Doc
rbc,5.14,millions/uL,Invalid,0.965,0.471,1.0,0.0,1.0,0.0,1.0,2,UCI_CKD_HCV_Synthetic_Doc
sodium,145.22,mmol/L,Invalid,0.224,0.476,0.0,0.0,1.0,1.0,1.0,2,UCI_CKD_HCV_Synthetic_Doc
wbc,8838.39,/uL,Invalid,0.446,0.373,1.0,0.0,1.0,1.0,1.0,2,UCI_CKD_HCV_Synthetic_Doc
potassium,4.96,mmol/L,Invalid,0.904,0.195,1.0,1.0,1.0,1.0,1.0,2,UCI_CKD_HCV_Synthetic_Doc
creatinine,-2.5,mg/dL,Invalid,0.862,0.459,1.0,1.0,1.0,1.0,1.0,2,UCI_CKD_HCV_Synthetic_Doc
potassium,3.66,mmol/L,Invalid,0.947,0.174,1.0,1.0,1.0,1.0,1.0,2,UCI_CKD_HCV_Synthetic_Doc
rbc,4.68,millions/uL,Invalid,0.185,0.214,1.0,0.0,1.0,1.0,1.0,2,UCI_CKD_HCV_Synthetic_Doc
ast,15.8,U/L,Invalid,0.822,0.333,1.0,0.0,1.0,0.0,1.0,2,UCI_CKD_HCV_Synthetic_Doc
urea,49.56,mg/dL,Invalid,0.977,0.222,1.0,0.0,1.0,0.0,1.0,2,UCI_CKD_HCV_Synthetic_Doc
ast,33.3,U/L,Invalid,0.43,0.467,1.0,0.0,1.0,1.0,1.0,2,UCI_CKD_HCV_Synthetic_Doc
bilirubin,0.62,mg/dL,Invalid,0.937,0.121,1.0,1.0,1.0,1.0,1.0,2,UCI_CKD_HCV_Synthetic_Doc
potassium,4.7,mmol/L,Invalid,0.39,0.216,0.0,0.0,1.0,1.0,1.0,2,UCI_CKD_HCV_Synthetic_Doc
ast,9999.0,U/L,Invalid,0.959,0.134,1.0,1.0,1.0,1.0,1.0,2,UCI_CKD_HCV_Synthetic_Doc
wbc,7877.26,/uL,Invalid,0.964,0.201,1.0,0.0,1.0,0.0,1.0,2,UCI_CKD_HCV_Synthetic_Doc
hemoglobin,16.72,g/dL,Invalid,0.865,0.332,1.0,1.0,1.0,1.0,1.0,2,UCI_CKD_HCV_Synthetic_Doc
wbc,5850.73,/uL,Invalid,0.106,0.464,1.0,0.0,1.0,1.0,1.0,2,UCI_CKD_HCV_Synthetic_Doc
creatinine,0.16,mg/dL,Invalid,0.728,0.451,1.0,1.0,1.0,1.0,1.0,2,UCI_CKD_HCV_Synthetic_Doc
ast,39.79,U/L,Invalid,0.912,0.263,1.0,0.0,1.0,0.0,1.0,2,UCI_CKD_HCV_Synthetic_Doc
urea,61.03,mg/dL,Invalid,0.275,0.208,0.0,0.0,1.0,1.0,1.0,2,UCI_CKD_HCV_Synthetic_Doc
hemoglobin,10.96,g/dL,Invalid,0.111,0.289,1.0,0.0,1.0,1.0,1.0,2,UCI_CKD_HCV_Synthetic_Doc
sodium,-1.0,mmol/L,Invalid,0.737,0.463,1.0,1.0,1.0,1.0,1.0,2,UCI_CKD_HCV_Synthetic_Doc
albumin,4.43,g/dL,Invalid,0.98,0.184,1.0,1.0,1.0,1.0,1.0,2,UCI_CKD_HCV_Synthetic_Doc
rbc,4.58,millions/uL,Invalid,0.475,0.259,0.0,0.0,1.0,1.0,1.0,2,UCI_CKD_HCV_Synthetic_Doc
rbc,5.02,millions/uL,Invalid,0.298,0.317,0.0,0.0,1.0,1.0,1.0,2,UCI_CKD_HCV_Synthetic_Doc
hemoglobin,15.83,g/dL,Invalid,0.861,0.197,1.0,0.0,1.0,0.0,1.0,2,UCI_CKD_HCV_Synthetic_Doc
hemoglobin,15.4,g/dL,Invalid,0.109,0.412,0.0,0.0,1.0,1.0,1.0,2,UCI_CKD_HCV_Synthetic_Doc
sodium,143.46,mmol/L,Invalid,0.098,0.247,1.0,0.0,1.0,1.0,1.0,2,UCI_CKD_HCV_Synthetic_Doc
alt,-15.0,U/L,Invalid,0.837,0.143,1.0,1.0,1.0,1.0,1.0,2,UCI_CKD_HCV_Synthetic_Doc
wbc,7577.71,/uL,Invalid,0.801,0.463,1.0,0.0,1.0,0.0,1.0,2,UCI_CKD_HCV_Synthetic_Doc
hemoglobin,15.92,g/dL,Invalid,0.223,0.355,1.0,0.0,1.0,1.0,1.0,2,UCI_CKD_HCV_Synthetic_Doc
urea,22.74,mg/dL,Invalid,0.731,0.395,1.0,1.0,1.0,1.0,1.0,2,UCI_CKD_HCV_Synthetic_Doc
bilirubin,-2.5,mg/dL,Invalid,0.954,0.188,1.0,1.0,1.0,1.0,1.0,2,UCI_CKD_HCV_Synthetic_Doc
urea,24.48,mg/dL,Invalid,0.244,0.094,1.0,0.0,1.0,1.0,1.0,2,UCI_CKD_HCV_Synthetic_Doc
potassium,3.1,mmol/L,Invalid,0.286,0.46,1.0,0.0,1.0,1.0,1.0,2,UCI_CKD_HCV_Synthetic_Doc
bilirubin,-15.0,mg/dL,Invalid,0.858,0.365,1.0,1.0,1.0,1.0,1.0,2,UCI_CKD_HCV_Synthetic_Doc
urea,2.0,mg/dL,Invalid,0.103,0.232,0.0,0.0,1.0,1.0,1.0,2,UCI_CKD_HCV_Synthetic_Doc
ast,26.52,U/L,Invalid,0.305,0.131,1.0,0.0,1.0,1.0,1.0,2,UCI_CKD_HCV_Synthetic_Doc
alt,46.35,U/L,Invalid,0.953,0.114,1.0,1.0,1.0,1.0,1.0,2,UCI_CKD_HCV_Synthetic_Doc
potassium,9999.0,mmol/L,Invalid,0.731,0.323,1.0,1.0,1.0,1.0,1.0,2,UCI_CKD_HCV_Synthetic_Doc
potassium,4.9,mmol/L,Invalid,0.387,0.117,0.0,0.0,1.0,1.0,1.0,2,UCI_CKD_HCV_Synthetic_Doc
bilirubin,1.16,mg/dL,Invalid,0.256,0.225,0.0,0.0,1.0,1.0,1.0,2,UCI_CKD_HCV_Synthetic_Doc
alt,15.35,U/L,Invalid,0.161,0.447,1.0,0.0,1.0,1.0,1.0,2,UCI_CKD_HCV_Synthetic_Doc
bilirubin,-1.0,mg/dL,Invalid,0.95,0.414,1.0,1.0,1.0,1.0,1.0,2,UCI_CKD_HCV_Synthetic_Doc
sodium,139.93,mmol/L,Invalid,0.144,0.241,0.0,0.0,1.0,1.0,1.0,2,UCI_CKD_HCV_Synthetic_Doc
albumin,4.32,g/dL,Invalid,0.929,0.214,1.0,1.0,1.0,1.0,1.0,2,UCI_CKD_HCV_Synthetic_Doc
sodium,140.84,mmol/L,Invalid,0.169,0.25,1.0,0.0,1.0,1.0,1.0,2,UCI_CKD_HCV_Synthetic_Doc
rbc,5.59,millions/uL,Invalid,0.741,0.13,1.0,1.0,1.0,1.0,1.0,2,UCI_CKD_HCV_Synthetic_Doc
ast,9999.0,U/L,Invalid,0.948,0.148,1.0,1.0,1.0,1.0,1.0,2,UCI_CKD_HCV_Synthetic_Doc
potassium,4.58,mmol/L,Invalid,0.928,0.106,1.0,1.0,1.0,1.0,1.0,2,UCI_CKD_HCV_Synthetic_Doc
potassium,3.83,mmol/L,Invalid,0.87,0.447,1.0,0.0,1.0,0.0,1.0,2,UCI_CKD_HCV_Synthetic_Doc
creatinine,1.06,mg/dL,Invalid,0.807,0.417,1.0,1.0,1.0,1.0,1.0,2,UCI_CKD_HCV_Synthetic_Doc
alt,39.56,U/L,Invalid,0.297,0.408,1.0,0.0,1.0,1.0,1.0,2,UCI_CKD_HCV_Synthetic_Doc
glucose,108.32,mg/dL,Invalid,0.74,0.231,1.0,0.0,1.0,0.0,1.0,2,UCI_CKD_HCV_Synthetic_Doc
creatinine,-15.0,mg/dL,Invalid,0.722,0.308,1.0,1.0,1.0,1.0,1.0,2,UCI_CKD_HCV_Synthetic_Doc
urea,14.52,mg/dL,Invalid,0.779,0.392,1.0,1.0,1.0,1.0,1.0,2,UCI_CKD_HCV_Synthetic_Doc
wbc,-2.5,/uL,Invalid,0.778,0.274,1.0,1.0,1.0,1.0,1.0,2,UCI_CKD_HCV_Synthetic_Doc
alt,19.21,U/L,Invalid,0.069,0.122,1.0,0.0,1.0,1.0,1.0,2,UCI_CKD_HCV_Synthetic_Doc
glucose,56.86,mg/dL,Invalid,0.334,0.193,1.0,0.0,1.0,1.0,1.0,2,UCI_CKD_HCV_Synthetic_Doc
rbc,6.28,millions/uL,Invalid,0.308,0.418,1.0,0.0,1.0,1.0,1.0,2,UCI_CKD_HCV_Synthetic_Doc
creatinine,0.68,mg/dL,Invalid,0.083,0.349,1.0,0.0,1.0,1.0,1.0,2,UCI_CKD_HCV_Synthetic_Doc
alt,45.13,U/L,Invalid,0.377,0.076,1.0,0.0,1.0,1.0,1.0,2,UCI_CKD_HCV_Synthetic_Doc
hemoglobin,13.99,g/dL,Invalid,0.839,0.151,1.0,1.0,1.0,1.0,1.0,2,UCI_CKD_HCV_Synthetic_Doc
alt,40.3,U/L,Invalid,0.355,0.275,0.0,0.0,1.0,1.0,1.0,2,UCI_CKD_HCV_Synthetic_Doc
urea,50.22,mg/dL,Invalid,0.238,0.182,1.0,0.0,1.0,1.0,1.0,2,UCI_CKD_HCV_Synthetic_Doc
glucose,117.73,mg/dL,Invalid,0.052,0.068,1.0,0.0,1.0,1.0,1.0,2,UCI_CKD_HCV_Synthetic_Doc
albumin,-15.0,g/dL,Invalid,0.842,0.184,1.0,1.0,1.0,1.0,1.0,2,UCI_CKD_HCV_Synthetic_Doc
urea,31.6,mg/dL,Invalid,0.731,0.371,1.0,1.0,1.0,1.0,1.0,2,UCI_CKD_HCV_Synthetic_Doc
wbc,5949.19,/uL,Invalid,0.95,0.376,1.0,0.0,1.0,0.0,1.0,2,UCI_CKD_HCV_Synthetic_Doc
rbc,-2.5,millions/uL,Invalid,0.767,0.411,1.0,1.0,1.0,1.0,1.0,2,UCI_CKD_HCV_Synthetic_Doc
glucose,85.72,mg/dL,Invalid,0.973,0.219,1.0,1.0,1.0,1.0,1.0,2,UCI_CKD_HCV_Synthetic_Doc
rbc,4.15,millions/uL,Invalid,0.424,0.299,1.0,0.0,1.0,1.0,1.0,2,UCI_CKD_HCV_Synthetic_Doc
rbc,-2.5,millions/uL,Invalid,0.979,0.286,1.0,1.0,1.0,1.0,1.0,2,UCI_CKD_HCV_Synthetic_Doc
creatinine,-1.0,mg/dL,Invalid,0.979,0.208,1.0,1.0,1.0,1.0,1.0,2,UCI_CKD_HCV_Synthetic_Doc
glucose,82.86,mg/dL,Invalid,0.762,0.322,1.0,0.0,1.0,0.0,1.0,2,UCI_CKD_HCV_Synthetic_Doc
hemoglobin,12.23,g/dL,Invalid,0.302,0.441,1.0,0.0,1.0,1.0,1.0,2,UCI_CKD_HCV_Synthetic_Doc
albumin,4.04,g/dL,Invalid,0.427,0.195,0.0,0.0,1.0,1.0,1.0,2,UCI_CKD_HCV_Synthetic_Doc
albumin,4.33,g/dL,Invalid,0.98,0.28,1.0,1.0,1.0,1.0,1.0,2,UCI_CKD_HCV_Synthetic_Doc
potassium,4.37,mmol/L,Invalid,0.727,0.202,1.0,1.0,1.0,1.0,1.0,2,UCI_CKD_HCV_Synthetic_Doc
potassium,9999.0,mmol/L,Invalid,0.953,0.362,1.0,1.0,1.0,1.0,1.0,2,UCI_CKD_HCV_Synthetic_Doc
glucose,88888.0,mg/dL,Invalid,0.922,0.307,1.0,1.0,1.0,1.0,1.0,2,UCI_CKD_HCV_Synthetic_Doc
bilirubin,-1.0,mg/dL,Invalid,0.864,0.106,1.0,1.0,1.0,1.0,1.0,2,UCI_CKD_HCV_Synthetic_Doc
bilirubin,1.23,mg/dL,Invalid,0.793,0.255,1.0,0.0,1.0,0.0,1.0,2,UCI_CKD_HCV_Synthetic_Doc
bilirubin,1.22,mg/dL,Invalid,0.395,0.233,1.0,0.0,1.0,1.0,1.0,2,UCI_CKD_HCV_Synthetic_Doc
creatinine,0.99,mg/dL,Invalid,0.7,0.166,1.0,1.0,1.0,1.0,1.0,2,UCI_CKD_HCV_Synthetic_Doc
wbc,88888.0,/uL,Invalid,0.824,0.195,1.0,1.0,1.0,1.0,1.0,2,UCI_CKD_HCV_Synthetic_Doc
potassium,3.36,mmol/L,Invalid,0.923,0.125,1.0,1.0,1.0,1.0,1.0,2,UCI_CKD_HCV_Synthetic_Doc
alt,38.43,U/L,Invalid,0.291,0.402,1.0,0.0,1.0,1.0,1.0,2,UCI_CKD_HCV_Synthetic_Doc
wbc,10873.3,/uL,Invalid,0.834,0.404,1.0,0.0,1.0,0.0,1.0,2,UCI_CKD_HCV_Synthetic_Doc
alt,16.72,U/L,Invalid,0.43,0.315,1.0,0.0,1.0,1.0,1.0,2,UCI_CKD_HCV_Synthetic_Doc
urea,6.92,mg/dL,Invalid,0.187,0.126,1.0,0.0,1.0,1.0,1.0,2,UCI_CKD_HCV_Synthetic_Doc
potassium,-2.5,mmol/L,Invalid,0.893,0.434,1.0,1.0,1.0,1.0,1.0,2,UCI_CKD_HCV_Synthetic_Doc
creatinine,0.52,mg/dL,Invalid,0.09,0.262,0.0,0.0,1.0,1.0,1.0,2,UCI_CKD_HCV_Synthetic_Doc
potassium,3.99,mmol/L,Invalid,0.42,0.448,1.0,0.0,1.0,1.0,1.0,2,UCI_CKD_HCV_Synthetic_Doc
albumin,-2.5,g/dL,Invalid,0.891,0.382,1.0,1.0,1.0,1.0,1.0,2,UCI_CKD_HCV_Synthetic_Doc
wbc,5714.45,/uL,Invalid,0.792,0.43,1.0,0.0,1.0,0.0,1.0,2,UCI_CKD_HCV_Synthetic_Doc
potassium,3.73,mmol/L,Invalid,0.109,0.303,1.0,0.0,1.0,1.0,1.0,2,UCI_CKD_HCV_Synthetic_Doc
wbc,10265.53,/uL,Invalid,0.093,0.442,0.0,0.0,1.0,1.0,1.0,2,UCI_CKD_HCV_Synthetic_Doc
creatinine,0.85,mg/dL,Invalid,0.318,0.251,0.0,0.0,1.0,1.0,1.0,2,UCI_CKD_HCV_Synthetic_Doc
wbc,-1.0,/uL,Invalid,0.895,0.275,1.0,1.0,1.0,1.0,1.0,2,UCI_CKD_HCV_Synthetic_Doc
alt,-1.0,U/L,Invalid,0.82,0.323,1.0,1.0,1.0,1.0,1.0,2,UCI_CKD_HCV_Synthetic_Doc
albumin,4.42,g/dL,Invalid,0.965,0.402,1.0,0.0,1.0,0.0,1.0,2,UCI_CKD_HCV_Synthetic_Doc
alt,29.55,U/L,Invalid,0.722,0.355,1.0,0.0,1.0,0.0,1.0,2,UCI_CKD_HCV_Synthetic_Doc
alt,-15.0,U/L,Invalid,0.736,0.306,1.0,1.0,1.0,1.0,1.0,2,UCI_CKD_HCV_Synthetic_Doc
potassium,4.93,mmol/L,Invalid,0.93,0.462,1.0,1.0,1.0,1.0,1.0,2,UCI_CKD_HCV_Synthetic_Doc
potassium,4.26,mmol/L,Invalid,0.757,0.203,1.0,1.0,1.0,1.0,1.0,2,UCI_CKD_HCV_Synthetic_Doc
albumin,4.81,g/dL,Invalid,0.783,0.415,1.0,0.0,1.0,0.0,1.0,2,UCI_CKD_HCV_Synthetic_Doc
ast,13.82,U/L,Invalid,0.805,0.11,1.0,0.0,1.0,0.0,1.0,2,UCI_CKD_HCV_Synthetic_Doc
ast,41.34,U/L,Invalid,0.755,0.181,1.0,0.0,1.0,0.0,1.0,2,UCI_CKD_HCV_Synthetic_Doc
alt,16.71,U/L,Invalid,0.727,0.383,1.0,0.0,1.0,0.0,1.0,2,UCI_CKD_HCV_Synthetic_Doc
hemoglobin,-2.5,g/dL,Invalid,0.903,0.354,1.0,1.0,1.0,1.0,1.0,2,UCI_CKD_HCV_Synthetic_Doc
albumin,3.82,g/dL,Invalid,0.705,0.188,1.0,0.0,1.0,0.0,1.0,2,UCI_CKD_HCV_Synthetic_Doc
ast,19.1,U/L,Invalid,0.709,0.174,1.0,1.0,1.0,1.0,1.0,2,UCI_CKD_HCV_Synthetic_Doc
wbc,6245.91,/uL,Invalid,0.324,0.468,1.0,0.0,1.0,1.0,1.0,2,UCI_CKD_HCV_Synthetic_Doc
ast,25.9,U/L,Invalid,0.885,0.382,1.0,0.0,1.0,0.0,1.0,2,UCI_CKD_HCV_Synthetic_Doc
bilirubin,-15.0,mg/dL,Invalid,0.875,0.113,1.0,1.0,1.0,1.0,1.0,2,UCI_CKD_HCV_Synthetic_Doc
albumin,4.48,g/dL,Invalid,0.823,0.127,1.0,1.0,1.0,1.0,1.0,2,UCI_CKD_HCV_Synthetic_Doc
alt,18.44,U/L,Invalid,0.109,0.195,0.0,0.0,1.0,1.0,1.0,2,UCI_CKD_HCV_Synthetic_Doc
albumin,3.61,g/dL,Invalid,0.908,0.44,1.0,0.0,1.0,0.0,1.0,2,UCI_CKD_HCV_Synthetic_Doc
alt,30.3,U/L,Invalid,0.923,0.482,1.0,1.0,1.0,1.0,1.0,2,UCI_CKD_HCV_Synthetic_Doc
glucose,114.28,mg/dL,Invalid,0.46,0.383,1.0,0.0,1.0,1.0,1.0,2,UCI_CKD_HCV_Synthetic_Doc
hemoglobin,9999.0,g/dL,Invalid,0.819,0.235,1.0,1.0,1.0,1.0,1.0,2,UCI_CKD_HCV_Synthetic_Doc
wbc,6244.92,/uL,Invalid,0.191,0.447,1.0,0.0,1.0,1.0,1.0,2,UCI_CKD_HCV_Synthetic_Doc
wbc,3393.03,/uL,Invalid,0.392,0.181,0.0,0.0,1.0,1.0,1.0,2,UCI_CKD_HCV_Synthetic_Doc
ast,12.75,U/L,Invalid,0.149,0.065,1.0,0.0,1.0,1.0,1.0,2,UCI_CKD_HCV_Synthetic_Doc
creatinine,0.7,mg/dL,Invalid,0.969,0.335,1.0,1.0,1.0,1.0,1.0,2,UCI_CKD_HCV_Synthetic_Doc
urea,28.42,mg/dL,Invalid,0.704,0.111,1.0,1.0,1.0,1.0,1.0,2,UCI_CKD_HCV_Synthetic_Doc
creatinine,-1.0,mg/dL,Invalid,0.959,0.268,1.0,1.0,1.0,1.0,1.0,2,UCI_CKD_HCV_Synthetic_Doc
albumin,3.87,g/dL,Invalid,0.935,0.405,1.0,0.0,1.0,0.0,1.0,2,UCI_CKD_HCV_Synthetic_Doc
potassium,3.66,mmol/L,Invalid,0.765,0.313,1.0,1.0,1.0,1.0,1.0,2,UCI_CKD_HCV_Synthetic_Doc
hemoglobin,10.07,g/dL,Invalid,0.199,0.129,0.0,0.0,1.0,1.0,1.0,2,UCI_CKD_HCV_Synthetic_Doc
bilirubin,9999.0,mg/dL,Invalid,0.81,0.366,1.0,1.0,1.0,1.0,1.0,2,UCI_CKD_HCV_Synthetic_Doc
albumin,-2.5,g/dL,Invalid,0.822,0.314,1.0,1.0,1.0,1.0,1.0,2,UCI_CKD_HCV_Synthetic_Doc
glucose,81.23,mg/dL,Invalid,0.93,0.349,1.0,0.0,1.0,0.0,1.0,2,UCI_CKD_HCV_Synthetic_Doc
sodium,133.29,mmol/L,Invalid,0.184,0.33,0.0,0.0,1.0,1.0,1.0,2,UCI_CKD_HCV_Synthetic_Doc
bilirubin,0.95,mg/dL,Invalid,0.342,0.214,0.0,0.0,1.0,1.0,1.0,2,UCI_CKD_HCV_Synthetic_Doc
bilirubin,-1.0,mg/dL,Invalid,0.961,0.44,1.0,1.0,1.0,1.0,1.0,2,UCI_CKD_HCV_Synthetic_Doc
glucose,69.37,mg/dL,Invalid,0.317,0.274,1.0,0.0,1.0,1.0,1.0,2,UCI_CKD_HCV_Synthetic_Doc
bilirubin,-15.0,mg/dL,Invalid,0.793,0.364,1.0,1.0,1.0,1.0,1.0,2,UCI_CKD_HCV_Synthetic_Doc
sodium,138.9,mmol/L,Invalid,0.806,0.231,1.0,1.0,1.0,1.0,1.0,2,UCI_CKD_HCV_Synthetic_Doc
bilirubin,0.83,mg/dL,Invalid,0.47,0.098,1.0,0.0,1.0,1.0,1.0,2,UCI_CKD_HCV_Synthetic_Doc
ast,-1.0,U/L,Invalid,0.793,0.478,1.0,1.0,1.0,1.0,1.0,2,UCI_CKD_HCV_Synthetic_Doc
bilirubin,1.14,mg/dL,Invalid,0.393,0.306,1.0,0.0,1.0,1.0,1.0,2,UCI_CKD_HCV_Synthetic_Doc
ast,37.48,U/L,Invalid,0.472,0.227,1.0,0.0,1.0,1.0,1.0,2,UCI_CKD_HCV_Synthetic_Doc
potassium,4.29,mmol/L,Invalid,0.802,0.115,1.0,0.0,1.0,0.0,1.0,2,UCI_CKD_HCV_Synthetic_Doc
urea,-2.5,mg/dL,Invalid,0.935,0.46,1.0,1.0,1.0,1.0,1.0,2,UCI_CKD_HCV_Synthetic_Doc
hemoglobin,14.38,g/dL,Invalid,0.76,0.352,1.0,0.0,1.0,0.0,1.0,2,UCI_CKD_HCV_Synthetic_Doc
glucose,124.43,mg/dL,Invalid,0.142,0.307,1.0,0.0,1.0,1.0,1.0,2,UCI_CKD_HCV_Synthetic_Doc
ast,-1.0,U/L,Invalid,0.977,0.258,1.0,1.0,1.0,1.0,1.0,2,UCI_CKD_HCV_Synthetic_Doc
potassium,3.44,mmol/L,Invalid,0.837,0.448,1.0,1.0,1.0,1.0,1.0,2,UCI_CKD_HCV_Synthetic_Doc
urea,26.54,mg/dL,Invalid,0.796,0.33,1.0,0.0,1.0,0.0,1.0,2,UCI_CKD_HCV_Synthetic_Doc
wbc,5906.03,/uL,Invalid,0.462,0.124,1.0,0.0,1.0,1.0,1.0,2,UCI_CKD_HCV_Synthetic_Doc
alt,43.69,U/L,Invalid,0.892,0.222,1.0,1.0,1.0,1.0,1.0,2,UCI_CKD_HCV_Synthetic_Doc
alt,36.91,U/L,Invalid,0.954,0.28,1.0,0.0,1.0,0.0,1.0,2,UCI_CKD_HCV_Synthetic_Doc
urea,-1.0,mg/dL,Invalid,0.714,0.373,1.0,1.0,1.0,1.0,1.0,2,UCI_CKD_HCV_Synthetic_Doc
creatinine,0.89,mg/dL,Invalid,0.127,0.346,1.0,0.0,1.0,1.0,1.0,2,UCI_CKD_HCV_Synthetic_Doc
creatinine,0.81,mg/dL,Invalid,0.796,0.226,1.0,1.0,1.0,1.0,1.0,2,UCI_CKD_HCV_Synthetic_Doc
creatinine,1.16,mg/dL,Invalid,0.734,0.354,1.0,0.0,1.0,0.0,1.0,2,UCI_CKD_HCV_Synthetic_Doc
alt,88888.0,U/L,Invalid,0.81,0.472,1.0,1.0,1.0,1.0,1.0,2,UCI_CKD_HCV_Synthetic_Doc
ast,30.96,U/L,Invalid,0.917,0.281,1.0,1.0,1.0,1.0,1.0,2,UCI_CKD_HCV_Synthetic_Doc
sodium,137.06,mmol/L,Invalid,0.407,0.203,1.0,0.0,1.0,1.0,1.0,2,UCI_CKD_HCV_Synthetic_Doc
bilirubin,0.84,mg/dL,Invalid,0.804,0.255,1.0,0.0,1.0,0.0,1.0,2,UCI_CKD_HCV_Synthetic_Doc
creatinine,-2.5,mg/dL,Invalid,0.726,0.222,1.0,1.0,1.0,1.0,1.0,2,UCI_CKD_HCV_Synthetic_Doc
ast,53.42,U/L,Invalid,0.912,0.18,1.0,1.0,1.0,1.0,1.0,2,UCI_CKD_HCV_Synthetic_Doc
rbc,5.04,millions/uL,Invalid,0.406,0.205,1.0,0.0,1.0,1.0,1.0,2,UCI_CKD_HCV_Synthetic_Doc
bilirubin,-1.0,mg/dL,Invalid,0.849,0.202,1.0,1.0,1.0,1.0,1.0,2,UCI_CKD_HCV_Synthetic_Doc
albumin,-2.5,g/dL,Invalid,0.761,0.173,1.0,1.0,1.0,1.0,1.0,2,UCI_CKD_HCV_Synthetic_Doc
wbc,3753.25,/uL,Invalid,0.166,0.32,0.0,0.0,1.0,1.0,1.0,2,UCI_CKD_HCV_Synthetic_Doc
rbc,5.07,millions/uL,Invalid,0.896,0.313,1.0,1.0,1.0,1.0,1.0,2,UCI_CKD_HCV_Synthetic_Doc
alt,-15.0,U/L,Invalid,0.824,0.203,1.0,1.0,1.0,1.0,1.0,2,UCI_CKD_HCV_Synthetic_Doc
rbc,-1.0,millions/uL,Invalid,0.948,0.174,1.0,1.0,1.0,1.0,1.0,2,UCI_CKD_HCV_Synthetic_Doc
potassium,88888.0,mmol/L,Invalid,0.793,0.472,1.0,1.0,1.0,1.0,1.0,2,UCI_CKD_HCV_Synthetic_Doc
urea,35.78,mg/dL,Invalid,0.102,0.19,0.0,0.0,1.0,1.0,1.0,2,UCI_CKD_HCV_Synthetic_Doc
potassium,4.76,mmol/L,Invalid,0.349,0.183,1.0,0.0,1.0,1.0,1.0,2,UCI_CKD_HCV_Synthetic_Doc
urea,21.4,mg/dL,Invalid,0.251,0.233,1.0,0.0,1.0,1.0,1.0,2,UCI_CKD_HCV_Synthetic_Doc
glucose,117.76,mg/dL,Invalid,0.476,0.397,0.0,0.0,1.0,1.0,1.0,2,UCI_CKD_HCV_Synthetic_Doc
ast,13.74,U/L,Invalid,0.854,0.153,1.0,0.0,1.0,0.0,1.0,2,UCI_CKD_HCV_Synthetic_Doc
hemoglobin,-2.5,g/dL,Invalid,0.89,0.179,1.0,1.0,1.0,1.0,1.0,2,UCI_CKD_HCV_Synthetic_Doc
ast,8.89,U/L,Invalid,0.392,0.217,1.0,0.0,1.0,1.0,1.0,2,UCI_CKD_HCV_Synthetic_Doc
urea,2.0,mg/dL,Invalid,0.759,0.388,1.0,1.0,1.0,1.0,1.0,2,UCI_CKD_HCV_Synthetic_Doc
albumin,4.5,g/dL,Invalid,0.738,0.231,1.0,1.0,1.0,1.0,1.0,2,UCI_CKD_HCV_Synthetic_Doc
albumin,4.48,g/dL,Invalid,0.283,0.379,1.0,0.0,1.0,1.0,1.0,2,UCI_CKD_HCV_Synthetic_Doc
rbc,5.12,millions/uL,Invalid,0.886,0.483,1.0,0.0,1.0,0.0,1.0,2,UCI_CKD_HCV_Synthetic_Doc
ast,12.98,U/L,Invalid,0.211,0.257,0.0,0.0,1.0,1.0,1.0,2,UCI_CKD_HCV_Synthetic_Doc
alt,-2.5,U/L,Invalid,0.944,0.405,1.0,1.0,1.0,1.0,1.0,2,UCI_CKD_HCV_Synthetic_Doc
albumin,3.51,g/dL,Invalid,0.25,0.435,1.0,0.0,1.0,1.0,1.0,2,UCI_CKD_HCV_Synthetic_Doc
hemoglobin,13.14,g/dL,Invalid,0.131,0.34,0.0,0.0,1.0,1.0,1.0,2,UCI_CKD_HCV_Synthetic_Doc
hemoglobin,13.57,g/dL,Invalid,0.185,0.121,0.0,0.0,1.0,1.0,1.0,2,UCI_CKD_HCV_Synthetic_Doc
hemoglobin,13.83,g/dL,Invalid,0.432,0.119,0.0,0.0,1.0,1.0,1.0,2,UCI_CKD_HCV_Synthetic_Doc
wbc,4743.79,/uL,Invalid,0.177,0.344,0.0,0.0,1.0,1.0,1.0,2,UCI_CKD_HCV_Synthetic_Doc
potassium,3.88,mmol/L,Invalid,0.365,0.108,0.0,0.0,1.0,1.0,1.0,2,UCI_CKD_HCV_Synthetic_Doc
rbc,88888.0,millions/uL,Invalid,0.872,0.145,1.0,1.0,1.0,1.0,1.0,2,UCI_CKD_HCV_Synthetic_Doc
ast,42.87,U/L,Invalid,0.918,0.329,1.0,1.0,1.0,1.0,1.0,2,UCI_CKD_HCV_Synthetic_Doc
albumin,4.91,g/dL,Invalid,0.337,0.406,0.0,0.0,1.0,1.0,1.0,2,UCI_CKD_HCV_Synthetic_Doc
potassium,4.5,mmol/L,Invalid,0.267,0.221,0.0,0.0,1.0,1.0,1.0,2,UCI_CKD_HCV_Synthetic_Doc
sodium,147.04,mmol/L,Invalid,0.809,0.311,1.0,0.0,1.0,0.0,1.0,2,UCI_CKD_HCV_Synthetic_Doc
alt,33.26,U/L,Invalid,0.758,0.203,1.0,0.0,1.0,0.0,1.0,2,UCI_CKD_HCV_Synthetic_Doc
bilirubin,0.96,mg/dL,Invalid,0.947,0.38,1.0,0.0,1.0,0.0,1.0,2,UCI_CKD_HCV_Synthetic_Doc
potassium,4.31,mmol/L,Invalid,0.254,0.207,0.0,0.0,1.0,1.0,1.0,2,UCI_CKD_HCV_Synthetic_Doc
albumin,3.83,g/dL,Invalid,0.298,0.216,1.0,0.0,1.0,1.0,1.0,2,UCI_CKD_HCV_Synthetic_Doc
hemoglobin,14.73,g/dL,Invalid,0.918,0.465,1.0,1.0,1.0,1.0,1.0,2,UCI_CKD_HCV_Synthetic_Doc
wbc,2858.6,/uL,Invalid,0.907,0.139,1.0,0.0,1.0,0.0,1.0,2,UCI_CKD_HCV_Synthetic_Doc
rbc,4.81,millions/uL,Invalid,0.945,0.325,1.0,1.0,1.0,1.0,1.0,2,UCI_CKD_HCV_Synthetic_Doc
rbc,5.0,millions/uL,Invalid,0.361,0.23,1.0,0.0,1.0,1.0,1.0,2,UCI_CKD_HCV_Synthetic_Doc
hemoglobin,-2.5,g/dL,Invalid,0.708,0.212,1.0,1.0,1.0,1.0,1.0,2,UCI_CKD_HCV_Synthetic_Doc
hemoglobin,12.46,g/dL,Invalid,0.125,0.412,1.0,0.0,1.0,1.0,1.0,2,UCI_CKD_HCV_Synthetic_Doc
bilirubin,0.63,mg/dL,Invalid,0.477,0.398,0.0,0.0,1.0,1.0,1.0,2,UCI_CKD_HCV_Synthetic_Doc
creatinine,1.59,mg/dL,Invalid,0.138,0.165,0.0,0.0,1.0,1.0,1.0,2,UCI_CKD_HCV_Synthetic_Doc
bilirubin,0.44,mg/dL,Invalid,0.781,0.277,1.0,1.0,1.0,1.0,1.0,2,UCI_CKD_HCV_Synthetic_Doc
glucose,85.18,mg/dL,Invalid,0.282,0.391,1.0,0.0,1.0,1.0,1.0,2,UCI_CKD_HCV_Synthetic_Doc
glucose,136.06,mg/dL,Invalid,0.797,0.274,1.0,0.0,1.0,0.0,1.0,2,UCI_CKD_HCV_Synthetic_Doc
wbc,-1.0,/uL,Invalid,0.869,0.289,1.0,1.0,1.0,1.0,1.0,2,UCI_CKD_HCV_Synthetic_Doc
ast,-1.0,U/L,Invalid,0.747,0.215,1.0,1.0,1.0,1.0,1.0,2,UCI_CKD_HCV_Synthetic_Doc
glucose,84.82,mg/dL,Invalid,0.414,0.246,0.0,0.0,1.0,1.0,1.0,2,UCI_CKD_HCV_Synthetic_Doc
wbc,6070.39,/uL,Invalid,0.844,0.386,1.0,0.0,1.0,0.0,1.0,2,UCI_CKD_HCV_Synthetic_Doc
sodium,-1.0,mmol/L,Invalid,0.934,0.34,1.0,1.0,1.0,1.0,1.0,2,UCI_CKD_HCV_Synthetic_Doc
potassium,4.18,mmol/L,Invalid,0.36,0.111,1.0,0.0,1.0,1.0,1.0,2,UCI_CKD_HCV_Synthetic_Doc
wbc,5239.91,/uL,Invalid,0.871,0.119,1.0,1.0,1.0,1.0,1.0,2,UCI_CKD_HCV_Synthetic_Doc
ast,15.86,U/L,Invalid,0.716,0.404,1.0,1.0,1.0,1.0,1.0,2,UCI_CKD_HCV_Synthetic_Doc
rbc,4.72,millions/uL,Invalid,0.748,0.339,1.0,1.0,1.0,1.0,1.0,2,UCI_CKD_HCV_Synthetic_Doc
rbc,88888.0,millions/uL,Invalid,0.792,0.423,1.0,1.0,1.0,1.0,1.0,2,UCI_CKD_HCV_Synthetic_Doc
bilirubin,0.86,mg/dL,Invalid,0.892,0.318,1.0,0.0,1.0,0.0,1.0,2,UCI_CKD_HCV_Synthetic_Doc
sodium,139.47,mmol/L,Invalid,0.723,0.471,1.0,0.0,1.0,0.0,1.0,2,UCI_CKD_HCV_Synthetic_Doc
wbc,8954.84,/uL,Invalid,0.284,0.243,0.0,0.0,1.0,1.0,1.0,2,UCI_CKD_HCV_Synthetic_Doc
bilirubin,0.71,mg/dL,Invalid,0.073,0.332,1.0,0.0,1.0,1.0,1.0,2,UCI_CKD_HCV_Synthetic_Doc
creatinine,0.97,mg/dL,Invalid,0.142,0.441,0.0,0.0,1.0,1.0,1.0,2,UCI_CKD_HCV_Synthetic_Doc
bilirubin,88888.0,mg/dL,Invalid,0.777,0.339,1.0,1.0,1.0,1.0,1.0,2,UCI_CKD_HCV_Synthetic_Doc
glucose,69.01,mg/dL,Invalid,0.119,0.404,1.0,0.0,1.0,1.0,1.0,2,UCI_CKD_HCV_Synthetic_Doc
creatinine,1.47,mg/dL,Invalid,0.756,0.176,1.0,0.0,1.0,0.0,1.0,2,UCI_CKD_HCV_Synthetic_Doc
potassium,4.41,mmol/L,Invalid,0.112,0.18,0.0,0.0,1.0,1.0,1.0,2,UCI_CKD_HCV_Synthetic_Doc
ast,22.4,U/L,Invalid,0.066,0.412,0.0,0.0,1.0,1.0,1.0,2,UCI_CKD_HCV_Synthetic_Doc
wbc,6333.67,/uL,Invalid,0.974,0.303,1.0,0.0,1.0,0.0,1.0,2,UCI_CKD_HCV_Synthetic_Doc
ast,24.93,U/L,Invalid,0.168,0.392,0.0,0.0,1.0,1.0,1.0,2,UCI_CKD_HCV_Synthetic_Doc
wbc,12539.04,/uL,Invalid,0.075,0.349,1.0,0.0,1.0,1.0,1.0,2,UCI_CKD_HCV_Synthetic_Doc
alt,30.34,U/L,Invalid,0.835,0.226,1.0,1.0,1.0,1.0,1.0,2,UCI_CKD_HCV_Synthetic_Doc
ast,34.07,U/L,Invalid,0.178,0.331,0.0,0.0,1.0,1.0,1.0,2,UCI_CKD_HCV_Synthetic_Doc
creatinine,1.19,mg/dL,Invalid,0.112,0.315,0.0,0.0,1.0,1.0,1.0,2,UCI_CKD_HCV_Synthetic_Doc
hemoglobin,8.06,g/dL,Invalid,0.379,0.06,1.0,0.0,1.0,1.0,1.0,2,UCI_CKD_HCV_Synthetic_Doc
ast,23.75,U/L,Invalid,0.23,0.179,1.0,0.0,1.0,1.0,1.0,2,UCI_CKD_HCV_Synthetic_Doc
glucose,74.98,mg/dL,Invalid,0.133,0.166,1.0,0.0,1.0,1.0,1.0,2,UCI_CKD_HCV_Synthetic_Doc
potassium,-15.0,mmol/L,Invalid,0.968,0.275,1.0,1.0,1.0,1.0,1.0,2,UCI_CKD_HCV_Synthetic_Doc
albumin,5.33,g/dL,Invalid,0.262,0.31,0.0,0.0,1.0,1.0,1.0,2,UCI_CKD_HCV_Synthetic_Doc
wbc,6796.21,/uL,Invalid,0.175,0.1,1.0,0.0,1.0,1.0,1.0,2,UCI_CKD_HCV_Synthetic_Doc
creatinine,0.66,mg/dL,Invalid,0.846,0.474,1.0,1.0,1.0,1.0,1.0,2,UCI_CKD_HCV_Synthetic_Doc
glucose,132.98,mg/dL,Invalid,0.864,0.17,1.0,0.0,1.0,0.0,1.0,2,UCI_CKD_HCV_Synthetic_Doc
albumin,4.26,g/dL,Invalid,0.804,0.444,1.0,0.0,1.0,0.0,1.0,2,UCI_CKD_HCV_Synthetic_Doc
potassium,4.16,mmol/L,Invalid,0.285,0.138,1.0,0.0,1.0,1.0,1.0,2,UCI_CKD_HCV_Synthetic_Doc
hemoglobin,14.6,g/dL,Invalid,0.97,0.41,1.0,1.0,1.0,1.0,1.0,2,UCI_CKD_HCV_Synthetic_Doc
creatinine,0.86,mg/dL,Invalid,0.728,0.155,1.0,1.0,1.0,1.0,1.0,2,UCI_CKD_HCV_Synthetic_Doc
creatinine,0.92,mg/dL,Invalid,0.836,0.379,1.0,1.0,1.0,1.0,1.0,2,UCI_CKD_HCV_Synthetic_Doc
wbc,9561.88,/uL,Invalid,0.795,0.23,1.0,1.0,1.0,1.0,1.0,2,UCI_CKD_HCV_Synthetic_Doc
albumin,4.1,g/dL,Invalid,0.867,0.437,1.0,1.0,1.0,1.0,1.0,2,UCI_CKD_HCV_Synthetic_Doc
bilirubin,0.96,mg/dL,Invalid,0.971,0.316,1.0,1.0,1.0,1.0,1.0,2,UCI_CKD_HCV_Synthetic_Doc
potassium,4.5,mmol/L,Invalid,0.935,0.195,1.0,1.0,1.0,1.0,1.0,2,UCI_CKD_HCV_Synthetic_Doc
glucose,95.25,mg/dL,Invalid,0.819,0.183,1.0,0.0,1.0,0.0,1.0,2,UCI_CKD_HCV_Synthetic_Doc
urea,19.67,mg/dL,Invalid,0.273,0.322,1.0,0.0,1.0,1.0,1.0,2,UCI_CKD_HCV_Synthetic_Doc
bilirubin,88888.0,mg/dL,Invalid,0.901,0.232,1.0,1.0,1.0,1.0,1.0,2,UCI_CKD_HCV_Synthetic_Doc
wbc,7102.86,/uL,Invalid,0.173,0.166,0.0,0.0,1.0,1.0,1.0,2,UCI_CKD_HCV_Synthetic_Doc
rbc,88888.0,millions/uL,Invalid,0.861,0.306,1.0,1.0,1.0,1.0,1.0,2,UCI_CKD_HCV_Synthetic_Doc
bilirubin,1.07,mg/dL,Invalid,0.733,0.112,1.0,0.0,1.0,0.0,1.0,2,UCI_CKD_HCV_Synthetic_Doc
rbc,4.19,millions/uL,Invalid,0.295,0.28,1.0,0.0,1.0,1.0,1.0,2,UCI_CKD_HCV_Synthetic_Doc
alt,23.19,U/L,Invalid,0.152,0.124,0.0,0.0,1.0,1.0,1.0,2,UCI_CKD_HCV_Synthetic_Doc
glucose,103.23,mg/dL,Invalid,0.322,0.163,0.0,0.0,1.0,1.0,1.0,2,UCI_CKD_HCV_Synthetic_Doc
hemoglobin,11.66,g/dL,Invalid,0.748,0.459,1.0,0.0,1.0,0.0,1.0,2,UCI_CKD_HCV_Synthetic_Doc
albumin,4.09,g/dL,Invalid,0.702,0.469,1.0,0.0,1.0,0.0,1.0,2,UCI_CKD_HCV_Synthetic_Doc
hemoglobin,14.73,g/dL,Invalid,0.408,0.098,1.0,0.0,1.0,1.0,1.0,2,UCI_CKD_HCV_Synthetic_Doc
creatinine,2.07,mg/dL,Invalid,0.399,0.133,1.0,0.0,1.0,1.0,1.0,2,UCI_CKD_HCV_Synthetic_Doc
potassium,3.87,mmol/L,Invalid,0.751,0.163,1.0,0.0,1.0,0.0,1.0,2,UCI_CKD_HCV_Synthetic_Doc
alt,15.87,U/L,Invalid,0.937,0.349,1.0,0.0,1.0,0.0,1.0,2,UCI_CKD_HCV_Synthetic_Doc
ast,35.99,U/L,Invalid,0.423,0.46,1.0,0.0,1.0,1.0,1.0,2,UCI_CKD_HCV_Synthetic_Doc
hemoglobin,12.7,g/dL,Invalid,0.732,0.445,1.0,1.0,1.0,1.0,1.0,2,UCI_CKD_HCV_Synthetic_Doc
albumin,3.43,g/dL,Invalid,0.784,0.285,1.0,1.0,1.0,1.0,1.0,2,UCI_CKD_HCV_Synthetic_Doc
sodium,88888.0,mmol/L,Invalid,0.82,0.278,1.0,1.0,1.0,1.0,1.0,2,UCI_CKD_HCV_Synthetic_Doc
hemoglobin,-1.0,g/dL,Invalid,0.955,0.427,1.0,1.0,1.0,1.0,1.0,2,UCI_CKD_HCV_Synthetic_Doc
creatinine,9999.0,mg/dL,Invalid,0.792,0.462,1.0,1.0,1.0,1.0,1.0,2,UCI_CKD_HCV_Synthetic_Doc
ast,28.61,U/L,Invalid,0.808,0.375,1.0,1.0,1.0,1.0,1.0,2,UCI_CKD_HCV_Synthetic_Doc
wbc,3948.1,/uL,Invalid,0.354,0.469,1.0,0.0,1.0,1.0,1.0,2,UCI_CKD_HCV_Synthetic_Doc
alt,45.07,U/L,Invalid,0.807,0.134,1.0,1.0,1.0,1.0,1.0,2,UCI_CKD_HCV_Synthetic_Doc
bilirubin,0.87,mg/dL,Invalid,0.093,0.468,0.0,0.0,1.0,1.0,1.0,2,UCI_CKD_HCV_Synthetic_Doc
urea,4.01,mg/dL,Invalid,0.964,0.427,1.0,1.0,1.0,1.0,1.0,2,UCI_CKD_HCV_Synthetic_Doc
rbc,4.76,millions/uL,Invalid,0.701,0.189,1.0,1.0,1.0,1.0,1.0,2,UCI_CKD_HCV_Synthetic_Doc
glucose,62.89,mg/dL,Invalid,0.812,0.371,1.0,1.0,1.0,1.0,1.0,2,UCI_CKD_HCV_Synthetic_Doc
rbc,4.53,millions/uL,Invalid,0.136,0.383,1.0,0.0,1.0,1.0,1.0,2,UCI_CKD_HCV_Synthetic_Doc
potassium,-1.0,mmol/L,Invalid,0.749,0.455,1.0,1.0,1.0,1.0,1.0,2,UCI_CKD_HCV_Synthetic_Doc
creatinine,0.73,mg/dL,Invalid,0.294,0.384,0.0,0.0,1.0,1.0,1.0,2,UCI_CKD_HCV_Synthetic_Doc
hemoglobin,13.0,g/dL,Invalid,0.883,0.18,1.0,1.0,1.0,1.0,1.0,2,UCI_CKD_HCV_Synthetic_Doc
potassium,4.24,mmol/L,Invalid,0.748,0.109,1.0,0.0,1.0,0.0,1.0,2,UCI_CKD_HCV_Synthetic_Doc
urea,19.04,mg/dL,Invalid,0.128,0.314,1.0,0.0,1.0,1.0,1.0,2,UCI_CKD_HCV_Synthetic_Doc
urea,18.39,mg/dL,Invalid,0.456,0.383,0.0,0.0,1.0,1.0,1.0,2,UCI_CKD_HCV_Synthetic_Doc
sodium,88888.0,mmol/L,Invalid,0.701,0.418,1.0,1.0,1.0,1.0,1.0,2,UCI_CKD_HCV_Synthetic_Doc
ast,27.01,U/L,Invalid,0.88,0.203,1.0,1.0,1.0,1.0,1.0,2,UCI_CKD_HCV_Synthetic_Doc
sodium,135.21,mmol/L,Invalid,0.714,0.224,1.0,0.0,1.0,0.0,1.0,2,UCI_CKD_HCV_Synthetic_Doc
potassium,4.33,mmol/L,Invalid,0.822,0.308,1.0,1.0,1.0,1.0,1.0,2,UCI_CKD_HCV_Synthetic_Doc
glucose,61.94,mg/dL,Invalid,0.366,0.186,0.0,0.0,1.0,1.0,1.0,2,UCI_CKD_HCV_Synthetic_Doc
alt,4.7,U/L,Invalid,0.713,0.136,1.0,0.0,1.0,0.0,1.0,2,UCI_CKD_HCV_Synthetic_Doc
creatinine,0.73,mg/dL,Invalid,0.719,0.231,1.0,1.0,1.0,1.0,1.0,2,UCI_CKD_HCV_Synthetic_Doc
creatinine,1.05,mg/dL,Invalid,0.802,0.219,1.0,0.0,1.0,0.0,1.0,2,UCI_CKD_HCV_Synthetic_Doc
rbc,4.78,millions/uL,Invalid,0.478,0.431,0.0,0.0,1.0,1.0,1.0,2,UCI_CKD_HCV_Synthetic_Doc
urea,-15.0,mg/dL,Invalid,0.84,0.299,1.0,1.0,1.0,1.0,1.0,2,UCI_CKD_HCV_Synthetic_Doc
albumin,3.94,g/dL,Invalid,0.742,0.428,1.0,0.0,1.0,0.0,1.0,2,UCI_CKD_HCV_Synthetic_Doc
hemoglobin,14.54,g/dL,Invalid,0.836,0.131,1.0,1.0,1.0,1.0,1.0,2,UCI_CKD_HCV_Synthetic_Doc
wbc,6640.99,/uL,Invalid,0.377,0.349,1.0,0.0,1.0,1.0,1.0,2,UCI_CKD_HCV_Synthetic_Doc
alt,28.01,U/L,Invalid,0.815,0.191,1.0,1.0,1.0,1.0,1.0,2,UCI_CKD_HCV_Synthetic_Doc
glucose,99.49,mg/dL,Invalid,0.713,0.205,1.0,1.0,1.0,1.0,1.0,2,UCI_CKD_HCV_Synthetic_Doc
urea,37.3,mg/dL,Invalid,0.973,0.371,1.0,1.0,1.0,1.0,1.0,2,UCI_CKD_HCV_Synthetic_Doc
creatinine,-15.0,mg/dL,Invalid,0.812,0.104,1.0,1.0,1.0,1.0,1.0,2,UCI_CKD_HCV_Synthetic_Doc
alt,48.92,U/L,Invalid,0.842,0.206,1.0,0.0,1.0,0.0,1.0,2,UCI_CKD_HCV_Synthetic_Doc
bilirubin,0.51,mg/dL,Invalid,0.774,0.182,1.0,0.0,1.0,0.0,1.0,2,UCI_CKD_HCV_Synthetic_Doc
rbc,4.31,millions/uL,Invalid,0.863,0.38,1.0,1.0,1.0,1.0,1.0,2,UCI_CKD_HCV_Synthetic_Doc
glucose,123.96,mg/dL,Invalid,0.968,0.388,1.0,0.0,1.0,0.0,1.0,2,UCI_CKD_HCV_Synthetic_Doc
rbc,4.22,millions/uL,Invalid,0.789,0.378,1.0,1.0,1.0,1.0,1.0,2,UCI_CKD_HCV_Synthetic_Doc
potassium,3.94,mmol/L,Invalid,0.939,0.264,1.0,1.0,1.0,1.0,1.0,2,UCI_CKD_HCV_Synthetic_Doc
wbc,7841.11,/uL,Invalid,0.461,0.317,0.0,0.0,1.0,1.0,1.0,2,UCI_CKD_HCV_Synthetic_Doc
bilirubin,0.62,mg/dL,Invalid,0.965,0.273,1.0,0.0,1.0,0.0,1.0,2,UCI_CKD_HCV_Synthetic_Doc
glucose,99.54,mg/dL,Invalid,0.935,0.248,1.0,1.0,1.0,1.0,1.0,2,UCI_CKD_HCV_Synthetic_Doc
potassium,3.94,mmol/L,Invalid,0.342,0.353,0.0,0.0,1.0,1.0,1.0,2,UCI_CKD_HCV_Synthetic_Doc
creatinine,0.69,mg/dL,Invalid,0.25,0.169,0.0,0.0,1.0,1.0,1.0,2,UCI_CKD_HCV_Synthetic_Doc
hemoglobin,11.76,g/dL,Invalid,0.13,0.279,0.0,0.0,1.0,1.0,1.0,2,UCI_CKD_HCV_Synthetic_Doc
hemoglobin,-1.0,g/dL,Invalid,0.905,0.287,1.0,1.0,1.0,1.0,1.0,2,UCI_CKD_HCV_Synthetic_Doc
sodium,139.0,mmol/L,Invalid,0.825,0.323,1.0,1.0,1.0,1.0,1.0,2,UCI_CKD_HCV_Synthetic_Doc
hemoglobin,13.48,g/dL,Invalid,0.969,0.227,1.0,1.0,1.0,1.0,1.0,2,UCI_CKD_HCV_Synthetic_Doc
albumin,3.87,g/dL,Invalid,0.817,0.437,1.0,0.0,1.0,0.0,1.0,2,UCI_CKD_HCV_Synthetic_Doc
potassium,3.98,mmol/L,Invalid,0.408,0.239,0.0,0.0,1.0,1.0,1.0,2,UCI_CKD_HCV_Synthetic_Doc
ast,9999.0,U/L,Invalid,0.855,0.484,1.0,1.0,1.0,1.0,1.0,2,UCI_CKD_HCV_Synthetic_Doc
urea,9999.0,mg/dL,Invalid,0.939,0.202,1.0,1.0,1.0,1.0,1.0,2,UCI_CKD_HCV_Synthetic_Doc
creatinine,-2.5,mg/dL,Invalid,0.944,0.19,1.0,1.0,1.0,1.0,1.0,2,UCI_CKD_HCV_Synthetic_Doc
urea,2.0,mg/dL,Invalid,0.951,0.113,1.0,0.0,1.0,0.0,1.0,2,UCI_CKD_HCV_Synthetic_Doc
bilirubin,0.63,mg/dL,Invalid,0.32,0.101,0.0,0.0,1.0,1.0,1.0,2,UCI_CKD_HCV_Synthetic_Doc
albumin,4.94,g/dL,Invalid,0.15,0.434,0.0,0.0,1.0,1.0,1.0,2,UCI_CKD_HCV_Synthetic_Doc
sodium,9999.0,mmol/L,Invalid,0.914,0.417,1.0,1.0,1.0,1.0,1.0,2,UCI_CKD_HCV_Synthetic_Doc
urea,20.82,mg/dL,Invalid,0.944,0.241,1.0,1.0,1.0,1.0,1.0,2,UCI_CKD_HCV_Synthetic_Doc
rbc,4.94,millions/uL,Invalid,0.718,0.168,1.0,1.0,1.0,1.0,1.0,2,UCI_CKD_HCV_Synthetic_Doc
albumin,-15.0,g/dL,Invalid,0.702,0.4,1.0,1.0,1.0,1.0,1.0,2,UCI_CKD_HCV_Synthetic_Doc
rbc,4.94,millions/uL,Invalid,0.293,0.348,1.0,0.0,1.0,1.0,1.0,2,UCI_CKD_HCV_Synthetic_Doc
creatinine,1.17,mg/dL,Invalid,0.351,0.138,1.0,0.0,1.0,1.0,1.0,2,UCI_CKD_HCV_Synthetic_Doc
alt,23.31,U/L,Invalid,0.897,0.299,1.0,1.0,1.0,1.0,1.0,2,UCI_CKD_HCV_Synthetic_Doc
sodium,134.49,mmol/L,Invalid,0.9,0.208,1.0,0.0,1.0,0.0,1.0,2,UCI_CKD_HCV_Synthetic_Doc
urea,15.22,mg/dL,Invalid,0.138,0.156,0.0,0.0,1.0,1.0,1.0,2,UCI_CKD_HCV_Synthetic_Doc
sodium,139.73,mmol/L,Invalid,0.794,0.474,1.0,1.0,1.0,1.0,1.0,2,UCI_CKD_HCV_Synthetic_Doc
urea,-1.0,mg/dL,Invalid,0.956,0.385,1.0,1.0,1.0,1.0,1.0,2,UCI_CKD_HCV_Synthetic_Doc
ast,25.42,U/L,Invalid,0.052,0.353,0.0,0.0,1.0,1.0,1.0,2,UCI_CKD_HCV_Synthetic_Doc
rbc,5.59,millions/uL,Invalid,0.933,0.264,1.0,0.0,1.0,0.0,1.0,2,UCI_CKD_HCV_Synthetic_Doc
albumin,3.96,g/dL,Invalid,0.863,0.357,1.0,0.0,1.0,0.0,1.0,2,UCI_CKD_HCV_Synthetic_Doc
urea,13.36,mg/dL,Invalid,0.24,0.117,1.0,0.0,1.0,1.0,1.0,2,UCI_CKD_HCV_Synthetic_Doc
rbc,88888.0,millions/uL,Invalid,0.86,0.136,1.0,1.0,1.0,1.0,1.0,2,UCI_CKD_HCV_Synthetic_Doc
urea,2.0,mg/dL,Invalid,0.975,0.113,1.0,0.0,1.0,0.0,1.0,2,UCI_CKD_HCV_Synthetic_Doc
ast,55.49,U/L,Invalid,0.94,0.271,1.0,0.0,1.0,0.0,1.0,2,UCI_CKD_HCV_Synthetic_Doc
alt,29.02,U/L,Invalid,0.899,0.274,1.0,1.0,1.0,1.0,1.0,2,UCI_CKD_HCV_Synthetic_Doc
sodium,9999.0,mmol/L,Invalid,0.716,0.356,1.0,1.0,1.0,1.0,1.0,2,UCI_CKD_HCV_Synthetic_Doc
urea,16.7,mg/dL,Invalid,0.346,0.463,0.0,0.0,1.0,1.0,1.0,2,UCI_CKD_HCV_Synthetic_Doc
albumin,4.4,g/dL,Invalid,0.139,0.269,1.0,0.0,1.0,1.0,1.0,2,UCI_CKD_HCV_Synthetic_Doc
wbc,6805.72,/uL,Invalid,0.973,0.477,1.0,1.0,1.0,1.0,1.0,2,UCI_CKD_HCV_Synthetic_Doc
hemoglobin,15.94,g/dL,Invalid,0.717,0.441,1.0,0.0,1.0,0.0,1.0,2,UCI_CKD_HCV_Synthetic_Doc
glucose,120.87,mg/dL,Invalid,0.106,0.467,1.0,0.0,1.0,1.0,1.0,2,UCI_CKD_HCV_Synthetic_Doc
alt,21.4,U/L,Invalid,0.069,0.202,0.0,0.0,1.0,1.0,1.0,2,UCI_CKD_HCV_Synthetic_Doc
ast,41.99,U/L,Invalid,0.885,0.461,1.0,1.0,1.0,1.0,1.0,2,UCI_CKD_HCV_Synthetic_Doc
potassium,3.86,mmol/L,Invalid,0.797,0.451,1.0,0.0,1.0,0.0,1.0,2,UCI_CKD_HCV_Synthetic_Doc
alt,-15.0,U/L,Invalid,0.715,0.384,1.0,1.0,1.0,1.0,1.0,2,UCI_CKD_HCV_Synthetic_Doc
alt,21.36,U/L,Invalid,0.203,0.308,1.0,0.0,1.0,1.0,1.0,2,UCI_CKD_HCV_Synthetic_Doc
potassium,4.3,mmol/L,Invalid,0.148,0.246,1.0,0.0,1.0,1.0,1.0,2,UCI_CKD_HCV_Synthetic_Doc
hemoglobin,16.58,g/dL,Invalid,0.883,0.211,1.0,0.0,1.0,0.0,1.0,2,UCI_CKD_HCV_Synthetic_Doc
rbc,4.36,millions/uL,Invalid,0.979,0.139,1.0,0.0,1.0,0.0,1.0,2,UCI_CKD_HCV_Synthetic_Doc
ast,36.95,U/L,Invalid,0.456,0.123,1.0,0.0,1.0,1.0,1.0,2,UCI_CKD_HCV_Synthetic_Doc
wbc,6083.02,/uL,Invalid,0.818,0.192,1.0,0.0,1.0,0.0,1.0,2,UCI_CKD_HCV_Synthetic_Doc
albumin,9999.0,g/dL,Invalid,0.716,0.195,1.0,1.0,1.0,1.0,1.0,2,UCI_CKD_HCV_Synthetic_Doc
ast,-15.0,U/L,Invalid,0.756,0.284,1.0,1.0,1.0,1.0,1.0,2,UCI_CKD_HCV_Synthetic_Doc
creatinine,1.6,mg/dL,Invalid,0.29,0.265,0.0,0.0,1.0,1.0,1.0,2,UCI_CKD_HCV_Synthetic_Doc
glucose,69.99,mg/dL,Invalid,0.849,0.49,1.0,0.0,1.0,0.0,1.0,2,UCI_CKD_HCV_Synthetic_Doc
creatinine,0.8,mg/dL,Invalid,0.303,0.426,1.0,0.0,1.0,1.0,1.0,2,UCI_CKD_HCV_Synthetic_Doc
albumin,4.04,g/dL,Invalid,0.944,0.119,1.0,1.0,1.0,1.0,1.0,2,UCI_CKD_HCV_Synthetic_Doc
bilirubin,-2.5,mg/dL,Invalid,0.774,0.393,1.0,1.0,1.0,1.0,1.0,2,UCI_CKD_HCV_Synthetic_Doc
alt,40.02,U/L,Invalid,0.881,0.286,1.0,0.0,1.0,0.0,1.0,2,UCI_CKD_HCV_Synthetic_Doc
wbc,9974.93,/uL,Invalid,0.273,0.343,1.0,0.0,1.0,1.0,1.0,2,UCI_CKD_HCV_Synthetic_Doc
rbc,5.75,millions/uL,Invalid,0.304,0.318,0.0,0.0,1.0,1.0,1.0,2,UCI_CKD_HCV_Synthetic_Doc
hemoglobin,11.95,g/dL,Invalid,0.145,0.433,0.0,0.0,1.0,1.0,1.0,2,UCI_CKD_HCV_Synthetic_Doc
ast,48.44,U/L,Invalid,0.273,0.182,0.0,0.0,1.0,1.0,1.0,2,UCI_CKD_HCV_Synthetic_Doc
rbc,4.68,millions/uL,Invalid,0.979,0.396,1.0,1.0,1.0,1.0,1.0,2,UCI_CKD_HCV_Synthetic_Doc
sodium,138.53,mmol/L,Invalid,0.872,0.411,1.0,0.0,1.0,0.0,1.0,2,UCI_CKD_HCV_Synthetic_Doc
potassium,3.92,mmol/L,Invalid,0.895,0.288,1.0,1.0,1.0,1.0,1.0,2,UCI_CKD_HCV_Synthetic_Doc
urea,32.28,mg/dL,Invalid,0.78,0.217,1.0,0.0,1.0,0.0,1.0,2,UCI_CKD_HCV_Synthetic_Doc
potassium,3.59,mmol/L,Invalid,0.206,0.275,0.0,0.0,1.0,1.0,1.0,2,UCI_CKD_HCV_Synthetic_Doc
potassium,2.7,mmol/L,Invalid,0.782,0.469,1.0,1.0,1.0,1.0,1.0,2,UCI_CKD_HCV_Synthetic_Doc
alt,47.6,U/L,Invalid,0.433,0.471,1.0,0.0,1.0,1.0,1.0,2,UCI_CKD_HCV_Synthetic_Doc
bilirubin,0.31,mg/dL,Invalid,0.734,0.406,1.0,0.0,1.0,0.0,1.0,2,UCI_CKD_HCV_Synthetic_Doc
creatinine,1.11,mg/dL,Invalid,0.724,0.223,1.0,0.0,1.0,0.0,1.0,2,UCI_CKD_HCV_Synthetic_Doc
potassium,88888.0,mmol/L,Invalid,0.965,0.186,1.0,1.0,1.0,1.0,1.0,2,UCI_CKD_HCV_Synthetic_Doc
alt,-2.5,U/L,Invalid,0.752,0.408,1.0,1.0,1.0,1.0,1.0,2,UCI_CKD_HCV_Synthetic_Doc
hemoglobin,11.25,g/dL,Invalid,0.944,0.164,1.0,0.0,1.0,0.0,1.0,2,UCI_CKD_HCV_Synthetic_Doc
urea,58.71,mg/dL,Invalid,0.207,0.349,0.0,0.0,1.0,1.0,1.0,2,UCI_CKD_HCV_Synthetic_Doc
rbc,5.12,millions/uL,Invalid,0.084,0.183,0.0,0.0,1.0,1.0,1.0,2,UCI_CKD_HCV_Synthetic_Doc
urea,18.62,mg/dL,Invalid,0.721,0.472,1.0,0.0,1.0,0.0,1.0,2,UCI_CKD_HCV_Synthetic_Doc
glucose,122.48,mg/dL,Invalid,0.835,0.105,1.0,1.0,1.0,1.0,1.0,2,UCI_CKD_HCV_Synthetic_Doc
sodium,135.52,mmol/L,Invalid,0.753,0.396,1.0,1.0,1.0,1.0,1.0,2,UCI_CKD_HCV_Synthetic_Doc
creatinine,0.99,mg/dL,Invalid,0.153,0.163,1.0,0.0,1.0,1.0,1.0,2,UCI_CKD_HCV_Synthetic_Doc
creatinine,1.27,mg/dL,Invalid,0.203,0.171,1.0,0.0,1.0,1.0,1.0,2,UCI_CKD_HCV_Synthetic_Doc
albumin,9999.0,g/dL,Invalid,0.908,0.406,1.0,1.0,1.0,1.0,1.0,2,UCI_CKD_HCV_Synthetic_Doc
wbc,88888.0,/uL,Invalid,0.756,0.397,1.0,1.0,1.0,1.0,1.0,2,UCI_CKD_HCV_Synthetic_Doc
rbc,4.29,millions/uL,Invalid,0.306,0.416,1.0,0.0,1.0,1.0,1.0,2,UCI_CKD_HCV_Synthetic_Doc
ast,23.3,U/L,Invalid,0.175,0.103,1.0,0.0,1.0,1.0,1.0,2,UCI_CKD_HCV_Synthetic_Doc
bilirubin,0.88,mg/dL,Invalid,0.938,0.265,1.0,0.0,1.0,0.0,1.0,2,UCI_CKD_HCV_Synthetic_Doc
ast,26.84,U/L,Invalid,0.749,0.147,1.0,1.0,1.0,1.0,1.0,2,UCI_CKD_HCV_Synthetic_Doc
sodium,132.18,mmol/L,Invalid,0.308,0.154,1.0,0.0,1.0,1.0,1.0,2,UCI_CKD_HCV_Synthetic_Doc
rbc,3.37,millions/uL,Invalid,0.978,0.368,1.0,0.0,1.0,0.0,1.0,2,UCI_CKD_HCV_Synthetic_Doc
creatinine,-15.0,mg/dL,Invalid,0.911,0.476,1.0,1.0,1.0,1.0,1.0,2,UCI_CKD_HCV_Synthetic_Doc
bilirubin,-1.0,mg/dL,Invalid,0.896,0.384,1.0,1.0,1.0,1.0,1.0,2,UCI_CKD_HCV_Synthetic_Doc
alt,27.19,U/L,Invalid,0.863,0.155,1.0,0.0,1.0,0.0,1.0,2,UCI_CKD_HCV_Synthetic_Doc
potassium,9999.0,mmol/L,Invalid,0.843,0.128,1.0,1.0,1.0,1.0,1.0,2,UCI_CKD_HCV_Synthetic_Doc
hemoglobin,12.44,g/dL,Invalid,0.956,0.394,1.0,0.0,1.0,0.0,1.0,2,UCI_CKD_HCV_Synthetic_Doc
potassium,4.66,mmol/L,Invalid,0.873,0.2,1.0,0.0,1.0,0.0,1.0,2,UCI_CKD_HCV_Synthetic_Doc
wbc,9920.33,/uL,Invalid,0.327,0.221,0.0,0.0,1.0,1.0,1.0,2,UCI_CKD_HCV_Synthetic_Doc
ast,18.39,U/L,Invalid,0.779,0.203,1.0,0.0,1.0,0.0,1.0,2,UCI_CKD_HCV_Synthetic_Doc
glucose,79.45,mg/dL,Invalid,0.336,0.388,1.0,0.0,1.0,1.0,1.0,2,UCI_CKD_HCV_Synthetic_Doc
potassium,3.93,mmol/L,Invalid,0.159,0.344,1.0,0.0,1.0,1.0,1.0,2,UCI_CKD_HCV_Synthetic_Doc
sodium,138.79,mmol/L,Invalid,0.307,0.103,1.0,0.0,1.0,1.0,1.0,2,UCI_CKD_HCV_Synthetic_Doc
urea,88888.0,mg/dL,Invalid,0.826,0.427,1.0,1.0,1.0,1.0,1.0,2,UCI_CKD_HCV_Synthetic_Doc
glucose,80.3,mg/dL,Invalid,0.713,0.37,1.0,1.0,1.0,1.0,1.0,2,UCI_CKD_HCV_Synthetic_Doc
creatinine,1.1,mg/dL,Invalid,0.909,0.285,1.0,0.0,1.0,0.0,1.0,2,UCI_CKD_HCV_Synthetic_Doc
hemoglobin,9999.0,g/dL,Invalid,0.796,0.461,1.0,1.0,1.0,1.0,1.0,2,UCI_CKD_HCV_Synthetic_Doc
urea,10.31,mg/dL,Invalid,0.408,0.114,0.0,0.0,1.0,1.0,1.0,2,UCI_CKD_HCV_Synthetic_Doc
ast,31.38,U/L,Invalid,0.895,0.182,1.0,1.0,1.0,1.0,1.0,2,UCI_CKD_HCV_Synthetic_Doc
sodium,141.22,mmol/L,Invalid,0.941,0.267,1.0,1.0,1.0,1.0,1.0,2,UCI_CKD_HCV_Synthetic_Doc
wbc,5535.67,/uL,Invalid,0.141,0.136,0.0,0.0,1.0,1.0,1.0,2,UCI_CKD_HCV_Synthetic_Doc
alt,38.27,U/L,Invalid,0.911,0.489,1.0,1.0,1.0,1.0,1.0,2,UCI_CKD_HCV_Synthetic_Doc
rbc,-15.0,millions/uL,Invalid,0.957,0.476,1.0,1.0,1.0,1.0,1.0,2,UCI_CKD_HCV_Synthetic_Doc
glucose,65.53,mg/dL,Invalid,0.387,0.241,0.0,0.0,1.0,1.0,1.0,2,UCI_CKD_HCV_Synthetic_Doc
potassium,3.49,mmol/L,Invalid,0.464,0.45,1.0,0.0,1.0,1.0,1.0,2,UCI_CKD_HCV_Synthetic_Doc
wbc,4614.73,/uL,Invalid,0.435,0.398,0.0,0.0,1.0,1.0,1.0,2,UCI_CKD_HCV_Synthetic_Doc
sodium,139.4,mmol/L,Invalid,0.793,0.334,1.0,0.0,1.0,0.0,1.0,2,UCI_CKD_HCV_Synthetic_Doc
wbc,5771.47,/uL,Invalid,0.893,0.315,1.0,1.0,1.0,1.0,1.0,2,UCI_CKD_HCV_Synthetic_Doc
albumin,4.09,g/dL,Invalid,0.885,0.152,1.0,0.0,1.0,0.0,1.0,2,UCI_CKD_HCV_Synthetic_Doc
glucose,63.5,mg/dL,Invalid,0.232,0.436,0.0,0.0,1.0,1.0,1.0,2,UCI_CKD_HCV_Synthetic_Doc
alt,29.54,U/L,Invalid,0.91,0.256,1.0,1.0,1.0,1.0,1.0,2,UCI_CKD_HCV_Synthetic_Doc
ast,31.54,U/L,Invalid,0.957,0.408,1.0,1.0,1.0,1.0,1.0,2,UCI_CKD_HCV_Synthetic_Doc
ast,18.43,U/L,Invalid,0.407,0.483,0.0,0.0,1.0,1.0,1.0,2,UCI_CKD_HCV_Synthetic_Doc
potassium,9999.0,mmol/L,Invalid,0.705,0.324,1.0,1.0,1.0,1.0,1.0,2,UCI_CKD_HCV_Synthetic_Doc
bilirubin,1.18,mg/dL,Invalid,0.777,0.42,1.0,1.0,1.0,1.0,1.0,2,UCI_CKD_HCV_Synthetic_Doc
glucose,83.1,mg/dL,Invalid,0.83,0.164,1.0,0.0,1.0,0.0,1.0,2,UCI_CKD_HCV_Synthetic_Doc
rbc,9999.0,millions/uL,Invalid,0.949,0.291,1.0,1.0,1.0,1.0,1.0,2,UCI_CKD_HCV_Synthetic_Doc
potassium,-2.5,mmol/L,Invalid,0.704,0.26,1.0,1.0,1.0,1.0,1.0,2,UCI_CKD_HCV_Synthetic_Doc
creatinine,9999.0,mg/dL,Invalid,0.925,0.315,1.0,1.0,1.0,1.0,1.0,2,UCI_CKD_HCV_Synthetic_Doc
glucose,65.57,mg/dL,Invalid,0.146,0.414,1.0,0.0,1.0,1.0,1.0,2,UCI_CKD_HCV_Synthetic_Doc
alt,-2.5,U/L,Invalid,0.97,0.484,1.0,1.0,1.0,1.0,1.0,2,UCI_CKD_HCV_Synthetic_Doc
glucose,118.47,mg/dL,Invalid,0.242,0.155,1.0,0.0,1.0,1.0,1.0,2,UCI_CKD_HCV_Synthetic_Doc
bilirubin,0.84,mg/dL,Invalid,0.45,0.235,0.0,0.0,1.0,1.0,1.0,2,UCI_CKD_HCV_Synthetic_Doc
urea,88888.0,mg/dL,Invalid,0.824,0.227,1.0,1.0,1.0,1.0,1.0,2,UCI_CKD_HCV_Synthetic_Doc
creatinine,1.7,mg/dL,Invalid,0.827,0.173,1.0,0.0,1.0,0.0,1.0,2,UCI_CKD_HCV_Synthetic_Doc
hemoglobin,13.57,g/dL,Invalid,0.231,0.253,0.0,0.0,1.0,1.0,1.0,2,UCI_CKD_HCV_Synthetic_Doc
bilirubin,0.69,mg/dL,Invalid,0.352,0.467,1.0,0.0,1.0,1.0,1.0,2,UCI_CKD_HCV_Synthetic_Doc
sodium,132.09,mmol/L,Invalid,0.198,0.362,1.0,0.0,1.0,1.0,1.0,2,UCI_CKD_HCV_Synthetic_Doc
albumin,3.58,g/dL,Invalid,0.13,0.35,0.0,0.0,1.0,1.0,1.0,2,UCI_CKD_HCV_Synthetic_Doc
alt,0.0,U/L,Invalid,0.069,0.372,1.0,0.0,1.0,1.0,1.0,2,UCI_CKD_HCV_Synthetic_Doc
potassium,3.96,mmol/L,Invalid,0.111,0.168,0.0,0.0,1.0,1.0,1.0,2,UCI_CKD_HCV_Synthetic_Doc
glucose,67.21,mg/dL,Invalid,0.247,0.201,0.0,0.0,1.0,1.0,1.0,2,UCI_CKD_HCV_Synthetic_Doc
alt,25.56,U/L,Invalid,0.228,0.111,0.0,0.0,1.0,1.0,1.0,2,UCI_CKD_HCV_Synthetic_Doc
creatinine,0.58,mg/dL,Invalid,0.892,0.124,1.0,1.0,1.0,1.0,1.0,2,UCI_CKD_HCV_Synthetic_Doc
hemoglobin,15.73,g/dL,Invalid,0.85,0.375,1.0,0.0,1.0,0.0,1.0,2,UCI_CKD_HCV_Synthetic_Doc
wbc,-2.5,/uL,Invalid,0.83,0.213,1.0,1.0,1.0,1.0,1.0,2,UCI_CKD_HCV_Synthetic_Doc
bilirubin,0.86,mg/dL,Invalid,0.747,0.26,1.0,0.0,1.0,0.0,1.0,2,UCI_CKD_HCV_Synthetic_Doc
hemoglobin,15.55,g/dL,Invalid,0.726,0.142,1.0,1.0,1.0,1.0,1.0,2,UCI_CKD_HCV_Synthetic_Doc
urea,34.54,mg/dL,Invalid,0.832,0.294,1.0,0.0,1.0,0.0,1.0,2,UCI_CKD_HCV_Synthetic_Doc
wbc,88888.0,/uL,Invalid,0.957,0.402,1.0,1.0,1.0,1.0,1.0,2,UCI_CKD_HCV_Synthetic_Doc
ast,29.92,U/L,Invalid,0.739,0.184,1.0,0.0,1.0,0.0,1.0,2,UCI_CKD_HCV_Synthetic_Doc
sodium,138.36,mmol/L,Invalid,0.426,0.223,0.0,0.0,1.0,1.0,1.0,2,UCI_CKD_HCV_Synthetic_Doc
potassium,4.06,mmol/L,Invalid,0.177,0.32,1.0,0.0,1.0,1.0,1.0,2,UCI_CKD_HCV_Synthetic_Doc
wbc,88888.0,/uL,Invalid,0.743,0.135,1.0,1.0,1.0,1.0,1.0,2,UCI_CKD_HCV_Synthetic_Doc
creatinine,0.87,mg/dL,Invalid,0.432,0.283,0.0,0.0,1.0,1.0,1.0,2,UCI_CKD_HCV_Synthetic_Doc
ast,9.85,U/L,Invalid,0.897,0.258,1.0,1.0,1.0,1.0,1.0,2,UCI_CKD_HCV_Synthetic_Doc
albumin,3.81,g/dL,Invalid,0.945,0.208,1.0,1.0,1.0,1.0,1.0,2,UCI_CKD_HCV_Synthetic_Doc
wbc,6550.13,/uL,Invalid,0.976,0.374,1.0,0.0,1.0,0.0,1.0,2,UCI_CKD_HCV_Synthetic_Doc
creatinine,0.74,mg/dL,Invalid,0.868,0.441,1.0,0.0,1.0,0.0,1.0,2,UCI_CKD_HCV_Synthetic_Doc
urea,46.92,mg/dL,Invalid,0.866,0.325,1.0,1.0,1.0,1.0,1.0,2,UCI_CKD_HCV_Synthetic_Doc
alt,37.44,U/L,Invalid,0.863,0.397,1.0,1.0,1.0,1.0,1.0,2,UCI_CKD_HCV_Synthetic_Doc
hemoglobin,10.6,g/dL,Invalid,0.768,0.444,1.0,1.0,1.0,1.0,1.0,2,UCI_CKD_HCV_Synthetic_Doc
bilirubin,0.75,mg/dL,Invalid,0.233,0.478,1.0,0.0,1.0,1.0,1.0,2,UCI_CKD_HCV_Synthetic_Doc
potassium,4.17,mmol/L,Invalid,0.956,0.419,1.0,0.0,1.0,0.0,1.0,2,UCI_CKD_HCV_Synthetic_Doc
hemoglobin,15.83,g/dL,Invalid,0.091,0.098,1.0,0.0,1.0,1.0,1.0,2,UCI_CKD_HCV_Synthetic_Doc
wbc,8572.02,/uL,Invalid,0.717,0.47,1.0,1.0,1.0,1.0,1.0,2,UCI_CKD_HCV_Synthetic_Doc
glucose,-1.0,mg/dL,Invalid,0.748,0.295,1.0,1.0,1.0,1.0,1.0,2,UCI_CKD_HCV_Synthetic_Doc
albumin,-2.5,g/dL,Invalid,0.859,0.291,1.0,1.0,1.0,1.0,1.0,2,UCI_CKD_HCV_Synthetic_Doc
hemoglobin,12.35,g/dL,Invalid,0.337,0.243,1.0,0.0,1.0,1.0,1.0,2,UCI_CKD_HCV_Synthetic_Doc
bilirubin,0.58,mg/dL,Invalid,0.761,0.105,1.0,0.0,1.0,0.0,1.0,2,UCI_CKD_HCV_Synthetic_Doc
potassium,-2.5,mmol/L,Invalid,0.849,0.395,1.0,1.0,1.0,1.0,1.0,2,UCI_CKD_HCV_Synthetic_Doc
glucose,-1.0,mg/dL,Invalid,0.883,0.269,1.0,1.0,1.0,1.0,1.0,2,UCI_CKD_HCV_Synthetic_Doc
bilirubin,0.74,mg/dL,Invalid,0.767,0.18,1.0,0.0,1.0,0.0,1.0,2,UCI_CKD_HCV_Synthetic_Doc
rbc,9999.0,millions/uL,Invalid,0.893,0.403,1.0,1.0,1.0,1.0,1.0,2,UCI_CKD_HCV_Synthetic_Doc
glucose,67.0,mg/dL,Invalid,0.212,0.398,1.0,0.0,1.0,1.0,1.0,2,UCI_CKD_HCV_Synthetic_Doc
alt,37.58,U/L,Invalid,0.937,0.148,1.0,1.0,1.0,1.0,1.0,2,UCI_CKD_HCV_Synthetic_Doc
bilirubin,0.68,mg/dL,Invalid,0.732,0.152,1.0,1.0,1.0,1.0,1.0,2,UCI_CKD_HCV_Synthetic_Doc
sodium,88888.0,mmol/L,Invalid,0.975,0.278,1.0,1.0,1.0,1.0,1.0,2,UCI_CKD_HCV_Synthetic_Doc
wbc,7570.59,/uL,Invalid,0.864,0.364,1.0,0.0,1.0,0.0,1.0,2,UCI_CKD_HCV_Synthetic_Doc
